[2025-06-10 10:49:00] App::parseUrl - Parsed URL from REQUEST_URI: Array
(
    [0] => presentation
    [1] => import
    [2] => 25
)

[2025-06-10 10:49:00] App::parseUrl - Final URL segments: Array
(
    [0] => presentation
    [1] => import
    [2] => 25
)

[2025-06-10 10:49:00] App::__construct - REQUEST_URI: /WEB_project_presentation_generator/public/presentation/import/25
[2025-06-10 10:49:00] App::__construct - REQUEST_METHOD: POST
[2025-06-10 10:49:00] App::__construct - SCRIPT_NAME: /WEB_project_presentation_generator/public/index.php
[2025-06-10 10:49:00] App::__construct - PHP_SELF: /WEB_project_presentation_generator/public/index.php
[2025-06-10 10:49:00] App::__construct - Selected controller: PresentationController
[2025-06-10 10:49:00] App::__construct - Selected method: import
[2025-06-10 10:49:00] App::__construct - Parameters: Array
(
    [0] => 25
)

[2025-06-10 10:49:00] App::__construct - Calling controller method with parameters
[2025-06-10 10:49:00] App::parseUrl - Parsed URL from REQUEST_URI: Array
(
    [0] => presentation
    [1] => viewPresentation
    [2] => 93
)

[2025-06-10 10:49:00] App::parseUrl - Final URL segments: Array
(
    [0] => presentation
    [1] => viewPresentation
    [2] => 93
)

[2025-06-10 10:49:00] App::__construct - REQUEST_URI: /WEB_project_presentation_generator/public/presentation/viewPresentation/93
[2025-06-10 10:49:00] App::__construct - REQUEST_METHOD: GET
[2025-06-10 10:49:00] App::__construct - SCRIPT_NAME: /WEB_project_presentation_generator/public/index.php
[2025-06-10 10:49:00] App::__construct - PHP_SELF: /WEB_project_presentation_generator/public/index.php
[2025-06-10 10:49:00] App::__construct - Selected controller: PresentationController
[2025-06-10 10:49:00] App::__construct - Selected method: viewPresentation
[2025-06-10 10:49:00] App::__construct - Parameters: Array
(
    [0] => 93
)

[2025-06-10 10:49:00] App::__construct - Calling controller method with parameters
[2025-06-10 10:51:57] App::parseUrl - Parsed URL from REQUEST_URI: Array
(
    [0] => dashboard
)

[2025-06-10 10:51:57] App::parseUrl - Final URL segments: Array
(
    [0] => dashboard
)

[2025-06-10 10:51:57] App::__construct - REQUEST_URI: /WEB_project_presentation_generator/public/dashboard
[2025-06-10 10:51:57] App::__construct - REQUEST_METHOD: GET
[2025-06-10 10:51:57] App::__construct - SCRIPT_NAME: /WEB_project_presentation_generator/public/index.php
[2025-06-10 10:51:57] App::__construct - PHP_SELF: /WEB_project_presentation_generator/public/index.php
[2025-06-10 10:51:57] App::__construct - Selected controller: DashboardController
[2025-06-10 10:51:57] App::__construct - Parameters: Array
(
)

[2025-06-10 10:51:57] App::__construct - Calling controller method with parameters
[2025-06-10 10:51:58] App::parseUrl - Parsed URL from REQUEST_URI: Array
(
    [0] => dashboard
    [1] => viewWorkspace
    [2] => 25
)

[2025-06-10 10:51:58] App::parseUrl - Final URL segments: Array
(
    [0] => dashboard
    [1] => viewWorkspace
    [2] => 25
)

[2025-06-10 10:51:58] App::__construct - REQUEST_URI: /WEB_project_presentation_generator/public/dashboard/viewWorkspace/25
[2025-06-10 10:51:58] App::__construct - REQUEST_METHOD: GET
[2025-06-10 10:51:58] App::__construct - SCRIPT_NAME: /WEB_project_presentation_generator/public/index.php
[2025-06-10 10:51:58] App::__construct - PHP_SELF: /WEB_project_presentation_generator/public/index.php
[2025-06-10 10:51:58] App::__construct - Selected controller: DashboardController
[2025-06-10 10:51:58] App::__construct - Selected method: viewWorkspace
[2025-06-10 10:51:58] App::__construct - Parameters: Array
(
    [0] => 25
)

[2025-06-10 10:51:58] App::__construct - Calling controller method with parameters
[2025-06-10 10:51:59] App::parseUrl - Parsed URL from REQUEST_URI: Array
(
    [0] => presentation
    [1] => create
    [2] => 25
)

[2025-06-10 10:51:59] App::parseUrl - Final URL segments: Array
(
    [0] => presentation
    [1] => create
    [2] => 25
)

[2025-06-10 10:51:59] App::__construct - REQUEST_URI: /WEB_project_presentation_generator/public/presentation/create/25
[2025-06-10 10:51:59] App::__construct - REQUEST_METHOD: GET
[2025-06-10 10:51:59] App::__construct - SCRIPT_NAME: /WEB_project_presentation_generator/public/index.php
[2025-06-10 10:51:59] App::__construct - PHP_SELF: /WEB_project_presentation_generator/public/index.php
[2025-06-10 10:51:59] App::__construct - Selected controller: PresentationController
[2025-06-10 10:51:59] App::__construct - Selected method: create
[2025-06-10 10:51:59] App::__construct - Parameters: Array
(
    [0] => 25
)

[2025-06-10 10:51:59] App::__construct - Calling controller method with parameters
[2025-06-10 10:52:07] App::parseUrl - Parsed URL from REQUEST_URI: Array
(
    [0] => presentation
    [1] => import
    [2] => 25
)

[2025-06-10 10:52:07] App::parseUrl - Final URL segments: Array
(
    [0] => presentation
    [1] => import
    [2] => 25
)

[2025-06-10 10:52:07] App::__construct - REQUEST_URI: /WEB_project_presentation_generator/public/presentation/import/25
[2025-06-10 10:52:07] App::__construct - REQUEST_METHOD: POST
[2025-06-10 10:52:07] App::__construct - SCRIPT_NAME: /WEB_project_presentation_generator/public/index.php
[2025-06-10 10:52:07] App::__construct - PHP_SELF: /WEB_project_presentation_generator/public/index.php
[2025-06-10 10:52:07] App::__construct - Selected controller: PresentationController
[2025-06-10 10:52:07] App::__construct - Selected method: import
[2025-06-10 10:52:07] App::__construct - Parameters: Array
(
    [0] => 25
)

[2025-06-10 10:52:07] App::__construct - Calling controller method with parameters
[2025-06-10 10:52:07] App::parseUrl - Parsed URL from REQUEST_URI: Array
(
    [0] => presentation
    [1] => viewPresentation
    [2] => 94
)

[2025-06-10 10:52:07] App::parseUrl - Final URL segments: Array
(
    [0] => presentation
    [1] => viewPresentation
    [2] => 94
)

[2025-06-10 10:52:07] App::__construct - REQUEST_URI: /WEB_project_presentation_generator/public/presentation/viewPresentation/94
[2025-06-10 10:52:07] App::__construct - REQUEST_METHOD: GET
[2025-06-10 10:52:07] App::__construct - SCRIPT_NAME: /WEB_project_presentation_generator/public/index.php
[2025-06-10 10:52:07] App::__construct - PHP_SELF: /WEB_project_presentation_generator/public/index.php
[2025-06-10 10:52:07] App::__construct - Selected controller: PresentationController
[2025-06-10 10:52:07] App::__construct - Selected method: viewPresentation
[2025-06-10 10:52:07] App::__construct - Parameters: Array
(
    [0] => 94
)

[2025-06-10 10:52:07] App::__construct - Calling controller method with parameters
[2025-06-10 10:53:50] App::parseUrl - Parsed URL from REQUEST_URI: Array
(
    [0] => dashboard
)

[2025-06-10 10:53:50] App::parseUrl - Final URL segments: Array
(
    [0] => dashboard
)

[2025-06-10 10:53:50] App::__construct - REQUEST_URI: /WEB_project_presentation_generator/public/dashboard
[2025-06-10 10:53:50] App::__construct - REQUEST_METHOD: GET
[2025-06-10 10:53:50] App::__construct - SCRIPT_NAME: /WEB_project_presentation_generator/public/index.php
[2025-06-10 10:53:50] App::__construct - PHP_SELF: /WEB_project_presentation_generator/public/index.php
[2025-06-10 10:53:50] App::__construct - Selected controller: DashboardController
[2025-06-10 10:53:50] App::__construct - Parameters: Array
(
)

[2025-06-10 10:53:50] App::__construct - Calling controller method with parameters
[2025-06-10 10:53:51] App::parseUrl - Parsed URL from REQUEST_URI: Array
(
    [0] => dashboard
    [1] => viewWorkspace
    [2] => 25
)

[2025-06-10 10:53:51] App::parseUrl - Final URL segments: Array
(
    [0] => dashboard
    [1] => viewWorkspace
    [2] => 25
)

[2025-06-10 10:53:51] App::__construct - REQUEST_URI: /WEB_project_presentation_generator/public/dashboard/viewWorkspace/25
[2025-06-10 10:53:51] App::__construct - REQUEST_METHOD: GET
[2025-06-10 10:53:51] App::__construct - SCRIPT_NAME: /WEB_project_presentation_generator/public/index.php
[2025-06-10 10:53:51] App::__construct - PHP_SELF: /WEB_project_presentation_generator/public/index.php
[2025-06-10 10:53:51] App::__construct - Selected controller: DashboardController
[2025-06-10 10:53:51] App::__construct - Selected method: viewWorkspace
[2025-06-10 10:53:51] App::__construct - Parameters: Array
(
    [0] => 25
)

[2025-06-10 10:53:51] App::__construct - Calling controller method with parameters
[2025-06-10 10:53:52] App::parseUrl - Parsed URL from REQUEST_URI: Array
(
    [0] => presentation
    [1] => create
    [2] => 25
)

[2025-06-10 10:53:52] App::parseUrl - Final URL segments: Array
(
    [0] => presentation
    [1] => create
    [2] => 25
)

[2025-06-10 10:53:52] App::__construct - REQUEST_URI: /WEB_project_presentation_generator/public/presentation/create/25
[2025-06-10 10:53:52] App::__construct - REQUEST_METHOD: GET
[2025-06-10 10:53:52] App::__construct - SCRIPT_NAME: /WEB_project_presentation_generator/public/index.php
[2025-06-10 10:53:52] App::__construct - PHP_SELF: /WEB_project_presentation_generator/public/index.php
[2025-06-10 10:53:52] App::__construct - Selected controller: PresentationController
[2025-06-10 10:53:52] App::__construct - Selected method: create
[2025-06-10 10:53:52] App::__construct - Parameters: Array
(
    [0] => 25
)

[2025-06-10 10:53:52] App::__construct - Calling controller method with parameters
[2025-06-10 10:53:56] App::parseUrl - Parsed URL from REQUEST_URI: Array
(
    [0] => presentation
    [1] => import
    [2] => 25
)

[2025-06-10 10:53:56] App::parseUrl - Final URL segments: Array
(
    [0] => presentation
    [1] => import
    [2] => 25
)

[2025-06-10 10:53:56] App::__construct - REQUEST_URI: /WEB_project_presentation_generator/public/presentation/import/25
[2025-06-10 10:53:56] App::__construct - REQUEST_METHOD: POST
[2025-06-10 10:53:56] App::__construct - SCRIPT_NAME: /WEB_project_presentation_generator/public/index.php
[2025-06-10 10:53:56] App::__construct - PHP_SELF: /WEB_project_presentation_generator/public/index.php
[2025-06-10 10:53:56] App::__construct - Selected controller: PresentationController
[2025-06-10 10:53:56] App::__construct - Selected method: import
[2025-06-10 10:53:56] App::__construct - Parameters: Array
(
    [0] => 25
)

[2025-06-10 10:53:56] App::__construct - Calling controller method with parameters
[2025-06-10 10:53:57] App::parseUrl - Parsed URL from REQUEST_URI: Array
(
    [0] => presentation
    [1] => viewPresentation
    [2] => 95
)

[2025-06-10 10:53:57] App::parseUrl - Final URL segments: Array
(
    [0] => presentation
    [1] => viewPresentation
    [2] => 95
)

[2025-06-10 10:53:57] App::__construct - REQUEST_URI: /WEB_project_presentation_generator/public/presentation/viewPresentation/95
[2025-06-10 10:53:57] App::__construct - REQUEST_METHOD: GET
[2025-06-10 10:53:57] App::__construct - SCRIPT_NAME: /WEB_project_presentation_generator/public/index.php
[2025-06-10 10:53:57] App::__construct - PHP_SELF: /WEB_project_presentation_generator/public/index.php
[2025-06-10 10:53:57] App::__construct - Selected controller: PresentationController
[2025-06-10 10:53:57] App::__construct - Selected method: viewPresentation
[2025-06-10 10:53:57] App::__construct - Parameters: Array
(
    [0] => 95
)

[2025-06-10 10:53:57] App::__construct - Calling controller method with parameters
[2025-06-10 10:53:59] App::parseUrl - Parsed URL from REQUEST_URI: Array
(
    [0] => presentation
    [1] => viewPresentation
    [2] => 95
)

[2025-06-10 10:53:59] App::parseUrl - Final URL segments: Array
(
    [0] => presentation
    [1] => viewPresentation
    [2] => 95
)

[2025-06-10 10:53:59] App::__construct - REQUEST_URI: /WEB_project_presentation_generator/public/presentation/viewPresentation/95
[2025-06-10 10:53:59] App::__construct - REQUEST_METHOD: GET
[2025-06-10 10:53:59] App::__construct - SCRIPT_NAME: /WEB_project_presentation_generator/public/index.php
[2025-06-10 10:53:59] App::__construct - PHP_SELF: /WEB_project_presentation_generator/public/index.php
[2025-06-10 10:53:59] App::__construct - Selected controller: PresentationController
[2025-06-10 10:53:59] App::__construct - Selected method: viewPresentation
[2025-06-10 10:53:59] App::__construct - Parameters: Array
(
    [0] => 95
)

[2025-06-10 10:53:59] App::__construct - Calling controller method with parameters
[2025-06-10 10:54:00] App::parseUrl - Parsed URL from REQUEST_URI: Array
(
    [0] => dashboard
)

[2025-06-10 10:54:00] App::parseUrl - Final URL segments: Array
(
    [0] => dashboard
)

[2025-06-10 10:54:00] App::__construct - REQUEST_URI: /WEB_project_presentation_generator/public/dashboard
[2025-06-10 10:54:00] App::__construct - REQUEST_METHOD: GET
[2025-06-10 10:54:00] App::__construct - SCRIPT_NAME: /WEB_project_presentation_generator/public/index.php
[2025-06-10 10:54:00] App::__construct - PHP_SELF: /WEB_project_presentation_generator/public/index.php
[2025-06-10 10:54:00] App::__construct - Selected controller: DashboardController
[2025-06-10 10:54:00] App::__construct - Parameters: Array
(
)

[2025-06-10 10:54:00] App::__construct - Calling controller method with parameters
[2025-06-10 10:54:02] App::parseUrl - Parsed URL from REQUEST_URI: Array
(
    [0] => dashboard
    [1] => viewWorkspace
    [2] => 25
)

[2025-06-10 10:54:02] App::parseUrl - Final URL segments: Array
(
    [0] => dashboard
    [1] => viewWorkspace
    [2] => 25
)

[2025-06-10 10:54:02] App::__construct - REQUEST_URI: /WEB_project_presentation_generator/public/dashboard/viewWorkspace/25
[2025-06-10 10:54:02] App::__construct - REQUEST_METHOD: GET
[2025-06-10 10:54:02] App::__construct - SCRIPT_NAME: /WEB_project_presentation_generator/public/index.php
[2025-06-10 10:54:02] App::__construct - PHP_SELF: /WEB_project_presentation_generator/public/index.php
[2025-06-10 10:54:02] App::__construct - Selected controller: DashboardController
[2025-06-10 10:54:02] App::__construct - Selected method: viewWorkspace
[2025-06-10 10:54:02] App::__construct - Parameters: Array
(
    [0] => 25
)

[2025-06-10 10:54:02] App::__construct - Calling controller method with parameters
[2025-06-10 10:54:04] App::parseUrl - Parsed URL from REQUEST_URI: Array
(
    [0] => presentation
    [1] => create
    [2] => 25
)

[2025-06-10 10:54:04] App::parseUrl - Final URL segments: Array
(
    [0] => presentation
    [1] => create
    [2] => 25
)

[2025-06-10 10:54:04] App::__construct - REQUEST_URI: /WEB_project_presentation_generator/public/presentation/create/25
[2025-06-10 10:54:04] App::__construct - REQUEST_METHOD: GET
[2025-06-10 10:54:04] App::__construct - SCRIPT_NAME: /WEB_project_presentation_generator/public/index.php
[2025-06-10 10:54:04] App::__construct - PHP_SELF: /WEB_project_presentation_generator/public/index.php
[2025-06-10 10:54:04] App::__construct - Selected controller: PresentationController
[2025-06-10 10:54:04] App::__construct - Selected method: create
[2025-06-10 10:54:04] App::__construct - Parameters: Array
(
    [0] => 25
)

[2025-06-10 10:54:04] App::__construct - Calling controller method with parameters
[2025-06-10 10:54:12] App::parseUrl - Parsed URL from REQUEST_URI: Array
(
    [0] => presentation
    [1] => import
    [2] => 25
)

[2025-06-10 10:54:12] App::parseUrl - Final URL segments: Array
(
    [0] => presentation
    [1] => import
    [2] => 25
)

[2025-06-10 10:54:12] App::__construct - REQUEST_URI: /WEB_project_presentation_generator/public/presentation/import/25
[2025-06-10 10:54:12] App::__construct - REQUEST_METHOD: POST
[2025-06-10 10:54:12] App::__construct - SCRIPT_NAME: /WEB_project_presentation_generator/public/index.php
[2025-06-10 10:54:12] App::__construct - PHP_SELF: /WEB_project_presentation_generator/public/index.php
[2025-06-10 10:54:12] App::__construct - Selected controller: PresentationController
[2025-06-10 10:54:12] App::__construct - Selected method: import
[2025-06-10 10:54:12] App::__construct - Parameters: Array
(
    [0] => 25
)

[2025-06-10 10:54:12] App::__construct - Calling controller method with parameters
[2025-06-10 10:54:12] App::parseUrl - Parsed URL from REQUEST_URI: Array
(
    [0] => presentation
    [1] => viewPresentation
    [2] => 96
)

[2025-06-10 10:54:12] App::parseUrl - Final URL segments: Array
(
    [0] => presentation
    [1] => viewPresentation
    [2] => 96
)

[2025-06-10 10:54:12] App::__construct - REQUEST_URI: /WEB_project_presentation_generator/public/presentation/viewPresentation/96
[2025-06-10 10:54:12] App::__construct - REQUEST_METHOD: GET
[2025-06-10 10:54:12] App::__construct - SCRIPT_NAME: /WEB_project_presentation_generator/public/index.php
[2025-06-10 10:54:12] App::__construct - PHP_SELF: /WEB_project_presentation_generator/public/index.php
[2025-06-10 10:54:12] App::__construct - Selected controller: PresentationController
[2025-06-10 10:54:12] App::__construct - Selected method: viewPresentation
[2025-06-10 10:54:12] App::__construct - Parameters: Array
(
    [0] => 96
)

[2025-06-10 10:54:12] App::__construct - Calling controller method with parameters
[2025-06-10 10:57:28] App::parseUrl - Parsed URL from REQUEST_URI: Array
(
    [0] => dashboard
)

[2025-06-10 10:57:28] App::parseUrl - Final URL segments: Array
(
    [0] => dashboard
)

[2025-06-10 10:57:28] App::__construct - REQUEST_URI: /WEB_project_presentation_generator/public/dashboard
[2025-06-10 10:57:28] App::__construct - REQUEST_METHOD: GET
[2025-06-10 10:57:28] App::__construct - SCRIPT_NAME: /WEB_project_presentation_generator/public/index.php
[2025-06-10 10:57:28] App::__construct - PHP_SELF: /WEB_project_presentation_generator/public/index.php
[2025-06-10 10:57:28] App::__construct - Selected controller: DashboardController
[2025-06-10 10:57:28] App::__construct - Parameters: Array
(
)

[2025-06-10 10:57:28] App::__construct - Calling controller method with parameters
[2025-06-10 10:57:29] App::parseUrl - Parsed URL from REQUEST_URI: Array
(
    [0] => dashboard
    [1] => viewWorkspace
    [2] => 25
)

[2025-06-10 10:57:29] App::parseUrl - Final URL segments: Array
(
    [0] => dashboard
    [1] => viewWorkspace
    [2] => 25
)

[2025-06-10 10:57:29] App::__construct - REQUEST_URI: /WEB_project_presentation_generator/public/dashboard/viewWorkspace/25
[2025-06-10 10:57:29] App::__construct - REQUEST_METHOD: GET
[2025-06-10 10:57:29] App::__construct - SCRIPT_NAME: /WEB_project_presentation_generator/public/index.php
[2025-06-10 10:57:29] App::__construct - PHP_SELF: /WEB_project_presentation_generator/public/index.php
[2025-06-10 10:57:29] App::__construct - Selected controller: DashboardController
[2025-06-10 10:57:29] App::__construct - Selected method: viewWorkspace
[2025-06-10 10:57:29] App::__construct - Parameters: Array
(
    [0] => 25
)

[2025-06-10 10:57:29] App::__construct - Calling controller method with parameters
[2025-06-10 10:57:30] App::parseUrl - Parsed URL from REQUEST_URI: Array
(
    [0] => presentation
    [1] => create
    [2] => 25
)

[2025-06-10 10:57:30] App::parseUrl - Final URL segments: Array
(
    [0] => presentation
    [1] => create
    [2] => 25
)

[2025-06-10 10:57:30] App::__construct - REQUEST_URI: /WEB_project_presentation_generator/public/presentation/create/25
[2025-06-10 10:57:30] App::__construct - REQUEST_METHOD: GET
[2025-06-10 10:57:30] App::__construct - SCRIPT_NAME: /WEB_project_presentation_generator/public/index.php
[2025-06-10 10:57:30] App::__construct - PHP_SELF: /WEB_project_presentation_generator/public/index.php
[2025-06-10 10:57:30] App::__construct - Selected controller: PresentationController
[2025-06-10 10:57:30] App::__construct - Selected method: create
[2025-06-10 10:57:30] App::__construct - Parameters: Array
(
    [0] => 25
)

[2025-06-10 10:57:30] App::__construct - Calling controller method with parameters
[2025-06-10 10:57:37] App::parseUrl - Parsed URL from REQUEST_URI: Array
(
    [0] => presentation
    [1] => import
    [2] => 25
)

[2025-06-10 10:57:37] App::parseUrl - Final URL segments: Array
(
    [0] => presentation
    [1] => import
    [2] => 25
)

[2025-06-10 10:57:37] App::__construct - REQUEST_URI: /WEB_project_presentation_generator/public/presentation/import/25
[2025-06-10 10:57:37] App::__construct - REQUEST_METHOD: POST
[2025-06-10 10:57:37] App::__construct - SCRIPT_NAME: /WEB_project_presentation_generator/public/index.php
[2025-06-10 10:57:37] App::__construct - PHP_SELF: /WEB_project_presentation_generator/public/index.php
[2025-06-10 10:57:37] App::__construct - Selected controller: PresentationController
[2025-06-10 10:57:37] App::__construct - Selected method: import
[2025-06-10 10:57:37] App::__construct - Parameters: Array
(
    [0] => 25
)

[2025-06-10 10:57:37] App::__construct - Calling controller method with parameters
[2025-06-10 10:57:37] App::parseUrl - Parsed URL from REQUEST_URI: Array
(
    [0] => presentation
    [1] => viewPresentation
    [2] => 97
)

[2025-06-10 10:57:37] App::parseUrl - Final URL segments: Array
(
    [0] => presentation
    [1] => viewPresentation
    [2] => 97
)

[2025-06-10 10:57:37] App::__construct - REQUEST_URI: /WEB_project_presentation_generator/public/presentation/viewPresentation/97
[2025-06-10 10:57:37] App::__construct - REQUEST_METHOD: GET
[2025-06-10 10:57:37] App::__construct - SCRIPT_NAME: /WEB_project_presentation_generator/public/index.php
[2025-06-10 10:57:37] App::__construct - PHP_SELF: /WEB_project_presentation_generator/public/index.php
[2025-06-10 10:57:37] App::__construct - Selected controller: PresentationController
[2025-06-10 10:57:37] App::__construct - Selected method: viewPresentation
[2025-06-10 10:57:37] App::__construct - Parameters: Array
(
    [0] => 97
)

[2025-06-10 10:57:37] App::__construct - Calling controller method with parameters
[2025-06-10 10:58:00] App::parseUrl - Parsed URL from REQUEST_URI: Array
(
    [0] => presentation
    [1] => viewPresentation
    [2] => 60
)

[2025-06-10 10:58:00] App::parseUrl - Final URL segments: Array
(
    [0] => presentation
    [1] => viewPresentation
    [2] => 60
)

[2025-06-10 10:58:00] App::__construct - REQUEST_URI: /WEB_project_presentation_generator/public/presentation/viewPresentation/60
[2025-06-10 10:58:00] App::__construct - REQUEST_METHOD: GET
[2025-06-10 10:58:00] App::__construct - SCRIPT_NAME: /WEB_project_presentation_generator/public/index.php
[2025-06-10 10:58:00] App::__construct - PHP_SELF: /WEB_project_presentation_generator/public/index.php
[2025-06-10 10:58:00] App::__construct - Selected controller: PresentationController
[2025-06-10 10:58:00] App::__construct - Selected method: viewPresentation
[2025-06-10 10:58:00] App::__construct - Parameters: Array
(
    [0] => 60
)

[2025-06-10 10:58:00] App::__construct - Calling controller method with parameters
[2025-06-10 10:58:08] App::parseUrl - Parsed URL from REQUEST_URI: Array
(
    [0] => dashboard
)

[2025-06-10 10:58:08] App::parseUrl - Final URL segments: Array
(
    [0] => dashboard
)

[2025-06-10 10:58:08] App::__construct - REQUEST_URI: /WEB_project_presentation_generator/public/dashboard
[2025-06-10 10:58:08] App::__construct - REQUEST_METHOD: GET
[2025-06-10 10:58:08] App::__construct - SCRIPT_NAME: /WEB_project_presentation_generator/public/index.php
[2025-06-10 10:58:08] App::__construct - PHP_SELF: /WEB_project_presentation_generator/public/index.php
[2025-06-10 10:58:08] App::__construct - Selected controller: DashboardController
[2025-06-10 10:58:08] App::__construct - Parameters: Array
(
)

[2025-06-10 10:58:08] App::__construct - Calling controller method with parameters
[2025-06-10 10:58:09] App::parseUrl - Parsed URL from REQUEST_URI: Array
(
    [0] => dashboard
    [1] => viewWorkspace
    [2] => 25
)

[2025-06-10 10:58:09] App::parseUrl - Final URL segments: Array
(
    [0] => dashboard
    [1] => viewWorkspace
    [2] => 25
)

[2025-06-10 10:58:09] App::__construct - REQUEST_URI: /WEB_project_presentation_generator/public/dashboard/viewWorkspace/25
[2025-06-10 10:58:09] App::__construct - REQUEST_METHOD: GET
[2025-06-10 10:58:09] App::__construct - SCRIPT_NAME: /WEB_project_presentation_generator/public/index.php
[2025-06-10 10:58:09] App::__construct - PHP_SELF: /WEB_project_presentation_generator/public/index.php
[2025-06-10 10:58:09] App::__construct - Selected controller: DashboardController
[2025-06-10 10:58:09] App::__construct - Selected method: viewWorkspace
[2025-06-10 10:58:09] App::__construct - Parameters: Array
(
    [0] => 25
)

[2025-06-10 10:58:09] App::__construct - Calling controller method with parameters
[2025-06-10 10:58:10] App::parseUrl - Parsed URL from REQUEST_URI: Array
(
    [0] => presentation
    [1] => create
    [2] => 25
)

[2025-06-10 10:58:10] App::parseUrl - Final URL segments: Array
(
    [0] => presentation
    [1] => create
    [2] => 25
)

[2025-06-10 10:58:10] App::__construct - REQUEST_URI: /WEB_project_presentation_generator/public/presentation/create/25
[2025-06-10 10:58:10] App::__construct - REQUEST_METHOD: GET
[2025-06-10 10:58:10] App::__construct - SCRIPT_NAME: /WEB_project_presentation_generator/public/index.php
[2025-06-10 10:58:10] App::__construct - PHP_SELF: /WEB_project_presentation_generator/public/index.php
[2025-06-10 10:58:10] App::__construct - Selected controller: PresentationController
[2025-06-10 10:58:10] App::__construct - Selected method: create
[2025-06-10 10:58:10] App::__construct - Parameters: Array
(
    [0] => 25
)

[2025-06-10 10:58:10] App::__construct - Calling controller method with parameters
[2025-06-10 10:58:15] App::parseUrl - Parsed URL from REQUEST_URI: Array
(
    [0] => presentation
    [1] => import
    [2] => 25
)

[2025-06-10 10:58:15] App::parseUrl - Final URL segments: Array
(
    [0] => presentation
    [1] => import
    [2] => 25
)

[2025-06-10 10:58:15] App::__construct - REQUEST_URI: /WEB_project_presentation_generator/public/presentation/import/25
[2025-06-10 10:58:15] App::__construct - REQUEST_METHOD: POST
[2025-06-10 10:58:15] App::__construct - SCRIPT_NAME: /WEB_project_presentation_generator/public/index.php
[2025-06-10 10:58:15] App::__construct - PHP_SELF: /WEB_project_presentation_generator/public/index.php
[2025-06-10 10:58:15] App::__construct - Selected controller: PresentationController
[2025-06-10 10:58:15] App::__construct - Selected method: import
[2025-06-10 10:58:15] App::__construct - Parameters: Array
(
    [0] => 25
)

[2025-06-10 10:58:15] App::__construct - Calling controller method with parameters
[2025-06-10 10:58:16] App::parseUrl - Parsed URL from REQUEST_URI: Array
(
    [0] => presentation
    [1] => viewPresentation
    [2] => 98
)

[2025-06-10 10:58:16] App::parseUrl - Final URL segments: Array
(
    [0] => presentation
    [1] => viewPresentation
    [2] => 98
)

[2025-06-10 10:58:16] App::__construct - REQUEST_URI: /WEB_project_presentation_generator/public/presentation/viewPresentation/98
[2025-06-10 10:58:16] App::__construct - REQUEST_METHOD: GET
[2025-06-10 10:58:16] App::__construct - SCRIPT_NAME: /WEB_project_presentation_generator/public/index.php
[2025-06-10 10:58:16] App::__construct - PHP_SELF: /WEB_project_presentation_generator/public/index.php
[2025-06-10 10:58:16] App::__construct - Selected controller: PresentationController
[2025-06-10 10:58:16] App::__construct - Selected method: viewPresentation
[2025-06-10 10:58:16] App::__construct - Parameters: Array
(
    [0] => 98
)

[2025-06-10 10:58:16] App::__construct - Calling controller method with parameters
[2025-06-10 11:11:31] App::parseUrl - Parsed URL from REQUEST_URI: Array
(
    [0] => presentation
    [1] => export
    [2] => 97
    [3] => html
)

[2025-06-10 11:11:31] App::parseUrl - Final URL segments: Array
(
    [0] => presentation
    [1] => export
    [2] => 97
    [3] => html
)

[2025-06-10 11:11:31] App::__construct - REQUEST_URI: /WEB_project_presentation_generator/public/presentation/export/97/html
[2025-06-10 11:11:31] App::__construct - REQUEST_METHOD: GET
[2025-06-10 11:11:31] App::__construct - SCRIPT_NAME: /WEB_project_presentation_generator/public/index.php
[2025-06-10 11:11:31] App::__construct - PHP_SELF: /WEB_project_presentation_generator/public/index.php
[2025-06-10 11:11:31] App::__construct - Selected controller: PresentationController
[2025-06-10 11:11:31] App::__construct - Selected method: export
[2025-06-10 11:11:31] App::__construct - Parameters: Array
(
    [0] => 97
    [1] => html
)

[2025-06-10 11:11:31] App::__construct - Calling controller method with parameters
[2025-06-10 11:11:31] App::parseUrl - Parsed URL from REQUEST_URI: Array
(
    [0] => dashboard
)

[2025-06-10 11:11:31] App::parseUrl - Final URL segments: Array
(
    [0] => dashboard
)

[2025-06-10 11:11:31] App::__construct - REQUEST_URI: /WEB_project_presentation_generator/public/dashboard
[2025-06-10 11:11:31] App::__construct - REQUEST_METHOD: GET
[2025-06-10 11:11:31] App::__construct - SCRIPT_NAME: /WEB_project_presentation_generator/public/index.php
[2025-06-10 11:11:31] App::__construct - PHP_SELF: /WEB_project_presentation_generator/public/index.php
[2025-06-10 11:11:31] App::__construct - Selected controller: DashboardController
[2025-06-10 11:11:31] App::__construct - Parameters: Array
(
)

[2025-06-10 11:11:31] App::__construct - Calling controller method with parameters
[2025-06-10 11:11:36] App::parseUrl - Parsed URL from REQUEST_URI: Array
(
    [0] => dashboard
    [1] => viewWorkspace
    [2] => 26
)

[2025-06-10 11:11:36] App::parseUrl - Final URL segments: Array
(
    [0] => dashboard
    [1] => viewWorkspace
    [2] => 26
)

[2025-06-10 11:11:36] App::__construct - REQUEST_URI: /WEB_project_presentation_generator/public/dashboard/viewWorkspace/26
[2025-06-10 11:11:36] App::__construct - REQUEST_METHOD: GET
[2025-06-10 11:11:36] App::__construct - SCRIPT_NAME: /WEB_project_presentation_generator/public/index.php
[2025-06-10 11:11:36] App::__construct - PHP_SELF: /WEB_project_presentation_generator/public/index.php
[2025-06-10 11:11:36] App::__construct - Selected controller: DashboardController
[2025-06-10 11:11:36] App::__construct - Selected method: viewWorkspace
[2025-06-10 11:11:36] App::__construct - Parameters: Array
(
    [0] => 26
)

[2025-06-10 11:11:36] App::__construct - Calling controller method with parameters
[2025-06-10 11:11:38] App::parseUrl - Parsed URL from REQUEST_URI: Array
(
    [0] => presentation
    [1] => viewPresentation
    [2] => 101
)

[2025-06-10 11:11:38] App::parseUrl - Final URL segments: Array
(
    [0] => presentation
    [1] => viewPresentation
    [2] => 101
)

[2025-06-10 11:11:38] App::__construct - REQUEST_URI: /WEB_project_presentation_generator/public/presentation/viewPresentation/101
[2025-06-10 11:11:38] App::__construct - REQUEST_METHOD: GET
[2025-06-10 11:11:38] App::__construct - SCRIPT_NAME: /WEB_project_presentation_generator/public/index.php
[2025-06-10 11:11:38] App::__construct - PHP_SELF: /WEB_project_presentation_generator/public/index.php
[2025-06-10 11:11:38] App::__construct - Selected controller: PresentationController
[2025-06-10 11:11:38] App::__construct - Selected method: viewPresentation
[2025-06-10 11:11:38] App::__construct - Parameters: Array
(
    [0] => 101
)

[2025-06-10 11:11:38] App::__construct - Calling controller method with parameters
[2025-06-10 11:11:39] App::parseUrl - Parsed URL from REQUEST_URI: Array
(
    [0] => dashboard
)

[2025-06-10 11:11:39] App::parseUrl - Final URL segments: Array
(
    [0] => dashboard
)

[2025-06-10 11:11:39] App::__construct - REQUEST_URI: /WEB_project_presentation_generator/public/dashboard
[2025-06-10 11:11:39] App::__construct - REQUEST_METHOD: GET
[2025-06-10 11:11:39] App::__construct - SCRIPT_NAME: /WEB_project_presentation_generator/public/index.php
[2025-06-10 11:11:39] App::__construct - PHP_SELF: /WEB_project_presentation_generator/public/index.php
[2025-06-10 11:11:39] App::__construct - Selected controller: DashboardController
[2025-06-10 11:11:39] App::__construct - Parameters: Array
(
)

[2025-06-10 11:11:39] App::__construct - Calling controller method with parameters
[2025-06-10 11:11:41] App::parseUrl - Parsed URL from REQUEST_URI: Array
(
    [0] => dashboard
    [1] => viewWorkspace
    [2] => 26
)

[2025-06-10 11:11:41] App::parseUrl - Final URL segments: Array
(
    [0] => dashboard
    [1] => viewWorkspace
    [2] => 26
)

[2025-06-10 11:11:41] App::__construct - REQUEST_URI: /WEB_project_presentation_generator/public/dashboard/viewWorkspace/26
[2025-06-10 11:11:41] App::__construct - REQUEST_METHOD: GET
[2025-06-10 11:11:41] App::__construct - SCRIPT_NAME: /WEB_project_presentation_generator/public/index.php
[2025-06-10 11:11:41] App::__construct - PHP_SELF: /WEB_project_presentation_generator/public/index.php
[2025-06-10 11:11:41] App::__construct - Selected controller: DashboardController
[2025-06-10 11:11:41] App::__construct - Selected method: viewWorkspace
[2025-06-10 11:11:41] App::__construct - Parameters: Array
(
    [0] => 26
)

[2025-06-10 11:11:41] App::__construct - Calling controller method with parameters
[2025-06-10 11:11:42] App::parseUrl - Parsed URL from REQUEST_URI: Array
(
    [0] => presentation
    [1] => viewPresentation
    [2] => 100
)

[2025-06-10 11:11:42] App::parseUrl - Final URL segments: Array
(
    [0] => presentation
    [1] => viewPresentation
    [2] => 100
)

[2025-06-10 11:11:42] App::__construct - REQUEST_URI: /WEB_project_presentation_generator/public/presentation/viewPresentation/100
[2025-06-10 11:11:42] App::__construct - REQUEST_METHOD: GET
[2025-06-10 11:11:42] App::__construct - SCRIPT_NAME: /WEB_project_presentation_generator/public/index.php
[2025-06-10 11:11:42] App::__construct - PHP_SELF: /WEB_project_presentation_generator/public/index.php
[2025-06-10 11:11:42] App::__construct - Selected controller: PresentationController
[2025-06-10 11:11:42] App::__construct - Selected method: viewPresentation
[2025-06-10 11:11:42] App::__construct - Parameters: Array
(
    [0] => 100
)

[2025-06-10 11:11:42] App::__construct - Calling controller method with parameters
[2025-06-10 11:11:44] App::parseUrl - Parsed URL from REQUEST_URI: Array
(
    [0] => presentation
    [1] => export
    [2] => 100
    [3] => html
)

[2025-06-10 11:11:44] App::parseUrl - Final URL segments: Array
(
    [0] => presentation
    [1] => export
    [2] => 100
    [3] => html
)

[2025-06-10 11:11:44] App::__construct - REQUEST_URI: /WEB_project_presentation_generator/public/presentation/export/100/html
[2025-06-10 11:11:44] App::__construct - REQUEST_METHOD: GET
[2025-06-10 11:11:44] App::__construct - SCRIPT_NAME: /WEB_project_presentation_generator/public/index.php
[2025-06-10 11:11:44] App::__construct - PHP_SELF: /WEB_project_presentation_generator/public/index.php
[2025-06-10 11:11:44] App::__construct - Selected controller: PresentationController
[2025-06-10 11:11:44] App::__construct - Selected method: export
[2025-06-10 11:11:44] App::__construct - Parameters: Array
(
    [0] => 100
    [1] => html
)

[2025-06-10 11:11:44] App::__construct - Calling controller method with parameters
[2025-06-10 11:11:52] App::parseUrl - Parsed URL from REQUEST_URI: Array
(
    [0] => presentation
    [1] => export
    [2] => 100
    [3] => xml
)

[2025-06-10 11:11:52] App::parseUrl - Final URL segments: Array
(
    [0] => presentation
    [1] => export
    [2] => 100
    [3] => xml
)

[2025-06-10 11:11:52] App::__construct - REQUEST_URI: /WEB_project_presentation_generator/public/presentation/export/100/xml
[2025-06-10 11:11:52] App::__construct - REQUEST_METHOD: GET
[2025-06-10 11:11:52] App::__construct - SCRIPT_NAME: /WEB_project_presentation_generator/public/index.php
[2025-06-10 11:11:52] App::__construct - PHP_SELF: /WEB_project_presentation_generator/public/index.php
[2025-06-10 11:11:52] App::__construct - Selected controller: PresentationController
[2025-06-10 11:11:52] App::__construct - Selected method: export
[2025-06-10 11:11:52] App::__construct - Parameters: Array
(
    [0] => 100
    [1] => xml
)

[2025-06-10 11:11:52] App::__construct - Calling controller method with parameters
[2025-06-10 11:16:30] App::parseUrl - Parsed URL from REQUEST_URI: Array
(
    [0] => dashboard
    [1] => viewWorkspace
    [2] => 26
)

[2025-06-10 11:16:30] App::parseUrl - Final URL segments: Array
(
    [0] => dashboard
    [1] => viewWorkspace
    [2] => 26
)

[2025-06-10 11:16:30] App::__construct - REQUEST_URI: /WEB_project_presentation_generator/public/dashboard/viewWorkspace/26
[2025-06-10 11:16:30] App::__construct - REQUEST_METHOD: GET
[2025-06-10 11:16:30] App::__construct - SCRIPT_NAME: /WEB_project_presentation_generator/public/index.php
[2025-06-10 11:16:30] App::__construct - PHP_SELF: /WEB_project_presentation_generator/public/index.php
[2025-06-10 11:16:30] App::__construct - Selected controller: DashboardController
[2025-06-10 11:16:30] App::__construct - Selected method: viewWorkspace
[2025-06-10 11:16:30] App::__construct - Parameters: Array
(
    [0] => 26
)

[2025-06-10 11:16:30] App::__construct - Calling controller method with parameters
[2025-06-10 11:16:31] App::parseUrl - Parsed URL from REQUEST_URI: Array
(
    [0] => presentation
    [1] => viewPresentation
    [2] => 100
)

[2025-06-10 11:16:31] App::parseUrl - Final URL segments: Array
(
    [0] => presentation
    [1] => viewPresentation
    [2] => 100
)

[2025-06-10 11:16:31] App::__construct - REQUEST_URI: /WEB_project_presentation_generator/public/presentation/viewPresentation/100
[2025-06-10 11:16:31] App::__construct - REQUEST_METHOD: GET
[2025-06-10 11:16:31] App::__construct - SCRIPT_NAME: /WEB_project_presentation_generator/public/index.php
[2025-06-10 11:16:31] App::__construct - PHP_SELF: /WEB_project_presentation_generator/public/index.php
[2025-06-10 11:16:31] App::__construct - Selected controller: PresentationController
[2025-06-10 11:16:31] App::__construct - Selected method: viewPresentation
[2025-06-10 11:16:31] App::__construct - Parameters: Array
(
    [0] => 100
)

[2025-06-10 11:16:31] App::__construct - Calling controller method with parameters
[2025-06-10 11:16:33] App::parseUrl - Parsed URL from REQUEST_URI: Array
(
    [0] => presentation
    [1] => export
    [2] => 100
    [3] => xml
)

[2025-06-10 11:16:33] App::parseUrl - Final URL segments: Array
(
    [0] => presentation
    [1] => export
    [2] => 100
    [3] => xml
)

[2025-06-10 11:16:33] App::__construct - REQUEST_URI: /WEB_project_presentation_generator/public/presentation/export/100/xml
[2025-06-10 11:16:33] App::__construct - REQUEST_METHOD: GET
[2025-06-10 11:16:33] App::__construct - SCRIPT_NAME: /WEB_project_presentation_generator/public/index.php
[2025-06-10 11:16:33] App::__construct - PHP_SELF: /WEB_project_presentation_generator/public/index.php
[2025-06-10 11:16:33] App::__construct - Selected controller: PresentationController
[2025-06-10 11:16:33] App::__construct - Selected method: export
[2025-06-10 11:16:33] App::__construct - Parameters: Array
(
    [0] => 100
    [1] => xml
)

[2025-06-10 11:16:33] App::__construct - Calling controller method with parameters
[2025-06-10 11:17:44] App::parseUrl - Parsed URL from REQUEST_URI: Array
(
    [0] => presentation
    [1] => export
    [2] => 100
    [3] => xml
)

[2025-06-10 11:17:44] App::parseUrl - Final URL segments: Array
(
    [0] => presentation
    [1] => export
    [2] => 100
    [3] => xml
)

[2025-06-10 11:17:44] App::__construct - REQUEST_URI: /WEB_project_presentation_generator/public/presentation/export/100/xml
[2025-06-10 11:17:44] App::__construct - REQUEST_METHOD: GET
[2025-06-10 11:17:44] App::__construct - SCRIPT_NAME: /WEB_project_presentation_generator/public/index.php
[2025-06-10 11:17:44] App::__construct - PHP_SELF: /WEB_project_presentation_generator/public/index.php
[2025-06-10 11:17:44] App::__construct - Selected controller: PresentationController
[2025-06-10 11:17:44] App::__construct - Selected method: export
[2025-06-10 11:17:44] App::__construct - Parameters: Array
(
    [0] => 100
    [1] => xml
)

[2025-06-10 11:17:44] App::__construct - Calling controller method with parameters
[2025-06-10 11:18:23] App::parseUrl - Parsed URL from REQUEST_URI: Array
(
    [0] => dashboard
)

[2025-06-10 11:18:23] App::parseUrl - Final URL segments: Array
(
    [0] => dashboard
)

[2025-06-10 11:18:23] App::__construct - REQUEST_URI: /WEB_project_presentation_generator/public/dashboard
[2025-06-10 11:18:23] App::__construct - REQUEST_METHOD: GET
[2025-06-10 11:18:23] App::__construct - SCRIPT_NAME: /WEB_project_presentation_generator/public/index.php
[2025-06-10 11:18:23] App::__construct - PHP_SELF: /WEB_project_presentation_generator/public/index.php
[2025-06-10 11:18:23] App::__construct - Selected controller: DashboardController
[2025-06-10 11:18:23] App::__construct - Parameters: Array
(
)

[2025-06-10 11:18:23] App::__construct - Calling controller method with parameters
[2025-06-10 11:18:24] App::parseUrl - Parsed URL from REQUEST_URI: Array
(
    [0] => dashboard
    [1] => viewWorkspace
    [2] => 26
)

[2025-06-10 11:18:24] App::parseUrl - Final URL segments: Array
(
    [0] => dashboard
    [1] => viewWorkspace
    [2] => 26
)

[2025-06-10 11:18:24] App::__construct - REQUEST_URI: /WEB_project_presentation_generator/public/dashboard/viewWorkspace/26
[2025-06-10 11:18:24] App::__construct - REQUEST_METHOD: GET
[2025-06-10 11:18:24] App::__construct - SCRIPT_NAME: /WEB_project_presentation_generator/public/index.php
[2025-06-10 11:18:24] App::__construct - PHP_SELF: /WEB_project_presentation_generator/public/index.php
[2025-06-10 11:18:24] App::__construct - Selected controller: DashboardController
[2025-06-10 11:18:24] App::__construct - Selected method: viewWorkspace
[2025-06-10 11:18:24] App::__construct - Parameters: Array
(
    [0] => 26
)

[2025-06-10 11:18:24] App::__construct - Calling controller method with parameters
[2025-06-10 11:18:25] App::parseUrl - Parsed URL from REQUEST_URI: Array
(
    [0] => presentation
    [1] => create
    [2] => 26
)

[2025-06-10 11:18:25] App::parseUrl - Final URL segments: Array
(
    [0] => presentation
    [1] => create
    [2] => 26
)

[2025-06-10 11:18:25] App::__construct - REQUEST_URI: /WEB_project_presentation_generator/public/presentation/create/26
[2025-06-10 11:18:25] App::__construct - REQUEST_METHOD: GET
[2025-06-10 11:18:25] App::__construct - SCRIPT_NAME: /WEB_project_presentation_generator/public/index.php
[2025-06-10 11:18:25] App::__construct - PHP_SELF: /WEB_project_presentation_generator/public/index.php
[2025-06-10 11:18:25] App::__construct - Selected controller: PresentationController
[2025-06-10 11:18:25] App::__construct - Selected method: create
[2025-06-10 11:18:25] App::__construct - Parameters: Array
(
    [0] => 26
)

[2025-06-10 11:18:25] App::__construct - Calling controller method with parameters
[2025-06-10 11:18:31] App::parseUrl - Parsed URL from REQUEST_URI: Array
(
    [0] => presentation
    [1] => import
    [2] => 26
)

[2025-06-10 11:18:31] App::parseUrl - Final URL segments: Array
(
    [0] => presentation
    [1] => import
    [2] => 26
)

[2025-06-10 11:18:31] App::__construct - REQUEST_URI: /WEB_project_presentation_generator/public/presentation/import/26
[2025-06-10 11:18:31] App::__construct - REQUEST_METHOD: POST
[2025-06-10 11:18:31] App::__construct - SCRIPT_NAME: /WEB_project_presentation_generator/public/index.php
[2025-06-10 11:18:31] App::__construct - PHP_SELF: /WEB_project_presentation_generator/public/index.php
[2025-06-10 11:18:31] App::__construct - Selected controller: PresentationController
[2025-06-10 11:18:31] App::__construct - Selected method: import
[2025-06-10 11:18:31] App::__construct - Parameters: Array
(
    [0] => 26
)

[2025-06-10 11:18:31] App::__construct - Calling controller method with parameters
[2025-06-10 11:18:31] App::parseUrl - Parsed URL from REQUEST_URI: Array
(
    [0] => presentation
    [1] => viewPresentation
    [2] => 102
)

[2025-06-10 11:18:31] App::parseUrl - Final URL segments: Array
(
    [0] => presentation
    [1] => viewPresentation
    [2] => 102
)

[2025-06-10 11:18:31] App::__construct - REQUEST_URI: /WEB_project_presentation_generator/public/presentation/viewPresentation/102
[2025-06-10 11:18:31] App::__construct - REQUEST_METHOD: GET
[2025-06-10 11:18:31] App::__construct - SCRIPT_NAME: /WEB_project_presentation_generator/public/index.php
[2025-06-10 11:18:31] App::__construct - PHP_SELF: /WEB_project_presentation_generator/public/index.php
[2025-06-10 11:18:31] App::__construct - Selected controller: PresentationController
[2025-06-10 11:18:31] App::__construct - Selected method: viewPresentation
[2025-06-10 11:18:31] App::__construct - Parameters: Array
(
    [0] => 102
)

[2025-06-10 11:18:31] App::__construct - Calling controller method with parameters
[2025-06-10 11:18:48] App::parseUrl - Parsed URL from REQUEST_URI: Array
(
    [0] => dashboard
)

[2025-06-10 11:18:48] App::parseUrl - Final URL segments: Array
(
    [0] => dashboard
)

[2025-06-10 11:18:48] App::__construct - REQUEST_URI: /WEB_project_presentation_generator/public/dashboard
[2025-06-10 11:18:48] App::__construct - REQUEST_METHOD: GET
[2025-06-10 11:18:48] App::__construct - SCRIPT_NAME: /WEB_project_presentation_generator/public/index.php
[2025-06-10 11:18:48] App::__construct - PHP_SELF: /WEB_project_presentation_generator/public/index.php
[2025-06-10 11:18:48] App::__construct - Selected controller: DashboardController
[2025-06-10 11:18:48] App::__construct - Parameters: Array
(
)

[2025-06-10 11:18:48] App::__construct - Calling controller method with parameters
[2025-06-10 11:18:50] App::parseUrl - Parsed URL from REQUEST_URI: Array
(
    [0] => dashboard
    [1] => viewWorkspace
    [2] => 26
)

[2025-06-10 11:18:50] App::parseUrl - Final URL segments: Array
(
    [0] => dashboard
    [1] => viewWorkspace
    [2] => 26
)

[2025-06-10 11:18:50] App::__construct - REQUEST_URI: /WEB_project_presentation_generator/public/dashboard/viewWorkspace/26
[2025-06-10 11:18:50] App::__construct - REQUEST_METHOD: GET
[2025-06-10 11:18:50] App::__construct - SCRIPT_NAME: /WEB_project_presentation_generator/public/index.php
[2025-06-10 11:18:50] App::__construct - PHP_SELF: /WEB_project_presentation_generator/public/index.php
[2025-06-10 11:18:50] App::__construct - Selected controller: DashboardController
[2025-06-10 11:18:50] App::__construct - Selected method: viewWorkspace
[2025-06-10 11:18:50] App::__construct - Parameters: Array
(
    [0] => 26
)

[2025-06-10 11:18:50] App::__construct - Calling controller method with parameters
[2025-06-10 11:18:51] App::parseUrl - Parsed URL from REQUEST_URI: Array
(
    [0] => presentation
    [1] => viewPresentation
    [2] => 100
)

[2025-06-10 11:18:51] App::parseUrl - Final URL segments: Array
(
    [0] => presentation
    [1] => viewPresentation
    [2] => 100
)

[2025-06-10 11:18:51] App::__construct - REQUEST_URI: /WEB_project_presentation_generator/public/presentation/viewPresentation/100
[2025-06-10 11:18:51] App::__construct - REQUEST_METHOD: GET
[2025-06-10 11:18:51] App::__construct - SCRIPT_NAME: /WEB_project_presentation_generator/public/index.php
[2025-06-10 11:18:51] App::__construct - PHP_SELF: /WEB_project_presentation_generator/public/index.php
[2025-06-10 11:18:51] App::__construct - Selected controller: PresentationController
[2025-06-10 11:18:51] App::__construct - Selected method: viewPresentation
[2025-06-10 11:18:51] App::__construct - Parameters: Array
(
    [0] => 100
)

[2025-06-10 11:18:51] App::__construct - Calling controller method with parameters
[2025-06-10 11:21:38] App::parseUrl - Parsed URL from REQUEST_URI: Array
(
    [0] => presentation
    [1] => viewPresentation
    [2] => 100
)

[2025-06-10 11:21:38] App::parseUrl - Final URL segments: Array
(
    [0] => presentation
    [1] => viewPresentation
    [2] => 100
)

[2025-06-10 11:21:38] App::__construct - REQUEST_URI: /WEB_project_presentation_generator/public/presentation/viewPresentation/100
[2025-06-10 11:21:38] App::__construct - REQUEST_METHOD: GET
[2025-06-10 11:21:38] App::__construct - SCRIPT_NAME: /WEB_project_presentation_generator/public/index.php
[2025-06-10 11:21:38] App::__construct - PHP_SELF: /WEB_project_presentation_generator/public/index.php
[2025-06-10 11:21:38] App::__construct - Selected controller: PresentationController
[2025-06-10 11:21:38] App::__construct - Selected method: viewPresentation
[2025-06-10 11:21:38] App::__construct - Parameters: Array
(
    [0] => 100
)

[2025-06-10 11:21:38] App::__construct - Calling controller method with parameters
[2025-06-10 11:21:39] App::parseUrl - Parsed URL from REQUEST_URI: Array
(
    [0] => presentation
    [1] => export
    [2] => 100
    [3] => slim
)

[2025-06-10 11:21:39] App::parseUrl - Final URL segments: Array
(
    [0] => presentation
    [1] => export
    [2] => 100
    [3] => slim
)

[2025-06-10 11:21:39] App::__construct - REQUEST_URI: /WEB_project_presentation_generator/public/presentation/export/100/slim
[2025-06-10 11:21:39] App::__construct - REQUEST_METHOD: GET
[2025-06-10 11:21:39] App::__construct - SCRIPT_NAME: /WEB_project_presentation_generator/public/index.php
[2025-06-10 11:21:39] App::__construct - PHP_SELF: /WEB_project_presentation_generator/public/index.php
[2025-06-10 11:21:39] App::__construct - Selected controller: PresentationController
[2025-06-10 11:21:39] App::__construct - Selected method: export
[2025-06-10 11:21:39] App::__construct - Parameters: Array
(
    [0] => 100
    [1] => slim
)

[2025-06-10 11:21:39] App::__construct - Calling controller method with parameters
[2025-06-10 11:23:05] App::parseUrl - Parsed URL from REQUEST_URI: Array
(
    [0] => dashboard
)

[2025-06-10 11:23:05] App::parseUrl - Final URL segments: Array
(
    [0] => dashboard
)

[2025-06-10 11:23:05] App::__construct - REQUEST_URI: /WEB_project_presentation_generator/public/dashboard
[2025-06-10 11:23:05] App::__construct - REQUEST_METHOD: GET
[2025-06-10 11:23:05] App::__construct - SCRIPT_NAME: /WEB_project_presentation_generator/public/index.php
[2025-06-10 11:23:05] App::__construct - PHP_SELF: /WEB_project_presentation_generator/public/index.php
[2025-06-10 11:23:05] App::__construct - Selected controller: DashboardController
[2025-06-10 11:23:05] App::__construct - Parameters: Array
(
)

[2025-06-10 11:23:05] App::__construct - Calling controller method with parameters
[2025-06-10 11:23:06] App::parseUrl - Parsed URL from REQUEST_URI: Array
(
    [0] => dashboard
    [1] => viewWorkspace
    [2] => 26
)

[2025-06-10 11:23:06] App::parseUrl - Final URL segments: Array
(
    [0] => dashboard
    [1] => viewWorkspace
    [2] => 26
)

[2025-06-10 11:23:06] App::__construct - REQUEST_URI: /WEB_project_presentation_generator/public/dashboard/viewWorkspace/26
[2025-06-10 11:23:06] App::__construct - REQUEST_METHOD: GET
[2025-06-10 11:23:06] App::__construct - SCRIPT_NAME: /WEB_project_presentation_generator/public/index.php
[2025-06-10 11:23:06] App::__construct - PHP_SELF: /WEB_project_presentation_generator/public/index.php
[2025-06-10 11:23:06] App::__construct - Selected controller: DashboardController
[2025-06-10 11:23:06] App::__construct - Selected method: viewWorkspace
[2025-06-10 11:23:06] App::__construct - Parameters: Array
(
    [0] => 26
)

[2025-06-10 11:23:06] App::__construct - Calling controller method with parameters
[2025-06-10 11:23:07] App::parseUrl - Parsed URL from REQUEST_URI: Array
(
    [0] => presentation
    [1] => create
    [2] => 26
)

[2025-06-10 11:23:07] App::parseUrl - Final URL segments: Array
(
    [0] => presentation
    [1] => create
    [2] => 26
)

[2025-06-10 11:23:07] App::__construct - REQUEST_URI: /WEB_project_presentation_generator/public/presentation/create/26
[2025-06-10 11:23:07] App::__construct - REQUEST_METHOD: GET
[2025-06-10 11:23:07] App::__construct - SCRIPT_NAME: /WEB_project_presentation_generator/public/index.php
[2025-06-10 11:23:07] App::__construct - PHP_SELF: /WEB_project_presentation_generator/public/index.php
[2025-06-10 11:23:07] App::__construct - Selected controller: PresentationController
[2025-06-10 11:23:07] App::__construct - Selected method: create
[2025-06-10 11:23:07] App::__construct - Parameters: Array
(
    [0] => 26
)

[2025-06-10 11:23:07] App::__construct - Calling controller method with parameters
[2025-06-10 11:23:16] App::parseUrl - Parsed URL from REQUEST_URI: Array
(
    [0] => presentation
    [1] => import
    [2] => 26
)

[2025-06-10 11:23:16] App::parseUrl - Final URL segments: Array
(
    [0] => presentation
    [1] => import
    [2] => 26
)

[2025-06-10 11:23:16] App::__construct - REQUEST_URI: /WEB_project_presentation_generator/public/presentation/import/26
[2025-06-10 11:23:16] App::__construct - REQUEST_METHOD: POST
[2025-06-10 11:23:16] App::__construct - SCRIPT_NAME: /WEB_project_presentation_generator/public/index.php
[2025-06-10 11:23:16] App::__construct - PHP_SELF: /WEB_project_presentation_generator/public/index.php
[2025-06-10 11:23:16] App::__construct - Selected controller: PresentationController
[2025-06-10 11:23:16] App::__construct - Selected method: import
[2025-06-10 11:23:16] App::__construct - Parameters: Array
(
    [0] => 26
)

[2025-06-10 11:23:16] App::__construct - Calling controller method with parameters
[2025-06-10 11:23:16] App::parseUrl - Parsed URL from REQUEST_URI: Array
(
    [0] => presentation
    [1] => viewPresentation
    [2] => 103
)

[2025-06-10 11:23:16] App::parseUrl - Final URL segments: Array
(
    [0] => presentation
    [1] => viewPresentation
    [2] => 103
)

[2025-06-10 11:23:16] App::__construct - REQUEST_URI: /WEB_project_presentation_generator/public/presentation/viewPresentation/103
[2025-06-10 11:23:16] App::__construct - REQUEST_METHOD: GET
[2025-06-10 11:23:16] App::__construct - SCRIPT_NAME: /WEB_project_presentation_generator/public/index.php
[2025-06-10 11:23:16] App::__construct - PHP_SELF: /WEB_project_presentation_generator/public/index.php
[2025-06-10 11:23:16] App::__construct - Selected controller: PresentationController
[2025-06-10 11:23:16] App::__construct - Selected method: viewPresentation
[2025-06-10 11:23:16] App::__construct - Parameters: Array
(
    [0] => 103
)

[2025-06-10 11:23:16] App::__construct - Calling controller method with parameters
[2025-06-10 11:23:27] App::parseUrl - Parsed URL from REQUEST_URI: Array
(
    [0] => dashboard
)

[2025-06-10 11:23:27] App::parseUrl - Final URL segments: Array
(
    [0] => dashboard
)

[2025-06-10 11:23:27] App::__construct - REQUEST_URI: /WEB_project_presentation_generator/public/dashboard
[2025-06-10 11:23:27] App::__construct - REQUEST_METHOD: GET
[2025-06-10 11:23:27] App::__construct - SCRIPT_NAME: /WEB_project_presentation_generator/public/index.php
[2025-06-10 11:23:27] App::__construct - PHP_SELF: /WEB_project_presentation_generator/public/index.php
[2025-06-10 11:23:27] App::__construct - Selected controller: DashboardController
[2025-06-10 11:23:27] App::__construct - Parameters: Array
(
)

[2025-06-10 11:23:27] App::__construct - Calling controller method with parameters
[2025-06-10 11:23:28] App::parseUrl - Parsed URL from REQUEST_URI: Array
(
    [0] => dashboard
    [1] => viewWorkspace
    [2] => 26
)

[2025-06-10 11:23:28] App::parseUrl - Final URL segments: Array
(
    [0] => dashboard
    [1] => viewWorkspace
    [2] => 26
)

[2025-06-10 11:23:28] App::__construct - REQUEST_URI: /WEB_project_presentation_generator/public/dashboard/viewWorkspace/26
[2025-06-10 11:23:28] App::__construct - REQUEST_METHOD: GET
[2025-06-10 11:23:28] App::__construct - SCRIPT_NAME: /WEB_project_presentation_generator/public/index.php
[2025-06-10 11:23:28] App::__construct - PHP_SELF: /WEB_project_presentation_generator/public/index.php
[2025-06-10 11:23:28] App::__construct - Selected controller: DashboardController
[2025-06-10 11:23:28] App::__construct - Selected method: viewWorkspace
[2025-06-10 11:23:28] App::__construct - Parameters: Array
(
    [0] => 26
)

[2025-06-10 11:23:28] App::__construct - Calling controller method with parameters
[2025-06-10 11:23:29] App::parseUrl - Parsed URL from REQUEST_URI: Array
(
    [0] => presentation
    [1] => create
    [2] => 26
)

[2025-06-10 11:23:29] App::parseUrl - Final URL segments: Array
(
    [0] => presentation
    [1] => create
    [2] => 26
)

[2025-06-10 11:23:29] App::__construct - REQUEST_URI: /WEB_project_presentation_generator/public/presentation/create/26
[2025-06-10 11:23:29] App::__construct - REQUEST_METHOD: GET
[2025-06-10 11:23:29] App::__construct - SCRIPT_NAME: /WEB_project_presentation_generator/public/index.php
[2025-06-10 11:23:29] App::__construct - PHP_SELF: /WEB_project_presentation_generator/public/index.php
[2025-06-10 11:23:29] App::__construct - Selected controller: PresentationController
[2025-06-10 11:23:29] App::__construct - Selected method: create
[2025-06-10 11:23:29] App::__construct - Parameters: Array
(
    [0] => 26
)

[2025-06-10 11:23:29] App::__construct - Calling controller method with parameters
[2025-06-10 11:23:36] App::parseUrl - Parsed URL from REQUEST_URI: Array
(
    [0] => presentation
    [1] => import
    [2] => 26
)

[2025-06-10 11:23:36] App::parseUrl - Final URL segments: Array
(
    [0] => presentation
    [1] => import
    [2] => 26
)

[2025-06-10 11:23:36] App::__construct - REQUEST_URI: /WEB_project_presentation_generator/public/presentation/import/26
[2025-06-10 11:23:36] App::__construct - REQUEST_METHOD: POST
[2025-06-10 11:23:36] App::__construct - SCRIPT_NAME: /WEB_project_presentation_generator/public/index.php
[2025-06-10 11:23:36] App::__construct - PHP_SELF: /WEB_project_presentation_generator/public/index.php
[2025-06-10 11:23:36] App::__construct - Selected controller: PresentationController
[2025-06-10 11:23:36] App::__construct - Selected method: import
[2025-06-10 11:23:36] App::__construct - Parameters: Array
(
    [0] => 26
)

[2025-06-10 11:23:36] App::__construct - Calling controller method with parameters
[2025-06-10 11:23:37] App::parseUrl - Parsed URL from REQUEST_URI: Array
(
    [0] => presentation
    [1] => viewPresentation
    [2] => 104
)

[2025-06-10 11:23:37] App::parseUrl - Final URL segments: Array
(
    [0] => presentation
    [1] => viewPresentation
    [2] => 104
)

[2025-06-10 11:23:37] App::__construct - REQUEST_URI: /WEB_project_presentation_generator/public/presentation/viewPresentation/104
[2025-06-10 11:23:37] App::__construct - REQUEST_METHOD: GET
[2025-06-10 11:23:37] App::__construct - SCRIPT_NAME: /WEB_project_presentation_generator/public/index.php
[2025-06-10 11:23:37] App::__construct - PHP_SELF: /WEB_project_presentation_generator/public/index.php
[2025-06-10 11:23:37] App::__construct - Selected controller: PresentationController
[2025-06-10 11:23:37] App::__construct - Selected method: viewPresentation
[2025-06-10 11:23:37] App::__construct - Parameters: Array
(
    [0] => 104
)

[2025-06-10 11:23:37] App::__construct - Calling controller method with parameters
[2025-06-10 11:23:47] App::parseUrl - Parsed URL from REQUEST_URI: Array
(
    [0] => dashboard
)

[2025-06-10 11:23:47] App::parseUrl - Final URL segments: Array
(
    [0] => dashboard
)

[2025-06-10 11:23:47] App::__construct - REQUEST_URI: /WEB_project_presentation_generator/public/dashboard
[2025-06-10 11:23:47] App::__construct - REQUEST_METHOD: GET
[2025-06-10 11:23:47] App::__construct - SCRIPT_NAME: /WEB_project_presentation_generator/public/index.php
[2025-06-10 11:23:47] App::__construct - PHP_SELF: /WEB_project_presentation_generator/public/index.php
[2025-06-10 11:23:47] App::__construct - Selected controller: DashboardController
[2025-06-10 11:23:47] App::__construct - Parameters: Array
(
)

[2025-06-10 11:23:47] App::__construct - Calling controller method with parameters
[2025-06-10 11:23:48] App::parseUrl - Parsed URL from REQUEST_URI: Array
(
    [0] => dashboard
    [1] => viewWorkspace
    [2] => 26
)

[2025-06-10 11:23:48] App::parseUrl - Final URL segments: Array
(
    [0] => dashboard
    [1] => viewWorkspace
    [2] => 26
)

[2025-06-10 11:23:48] App::__construct - REQUEST_URI: /WEB_project_presentation_generator/public/dashboard/viewWorkspace/26
[2025-06-10 11:23:48] App::__construct - REQUEST_METHOD: GET
[2025-06-10 11:23:48] App::__construct - SCRIPT_NAME: /WEB_project_presentation_generator/public/index.php
[2025-06-10 11:23:48] App::__construct - PHP_SELF: /WEB_project_presentation_generator/public/index.php
[2025-06-10 11:23:48] App::__construct - Selected controller: DashboardController
[2025-06-10 11:23:48] App::__construct - Selected method: viewWorkspace
[2025-06-10 11:23:48] App::__construct - Parameters: Array
(
    [0] => 26
)

[2025-06-10 11:23:48] App::__construct - Calling controller method with parameters
[2025-06-10 11:23:50] App::parseUrl - Parsed URL from REQUEST_URI: Array
(
    [0] => presentation
    [1] => create
    [2] => 26
)

[2025-06-10 11:23:50] App::parseUrl - Final URL segments: Array
(
    [0] => presentation
    [1] => create
    [2] => 26
)

[2025-06-10 11:23:50] App::__construct - REQUEST_URI: /WEB_project_presentation_generator/public/presentation/create/26
[2025-06-10 11:23:50] App::__construct - REQUEST_METHOD: GET
[2025-06-10 11:23:50] App::__construct - SCRIPT_NAME: /WEB_project_presentation_generator/public/index.php
[2025-06-10 11:23:50] App::__construct - PHP_SELF: /WEB_project_presentation_generator/public/index.php
[2025-06-10 11:23:50] App::__construct - Selected controller: PresentationController
[2025-06-10 11:23:50] App::__construct - Selected method: create
[2025-06-10 11:23:50] App::__construct - Parameters: Array
(
    [0] => 26
)

[2025-06-10 11:23:50] App::__construct - Calling controller method with parameters
[2025-06-10 11:23:56] App::parseUrl - Parsed URL from REQUEST_URI: Array
(
    [0] => presentation
    [1] => import
    [2] => 26
)

[2025-06-10 11:23:56] App::parseUrl - Final URL segments: Array
(
    [0] => presentation
    [1] => import
    [2] => 26
)

[2025-06-10 11:23:56] App::__construct - REQUEST_URI: /WEB_project_presentation_generator/public/presentation/import/26
[2025-06-10 11:23:56] App::__construct - REQUEST_METHOD: POST
[2025-06-10 11:23:56] App::__construct - SCRIPT_NAME: /WEB_project_presentation_generator/public/index.php
[2025-06-10 11:23:56] App::__construct - PHP_SELF: /WEB_project_presentation_generator/public/index.php
[2025-06-10 11:23:56] App::__construct - Selected controller: PresentationController
[2025-06-10 11:23:56] App::__construct - Selected method: import
[2025-06-10 11:23:56] App::__construct - Parameters: Array
(
    [0] => 26
)

[2025-06-10 11:23:56] App::__construct - Calling controller method with parameters
[2025-06-10 11:23:56] App::parseUrl - Parsed URL from REQUEST_URI: Array
(
    [0] => presentation
    [1] => viewPresentation
    [2] => 105
)

[2025-06-10 11:23:56] App::parseUrl - Final URL segments: Array
(
    [0] => presentation
    [1] => viewPresentation
    [2] => 105
)

[2025-06-10 11:23:56] App::__construct - REQUEST_URI: /WEB_project_presentation_generator/public/presentation/viewPresentation/105
[2025-06-10 11:23:56] App::__construct - REQUEST_METHOD: GET
[2025-06-10 11:23:56] App::__construct - SCRIPT_NAME: /WEB_project_presentation_generator/public/index.php
[2025-06-10 11:23:56] App::__construct - PHP_SELF: /WEB_project_presentation_generator/public/index.php
[2025-06-10 11:23:56] App::__construct - Selected controller: PresentationController
[2025-06-10 11:23:56] App::__construct - Selected method: viewPresentation
[2025-06-10 11:23:56] App::__construct - Parameters: Array
(
    [0] => 105
)

[2025-06-10 11:23:56] App::__construct - Calling controller method with parameters
[2025-06-10 11:24:43] App::parseUrl - Parsed URL from REQUEST_URI: Array
(
    [0] => dashboard
)

[2025-06-10 11:24:43] App::parseUrl - Final URL segments: Array
(
    [0] => dashboard
)

[2025-06-10 11:24:43] App::__construct - REQUEST_URI: /WEB_project_presentation_generator/public/dashboard
[2025-06-10 11:24:43] App::__construct - REQUEST_METHOD: GET
[2025-06-10 11:24:43] App::__construct - SCRIPT_NAME: /WEB_project_presentation_generator/public/index.php
[2025-06-10 11:24:43] App::__construct - PHP_SELF: /WEB_project_presentation_generator/public/index.php
[2025-06-10 11:24:43] App::__construct - Selected controller: DashboardController
[2025-06-10 11:24:43] App::__construct - Parameters: Array
(
)

[2025-06-10 11:24:43] App::__construct - Calling controller method with parameters
[2025-06-10 11:24:44] App::parseUrl - Parsed URL from REQUEST_URI: Array
(
    [0] => dashboard
    [1] => viewWorkspace
    [2] => 26
)

[2025-06-10 11:24:44] App::parseUrl - Final URL segments: Array
(
    [0] => dashboard
    [1] => viewWorkspace
    [2] => 26
)

[2025-06-10 11:24:44] App::__construct - REQUEST_URI: /WEB_project_presentation_generator/public/dashboard/viewWorkspace/26
[2025-06-10 11:24:44] App::__construct - REQUEST_METHOD: GET
[2025-06-10 11:24:44] App::__construct - SCRIPT_NAME: /WEB_project_presentation_generator/public/index.php
[2025-06-10 11:24:44] App::__construct - PHP_SELF: /WEB_project_presentation_generator/public/index.php
[2025-06-10 11:24:44] App::__construct - Selected controller: DashboardController
[2025-06-10 11:24:44] App::__construct - Selected method: viewWorkspace
[2025-06-10 11:24:44] App::__construct - Parameters: Array
(
    [0] => 26
)

[2025-06-10 11:24:44] App::__construct - Calling controller method with parameters
[2025-06-10 11:24:45] App::parseUrl - Parsed URL from REQUEST_URI: Array
(
    [0] => presentation
    [1] => create
    [2] => 26
)

[2025-06-10 11:24:45] App::parseUrl - Final URL segments: Array
(
    [0] => presentation
    [1] => create
    [2] => 26
)

[2025-06-10 11:24:45] App::__construct - REQUEST_URI: /WEB_project_presentation_generator/public/presentation/create/26
[2025-06-10 11:24:45] App::__construct - REQUEST_METHOD: GET
[2025-06-10 11:24:45] App::__construct - SCRIPT_NAME: /WEB_project_presentation_generator/public/index.php
[2025-06-10 11:24:45] App::__construct - PHP_SELF: /WEB_project_presentation_generator/public/index.php
[2025-06-10 11:24:45] App::__construct - Selected controller: PresentationController
[2025-06-10 11:24:45] App::__construct - Selected method: create
[2025-06-10 11:24:45] App::__construct - Parameters: Array
(
    [0] => 26
)

[2025-06-10 11:24:45] App::__construct - Calling controller method with parameters
[2025-06-10 11:24:52] App::parseUrl - Parsed URL from REQUEST_URI: Array
(
    [0] => presentation
    [1] => import
    [2] => 26
)

[2025-06-10 11:24:52] App::parseUrl - Final URL segments: Array
(
    [0] => presentation
    [1] => import
    [2] => 26
)

[2025-06-10 11:24:52] App::__construct - REQUEST_URI: /WEB_project_presentation_generator/public/presentation/import/26
[2025-06-10 11:24:52] App::__construct - REQUEST_METHOD: POST
[2025-06-10 11:24:52] App::__construct - SCRIPT_NAME: /WEB_project_presentation_generator/public/index.php
[2025-06-10 11:24:52] App::__construct - PHP_SELF: /WEB_project_presentation_generator/public/index.php
[2025-06-10 11:24:52] App::__construct - Selected controller: PresentationController
[2025-06-10 11:24:52] App::__construct - Selected method: import
[2025-06-10 11:24:52] App::__construct - Parameters: Array
(
    [0] => 26
)

[2025-06-10 11:24:52] App::__construct - Calling controller method with parameters
[2025-06-10 11:24:52] App::parseUrl - Parsed URL from REQUEST_URI: Array
(
    [0] => presentation
    [1] => viewPresentation
    [2] => 106
)

[2025-06-10 11:24:52] App::parseUrl - Final URL segments: Array
(
    [0] => presentation
    [1] => viewPresentation
    [2] => 106
)

[2025-06-10 11:24:52] App::__construct - REQUEST_URI: /WEB_project_presentation_generator/public/presentation/viewPresentation/106
[2025-06-10 11:24:52] App::__construct - REQUEST_METHOD: GET
[2025-06-10 11:24:52] App::__construct - SCRIPT_NAME: /WEB_project_presentation_generator/public/index.php
[2025-06-10 11:24:52] App::__construct - PHP_SELF: /WEB_project_presentation_generator/public/index.php
[2025-06-10 11:24:52] App::__construct - Selected controller: PresentationController
[2025-06-10 11:24:52] App::__construct - Selected method: viewPresentation
[2025-06-10 11:24:52] App::__construct - Parameters: Array
(
    [0] => 106
)

[2025-06-10 11:24:52] App::__construct - Calling controller method with parameters
[2025-06-10 11:25:48] App::parseUrl - Parsed URL from REQUEST_URI: Array
(
    [0] => presentation
    [1] => delete
    [2] => 106
)

[2025-06-10 11:25:48] App::parseUrl - Final URL segments: Array
(
    [0] => presentation
    [1] => delete
    [2] => 106
)

[2025-06-10 11:25:48] App::__construct - REQUEST_URI: /WEB_project_presentation_generator/public/presentation/delete/106
[2025-06-10 11:25:48] App::__construct - REQUEST_METHOD: GET
[2025-06-10 11:25:48] App::__construct - SCRIPT_NAME: /WEB_project_presentation_generator/public/index.php
[2025-06-10 11:25:48] App::__construct - PHP_SELF: /WEB_project_presentation_generator/public/index.php
[2025-06-10 11:25:48] App::__construct - Selected controller: PresentationController
[2025-06-10 11:25:48] App::__construct - Selected method: delete
[2025-06-10 11:25:48] App::__construct - Parameters: Array
(
    [0] => 106
)

[2025-06-10 11:25:48] App::__construct - Calling controller method with parameters
[2025-06-10 11:25:49] App::parseUrl - Parsed URL from REQUEST_URI: Array
(
    [0] => presentation
    [1] => delete
    [2] => 106
)

[2025-06-10 11:25:49] App::parseUrl - Final URL segments: Array
(
    [0] => presentation
    [1] => delete
    [2] => 106
)

[2025-06-10 11:25:49] App::__construct - REQUEST_URI: /WEB_project_presentation_generator/public/presentation/delete/106
[2025-06-10 11:25:49] App::__construct - REQUEST_METHOD: POST
[2025-06-10 11:25:49] App::__construct - SCRIPT_NAME: /WEB_project_presentation_generator/public/index.php
[2025-06-10 11:25:49] App::__construct - PHP_SELF: /WEB_project_presentation_generator/public/index.php
[2025-06-10 11:25:49] App::__construct - Selected controller: PresentationController
[2025-06-10 11:25:49] App::__construct - Selected method: delete
[2025-06-10 11:25:49] App::__construct - Parameters: Array
(
    [0] => 106
)

[2025-06-10 11:25:49] App::__construct - Calling controller method with parameters
[2025-06-10 11:25:49] App::parseUrl - Parsed URL from REQUEST_URI: Array
(
    [0] => dashboard
    [1] => workspace
    [2] => 26
)

[2025-06-10 11:25:49] App::parseUrl - Final URL segments: Array
(
    [0] => dashboard
    [1] => workspace
    [2] => 26
)

[2025-06-10 11:25:49] App::__construct - REQUEST_URI: /WEB_project_presentation_generator/public/dashboard/workspace/26
[2025-06-10 11:25:49] App::__construct - REQUEST_METHOD: GET
[2025-06-10 11:25:49] App::__construct - SCRIPT_NAME: /WEB_project_presentation_generator/public/index.php
[2025-06-10 11:25:49] App::__construct - PHP_SELF: /WEB_project_presentation_generator/public/index.php
[2025-06-10 11:25:49] App::__construct - Selected controller: DashboardController
[2025-06-10 11:25:49] App::parseUrl - Parsed URL from REQUEST_URI: Array
(
    [0] => dashboard
)

[2025-06-10 11:25:49] App::parseUrl - Final URL segments: Array
(
    [0] => dashboard
)

[2025-06-10 11:25:49] App::__construct - REQUEST_URI: /WEB_project_presentation_generator/public/dashboard
[2025-06-10 11:25:49] App::__construct - REQUEST_METHOD: GET
[2025-06-10 11:25:49] App::__construct - SCRIPT_NAME: /WEB_project_presentation_generator/public/index.php
[2025-06-10 11:25:49] App::__construct - PHP_SELF: /WEB_project_presentation_generator/public/index.php
[2025-06-10 11:25:49] App::__construct - Selected controller: DashboardController
[2025-06-10 11:25:49] App::__construct - Parameters: Array
(
)

[2025-06-10 11:25:49] App::__construct - Calling controller method with parameters
[2025-06-10 11:25:50] App::parseUrl - Parsed URL from REQUEST_URI: Array
(
    [0] => dashboard
    [1] => viewWorkspace
    [2] => 26
)

[2025-06-10 11:25:50] App::parseUrl - Final URL segments: Array
(
    [0] => dashboard
    [1] => viewWorkspace
    [2] => 26
)

[2025-06-10 11:25:50] App::__construct - REQUEST_URI: /WEB_project_presentation_generator/public/dashboard/viewWorkspace/26
[2025-06-10 11:25:50] App::__construct - REQUEST_METHOD: GET
[2025-06-10 11:25:50] App::__construct - SCRIPT_NAME: /WEB_project_presentation_generator/public/index.php
[2025-06-10 11:25:50] App::__construct - PHP_SELF: /WEB_project_presentation_generator/public/index.php
[2025-06-10 11:25:50] App::__construct - Selected controller: DashboardController
[2025-06-10 11:25:50] App::__construct - Selected method: viewWorkspace
[2025-06-10 11:25:50] App::__construct - Parameters: Array
(
    [0] => 26
)

[2025-06-10 11:25:50] App::__construct - Calling controller method with parameters
[2025-06-10 11:25:52] App::parseUrl - Parsed URL from REQUEST_URI: Array
(
    [0] => presentation
    [1] => create
    [2] => 26
)

[2025-06-10 11:25:52] App::parseUrl - Final URL segments: Array
(
    [0] => presentation
    [1] => create
    [2] => 26
)

[2025-06-10 11:25:52] App::__construct - REQUEST_URI: /WEB_project_presentation_generator/public/presentation/create/26
[2025-06-10 11:25:52] App::__construct - REQUEST_METHOD: GET
[2025-06-10 11:25:52] App::__construct - SCRIPT_NAME: /WEB_project_presentation_generator/public/index.php
[2025-06-10 11:25:52] App::__construct - PHP_SELF: /WEB_project_presentation_generator/public/index.php
[2025-06-10 11:25:52] App::__construct - Selected controller: PresentationController
[2025-06-10 11:25:52] App::__construct - Selected method: create
[2025-06-10 11:25:52] App::__construct - Parameters: Array
(
    [0] => 26
)

[2025-06-10 11:25:52] App::__construct - Calling controller method with parameters
[2025-06-10 11:25:58] App::parseUrl - Parsed URL from REQUEST_URI: Array
(
    [0] => presentation
    [1] => import
    [2] => 26
)

[2025-06-10 11:25:58] App::parseUrl - Final URL segments: Array
(
    [0] => presentation
    [1] => import
    [2] => 26
)

[2025-06-10 11:25:58] App::__construct - REQUEST_URI: /WEB_project_presentation_generator/public/presentation/import/26
[2025-06-10 11:25:58] App::__construct - REQUEST_METHOD: POST
[2025-06-10 11:25:58] App::__construct - SCRIPT_NAME: /WEB_project_presentation_generator/public/index.php
[2025-06-10 11:25:58] App::__construct - PHP_SELF: /WEB_project_presentation_generator/public/index.php
[2025-06-10 11:25:58] App::__construct - Selected controller: PresentationController
[2025-06-10 11:25:58] App::__construct - Selected method: import
[2025-06-10 11:25:58] App::__construct - Parameters: Array
(
    [0] => 26
)

[2025-06-10 11:25:58] App::__construct - Calling controller method with parameters
[2025-06-10 11:25:58] App::parseUrl - Parsed URL from REQUEST_URI: Array
(
    [0] => presentation
    [1] => viewPresentation
    [2] => 107
)

[2025-06-10 11:25:58] App::parseUrl - Final URL segments: Array
(
    [0] => presentation
    [1] => viewPresentation
    [2] => 107
)

[2025-06-10 11:25:58] App::__construct - REQUEST_URI: /WEB_project_presentation_generator/public/presentation/viewPresentation/107
[2025-06-10 11:25:58] App::__construct - REQUEST_METHOD: GET
[2025-06-10 11:25:58] App::__construct - SCRIPT_NAME: /WEB_project_presentation_generator/public/index.php
[2025-06-10 11:25:58] App::__construct - PHP_SELF: /WEB_project_presentation_generator/public/index.php
[2025-06-10 11:25:58] App::__construct - Selected controller: PresentationController
[2025-06-10 11:25:58] App::__construct - Selected method: viewPresentation
[2025-06-10 11:25:58] App::__construct - Parameters: Array
(
    [0] => 107
)

[2025-06-10 11:25:58] App::__construct - Calling controller method with parameters
[2025-06-10 11:36:13] App::parseUrl - Parsed URL from REQUEST_URI: Array
(
    [0] => presentation
    [1] => export
    [2] => 100
    [3] => xml
)

[2025-06-10 11:36:13] App::parseUrl - Final URL segments: Array
(
    [0] => presentation
    [1] => export
    [2] => 100
    [3] => xml
)

[2025-06-10 11:36:13] App::__construct - REQUEST_URI: /WEB_project_presentation_generator/public/presentation/export/100/xml
[2025-06-10 11:36:13] App::__construct - REQUEST_METHOD: GET
[2025-06-10 11:36:13] App::__construct - SCRIPT_NAME: /WEB_project_presentation_generator/public/index.php
[2025-06-10 11:36:13] App::__construct - PHP_SELF: /WEB_project_presentation_generator/public/index.php
[2025-06-10 11:36:13] App::__construct - Selected controller: PresentationController
[2025-06-10 11:36:13] App::__construct - Selected method: export
[2025-06-10 11:36:13] App::__construct - Parameters: Array
(
    [0] => 100
    [1] => xml
)

[2025-06-10 11:36:13] App::__construct - Calling controller method with parameters
[2025-06-10 11:36:25] App::parseUrl - Parsed URL from REQUEST_URI: Array
(
    [0] => dashboard
    [1] => viewWorkspace
    [2] => 26
)

[2025-06-10 11:36:25] App::parseUrl - Final URL segments: Array
(
    [0] => dashboard
    [1] => viewWorkspace
    [2] => 26
)

[2025-06-10 11:36:25] App::__construct - REQUEST_URI: /WEB_project_presentation_generator/public/dashboard/viewWorkspace/26
[2025-06-10 11:36:25] App::__construct - REQUEST_METHOD: GET
[2025-06-10 11:36:25] App::__construct - SCRIPT_NAME: /WEB_project_presentation_generator/public/index.php
[2025-06-10 11:36:25] App::__construct - PHP_SELF: /WEB_project_presentation_generator/public/index.php
[2025-06-10 11:36:25] App::__construct - Selected controller: DashboardController
[2025-06-10 11:36:25] App::__construct - Selected method: viewWorkspace
[2025-06-10 11:36:25] App::__construct - Parameters: Array
(
    [0] => 26
)

[2025-06-10 11:36:25] App::__construct - Calling controller method with parameters
[2025-06-10 11:36:27] App::parseUrl - Parsed URL from REQUEST_URI: Array
(
    [0] => dashboard
)

[2025-06-10 11:36:27] App::parseUrl - Final URL segments: Array
(
    [0] => dashboard
)

[2025-06-10 11:36:27] App::__construct - REQUEST_URI: /WEB_project_presentation_generator/public/dashboard
[2025-06-10 11:36:27] App::__construct - REQUEST_METHOD: GET
[2025-06-10 11:36:27] App::__construct - SCRIPT_NAME: /WEB_project_presentation_generator/public/index.php
[2025-06-10 11:36:27] App::__construct - PHP_SELF: /WEB_project_presentation_generator/public/index.php
[2025-06-10 11:36:27] App::__construct - Selected controller: DashboardController
[2025-06-10 11:36:27] App::__construct - Parameters: Array
(
)

[2025-06-10 11:36:27] App::__construct - Calling controller method with parameters
[2025-06-10 11:36:30] App::parseUrl - Parsed URL from REQUEST_URI: Array
(
    [0] => dashboard
    [1] => viewWorkspace
    [2] => 20
)

[2025-06-10 11:36:30] App::parseUrl - Final URL segments: Array
(
    [0] => dashboard
    [1] => viewWorkspace
    [2] => 20
)

[2025-06-10 11:36:30] App::__construct - REQUEST_URI: /WEB_project_presentation_generator/public/dashboard/viewWorkspace/20
[2025-06-10 11:36:30] App::__construct - REQUEST_METHOD: GET
[2025-06-10 11:36:30] App::__construct - SCRIPT_NAME: /WEB_project_presentation_generator/public/index.php
[2025-06-10 11:36:30] App::__construct - PHP_SELF: /WEB_project_presentation_generator/public/index.php
[2025-06-10 11:36:30] App::__construct - Selected controller: DashboardController
[2025-06-10 11:36:30] App::__construct - Selected method: viewWorkspace
[2025-06-10 11:36:30] App::__construct - Parameters: Array
(
    [0] => 20
)

[2025-06-10 11:36:30] App::__construct - Calling controller method with parameters
[2025-06-10 11:43:57] App::parseUrl - Parsed URL from REQUEST_URI: Array
(
    [0] => dashboard
)

[2025-06-10 11:43:57] App::parseUrl - Final URL segments: Array
(
    [0] => dashboard
)

[2025-06-10 11:43:57] App::__construct - REQUEST_URI: /WEB_project_presentation_generator/public/dashboard
[2025-06-10 11:43:57] App::__construct - REQUEST_METHOD: GET
[2025-06-10 11:43:57] App::__construct - SCRIPT_NAME: /WEB_project_presentation_generator/public/index.php
[2025-06-10 11:43:57] App::__construct - PHP_SELF: /WEB_project_presentation_generator/public/index.php
[2025-06-10 11:43:57] App::__construct - Selected controller: DashboardController
[2025-06-10 11:43:57] App::__construct - Parameters: Array
(
)

[2025-06-10 11:43:57] App::__construct - Calling controller method with parameters
[2025-06-10 11:43:58] App::parseUrl - Parsed URL from REQUEST_URI: Array
(
    [0] => dashboard
    [1] => viewWorkspace
    [2] => 26
)

[2025-06-10 11:43:58] App::parseUrl - Final URL segments: Array
(
    [0] => dashboard
    [1] => viewWorkspace
    [2] => 26
)

[2025-06-10 11:43:58] App::__construct - REQUEST_URI: /WEB_project_presentation_generator/public/dashboard/viewWorkspace/26
[2025-06-10 11:43:58] App::__construct - REQUEST_METHOD: GET
[2025-06-10 11:43:58] App::__construct - SCRIPT_NAME: /WEB_project_presentation_generator/public/index.php
[2025-06-10 11:43:58] App::__construct - PHP_SELF: /WEB_project_presentation_generator/public/index.php
[2025-06-10 11:43:58] App::__construct - Selected controller: DashboardController
[2025-06-10 11:43:58] App::__construct - Selected method: viewWorkspace
[2025-06-10 11:43:58] App::__construct - Parameters: Array
(
    [0] => 26
)

[2025-06-10 11:43:58] App::__construct - Calling controller method with parameters
[2025-06-10 11:44:02] App::parseUrl - Parsed URL from REQUEST_URI: Array
(
    [0] => presentation
    [1] => create
    [2] => 26
)

[2025-06-10 11:44:02] App::parseUrl - Final URL segments: Array
(
    [0] => presentation
    [1] => create
    [2] => 26
)

[2025-06-10 11:44:02] App::__construct - REQUEST_URI: /WEB_project_presentation_generator/public/presentation/create/26
[2025-06-10 11:44:02] App::__construct - REQUEST_METHOD: GET
[2025-06-10 11:44:02] App::__construct - SCRIPT_NAME: /WEB_project_presentation_generator/public/index.php
[2025-06-10 11:44:02] App::__construct - PHP_SELF: /WEB_project_presentation_generator/public/index.php
[2025-06-10 11:44:02] App::__construct - Selected controller: PresentationController
[2025-06-10 11:44:02] App::__construct - Selected method: create
[2025-06-10 11:44:02] App::__construct - Parameters: Array
(
    [0] => 26
)

[2025-06-10 11:44:02] App::__construct - Calling controller method with parameters
[2025-06-10 11:44:12] App::parseUrl - Parsed URL from REQUEST_URI: Array
(
    [0] => presentation
    [1] => import
    [2] => 26
)

[2025-06-10 11:44:12] App::parseUrl - Final URL segments: Array
(
    [0] => presentation
    [1] => import
    [2] => 26
)

[2025-06-10 11:44:12] App::__construct - REQUEST_URI: /WEB_project_presentation_generator/public/presentation/import/26
[2025-06-10 11:44:12] App::__construct - REQUEST_METHOD: POST
[2025-06-10 11:44:12] App::__construct - SCRIPT_NAME: /WEB_project_presentation_generator/public/index.php
[2025-06-10 11:44:12] App::__construct - PHP_SELF: /WEB_project_presentation_generator/public/index.php
[2025-06-10 11:44:12] App::__construct - Selected controller: PresentationController
[2025-06-10 11:44:12] App::__construct - Selected method: import
[2025-06-10 11:44:12] App::__construct - Parameters: Array
(
    [0] => 26
)

[2025-06-10 11:44:12] App::__construct - Calling controller method with parameters
[2025-06-10 11:44:12] App::parseUrl - Parsed URL from REQUEST_URI: Array
(
    [0] => presentation
    [1] => viewPresentation
    [2] => 113
)

[2025-06-10 11:44:12] App::parseUrl - Final URL segments: Array
(
    [0] => presentation
    [1] => viewPresentation
    [2] => 113
)

[2025-06-10 11:44:12] App::__construct - REQUEST_URI: /WEB_project_presentation_generator/public/presentation/viewPresentation/113
[2025-06-10 11:44:12] App::__construct - REQUEST_METHOD: GET
[2025-06-10 11:44:12] App::__construct - SCRIPT_NAME: /WEB_project_presentation_generator/public/index.php
[2025-06-10 11:44:12] App::__construct - PHP_SELF: /WEB_project_presentation_generator/public/index.php
[2025-06-10 11:44:12] App::__construct - Selected controller: PresentationController
[2025-06-10 11:44:12] App::__construct - Selected method: viewPresentation
[2025-06-10 11:44:12] App::__construct - Parameters: Array
(
    [0] => 113
)

[2025-06-10 11:44:12] App::__construct - Calling controller method with parameters
[2025-06-10 11:44:20] App::parseUrl - Parsed URL from REQUEST_URI: Array
(
    [0] => slide
    [1] => edit
    [2] => 773
)

[2025-06-10 11:44:20] App::parseUrl - Final URL segments: Array
(
    [0] => slide
    [1] => edit
    [2] => 773
)

[2025-06-10 11:44:20] App::__construct - REQUEST_URI: /WEB_project_presentation_generator/public/slide/edit/773
[2025-06-10 11:44:20] App::__construct - REQUEST_METHOD: GET
[2025-06-10 11:44:20] App::__construct - SCRIPT_NAME: /WEB_project_presentation_generator/public/index.php
[2025-06-10 11:44:20] App::__construct - PHP_SELF: /WEB_project_presentation_generator/public/index.php
[2025-06-10 11:44:20] App::__construct - Selected controller: SlideController
[2025-06-10 11:44:20] App::__construct - Selected method: edit
[2025-06-10 11:44:20] App::__construct - Parameters: Array
(
    [0] => 773
)

[2025-06-10 11:44:20] App::__construct - Calling controller method with parameters
[2025-06-10 11:44:26] App::parseUrl - Parsed URL from REQUEST_URI: Array
(
    [0] => presentation
    [1] => viewPresentation
    [2] => 113
)

[2025-06-10 11:44:26] App::parseUrl - Final URL segments: Array
(
    [0] => presentation
    [1] => viewPresentation
    [2] => 113
)

[2025-06-10 11:44:26] App::__construct - REQUEST_URI: /WEB_project_presentation_generator/public/presentation/viewPresentation/113
[2025-06-10 11:44:26] App::__construct - REQUEST_METHOD: GET
[2025-06-10 11:44:26] App::__construct - SCRIPT_NAME: /WEB_project_presentation_generator/public/index.php
[2025-06-10 11:44:26] App::__construct - PHP_SELF: /WEB_project_presentation_generator/public/index.php
[2025-06-10 11:44:26] App::__construct - Selected controller: PresentationController
[2025-06-10 11:44:26] App::__construct - Selected method: viewPresentation
[2025-06-10 11:44:26] App::__construct - Parameters: Array
(
    [0] => 113
)

[2025-06-10 11:44:26] App::__construct - Calling controller method with parameters
[2025-06-10 11:44:37] App::parseUrl - Parsed URL from REQUEST_URI: Array
(
    [0] => slide
    [1] => edit
    [2] => 772
)

[2025-06-10 11:44:37] App::parseUrl - Final URL segments: Array
(
    [0] => slide
    [1] => edit
    [2] => 772
)

[2025-06-10 11:44:37] App::__construct - REQUEST_URI: /WEB_project_presentation_generator/public/slide/edit/772
[2025-06-10 11:44:37] App::__construct - REQUEST_METHOD: GET
[2025-06-10 11:44:37] App::__construct - SCRIPT_NAME: /WEB_project_presentation_generator/public/index.php
[2025-06-10 11:44:37] App::__construct - PHP_SELF: /WEB_project_presentation_generator/public/index.php
[2025-06-10 11:44:37] App::__construct - Selected controller: SlideController
[2025-06-10 11:44:37] App::__construct - Selected method: edit
[2025-06-10 11:44:37] App::__construct - Parameters: Array
(
    [0] => 772
)

[2025-06-10 11:44:37] App::__construct - Calling controller method with parameters
[2025-06-10 11:44:39] App::parseUrl - Parsed URL from REQUEST_URI: Array
(
    [0] => presentation
    [1] => viewPresentation
    [2] => 113
)

[2025-06-10 11:44:39] App::parseUrl - Final URL segments: Array
(
    [0] => presentation
    [1] => viewPresentation
    [2] => 113
)

[2025-06-10 11:44:39] App::__construct - REQUEST_URI: /WEB_project_presentation_generator/public/presentation/viewPresentation/113
[2025-06-10 11:44:39] App::__construct - REQUEST_METHOD: GET
[2025-06-10 11:44:39] App::__construct - SCRIPT_NAME: /WEB_project_presentation_generator/public/index.php
[2025-06-10 11:44:39] App::__construct - PHP_SELF: /WEB_project_presentation_generator/public/index.php
[2025-06-10 11:44:39] App::__construct - Selected controller: PresentationController
[2025-06-10 11:44:39] App::__construct - Selected method: viewPresentation
[2025-06-10 11:44:39] App::__construct - Parameters: Array
(
    [0] => 113
)

[2025-06-10 11:44:39] App::__construct - Calling controller method with parameters
[2025-06-10 11:44:48] App::parseUrl - Parsed URL from REQUEST_URI: Array
(
    [0] => presentation
    [1] => review
    [2] => 113
)

[2025-06-10 11:44:48] App::parseUrl - Final URL segments: Array
(
    [0] => presentation
    [1] => review
    [2] => 113
)

[2025-06-10 11:44:48] App::__construct - REQUEST_URI: /WEB_project_presentation_generator/public/presentation/review/113
[2025-06-10 11:44:48] App::__construct - REQUEST_METHOD: GET
[2025-06-10 11:44:48] App::__construct - SCRIPT_NAME: /WEB_project_presentation_generator/public/index.php
[2025-06-10 11:44:48] App::__construct - PHP_SELF: /WEB_project_presentation_generator/public/index.php
[2025-06-10 11:44:48] App::__construct - Selected controller: PresentationController
[2025-06-10 11:44:48] App::__construct - Selected method: review
[2025-06-10 11:44:48] App::__construct - Parameters: Array
(
    [0] => 113
)

[2025-06-10 11:44:48] App::__construct - Calling controller method with parameters
[2025-06-10 11:44:52] App::parseUrl - Parsed URL from REQUEST_URI: Array
(
    [0] => presentation
    [1] => viewPresentation
    [2] => 113
)

[2025-06-10 11:44:52] App::parseUrl - Final URL segments: Array
(
    [0] => presentation
    [1] => viewPresentation
    [2] => 113
)

[2025-06-10 11:44:52] App::__construct - REQUEST_URI: /WEB_project_presentation_generator/public/presentation/viewPresentation/113
[2025-06-10 11:44:52] App::__construct - REQUEST_METHOD: GET
[2025-06-10 11:44:52] App::__construct - SCRIPT_NAME: /WEB_project_presentation_generator/public/index.php
[2025-06-10 11:44:52] App::__construct - PHP_SELF: /WEB_project_presentation_generator/public/index.php
[2025-06-10 11:44:52] App::__construct - Selected controller: PresentationController
[2025-06-10 11:44:52] App::__construct - Selected method: viewPresentation
[2025-06-10 11:44:52] App::__construct - Parameters: Array
(
    [0] => 113
)

[2025-06-10 11:44:52] App::__construct - Calling controller method with parameters
[2025-06-10 11:44:53] App::parseUrl - Parsed URL from REQUEST_URI: Array
(
    [0] => presentation
    [1] => edit
    [2] => 113
)

[2025-06-10 11:44:53] App::parseUrl - Final URL segments: Array
(
    [0] => presentation
    [1] => edit
    [2] => 113
)

[2025-06-10 11:44:53] App::__construct - REQUEST_URI: /WEB_project_presentation_generator/public/presentation/edit/113
[2025-06-10 11:44:53] App::__construct - REQUEST_METHOD: GET
[2025-06-10 11:44:53] App::__construct - SCRIPT_NAME: /WEB_project_presentation_generator/public/index.php
[2025-06-10 11:44:53] App::__construct - PHP_SELF: /WEB_project_presentation_generator/public/index.php
[2025-06-10 11:44:53] App::__construct - Selected controller: PresentationController
[2025-06-10 11:44:53] App::__construct - Selected method: edit
[2025-06-10 11:44:53] App::__construct - Parameters: Array
(
    [0] => 113
)

[2025-06-10 11:44:53] App::__construct - Calling controller method with parameters
[2025-06-10 11:44:55] App::parseUrl - Parsed URL from REQUEST_URI: Array
(
    [0] => presentation
    [1] => edit
    [2] => 113
)

[2025-06-10 11:44:55] App::parseUrl - Final URL segments: Array
(
    [0] => presentation
    [1] => edit
    [2] => 113
)

[2025-06-10 11:44:55] App::__construct - REQUEST_URI: /WEB_project_presentation_generator/public/presentation/edit/113
[2025-06-10 11:44:55] App::__construct - REQUEST_METHOD: POST
[2025-06-10 11:44:55] App::__construct - SCRIPT_NAME: /WEB_project_presentation_generator/public/index.php
[2025-06-10 11:44:55] App::__construct - PHP_SELF: /WEB_project_presentation_generator/public/index.php
[2025-06-10 11:44:55] App::__construct - Selected controller: PresentationController
[2025-06-10 11:44:55] App::__construct - Selected method: edit
[2025-06-10 11:44:55] App::__construct - Parameters: Array
(
    [0] => 113
)

[2025-06-10 11:44:55] App::__construct - Calling controller method with parameters
[2025-06-10 11:44:55] App::parseUrl - Parsed URL from REQUEST_URI: Array
(
    [0] => presentation
    [1] => viewPresentation
    [2] => 113
)

[2025-06-10 11:44:55] App::parseUrl - Final URL segments: Array
(
    [0] => presentation
    [1] => viewPresentation
    [2] => 113
)

[2025-06-10 11:44:55] App::__construct - REQUEST_URI: /WEB_project_presentation_generator/public/presentation/viewPresentation/113
[2025-06-10 11:44:55] App::__construct - REQUEST_METHOD: GET
[2025-06-10 11:44:55] App::__construct - SCRIPT_NAME: /WEB_project_presentation_generator/public/index.php
[2025-06-10 11:44:55] App::__construct - PHP_SELF: /WEB_project_presentation_generator/public/index.php
[2025-06-10 11:44:55] App::__construct - Selected controller: PresentationController
[2025-06-10 11:44:55] App::__construct - Selected method: viewPresentation
[2025-06-10 11:44:55] App::__construct - Parameters: Array
(
    [0] => 113
)

[2025-06-10 11:44:55] App::__construct - Calling controller method with parameters
[2025-06-10 11:45:00] App::parseUrl - Parsed URL from REQUEST_URI: Array
(
    [0] => presentation
    [1] => edit
    [2] => 113
)

[2025-06-10 11:45:00] App::parseUrl - Final URL segments: Array
(
    [0] => presentation
    [1] => edit
    [2] => 113
)

[2025-06-10 11:45:00] App::__construct - REQUEST_URI: /WEB_project_presentation_generator/public/presentation/edit/113
[2025-06-10 11:45:00] App::__construct - REQUEST_METHOD: GET
[2025-06-10 11:45:00] App::__construct - SCRIPT_NAME: /WEB_project_presentation_generator/public/index.php
[2025-06-10 11:45:00] App::__construct - PHP_SELF: /WEB_project_presentation_generator/public/index.php
[2025-06-10 11:45:00] App::__construct - Selected controller: PresentationController
[2025-06-10 11:45:00] App::__construct - Selected method: edit
[2025-06-10 11:45:00] App::__construct - Parameters: Array
(
    [0] => 113
)

[2025-06-10 11:45:00] App::__construct - Calling controller method with parameters
[2025-06-10 11:45:01] App::parseUrl - Parsed URL from REQUEST_URI: Array
(
    [0] => presentation
    [1] => viewPresentation
    [2] => 113
)

[2025-06-10 11:45:01] App::parseUrl - Final URL segments: Array
(
    [0] => presentation
    [1] => viewPresentation
    [2] => 113
)

[2025-06-10 11:45:01] App::__construct - REQUEST_URI: /WEB_project_presentation_generator/public/presentation/viewPresentation/113
[2025-06-10 11:45:01] App::__construct - REQUEST_METHOD: GET
[2025-06-10 11:45:01] App::__construct - SCRIPT_NAME: /WEB_project_presentation_generator/public/index.php
[2025-06-10 11:45:01] App::__construct - PHP_SELF: /WEB_project_presentation_generator/public/index.php
[2025-06-10 11:45:01] App::__construct - Selected controller: PresentationController
[2025-06-10 11:45:01] App::__construct - Selected method: viewPresentation
[2025-06-10 11:45:01] App::__construct - Parameters: Array
(
    [0] => 113
)

[2025-06-10 11:45:01] App::__construct - Calling controller method with parameters
[2025-06-10 11:45:02] App::parseUrl - Parsed URL from REQUEST_URI: Array
(
    [0] => dashboard
)

[2025-06-10 11:45:02] App::parseUrl - Final URL segments: Array
(
    [0] => dashboard
)

[2025-06-10 11:45:02] App::__construct - REQUEST_URI: /WEB_project_presentation_generator/public/dashboard
[2025-06-10 11:45:02] App::__construct - REQUEST_METHOD: GET
[2025-06-10 11:45:02] App::__construct - SCRIPT_NAME: /WEB_project_presentation_generator/public/index.php
[2025-06-10 11:45:02] App::__construct - PHP_SELF: /WEB_project_presentation_generator/public/index.php
[2025-06-10 11:45:02] App::__construct - Selected controller: DashboardController
[2025-06-10 11:45:02] App::__construct - Parameters: Array
(
)

[2025-06-10 11:45:02] App::__construct - Calling controller method with parameters
[2025-06-10 11:46:14] App::parseUrl - Parsed URL from REQUEST_URI: Array
(
    [0] => dashboard
    [1] => viewWorkspace
    [2] => 26
)

[2025-06-10 11:46:14] App::parseUrl - Final URL segments: Array
(
    [0] => dashboard
    [1] => viewWorkspace
    [2] => 26
)

[2025-06-10 11:46:14] App::__construct - REQUEST_URI: /WEB_project_presentation_generator/public/dashboard/viewWorkspace/26
[2025-06-10 11:46:14] App::__construct - REQUEST_METHOD: GET
[2025-06-10 11:46:14] App::__construct - SCRIPT_NAME: /WEB_project_presentation_generator/public/index.php
[2025-06-10 11:46:14] App::__construct - PHP_SELF: /WEB_project_presentation_generator/public/index.php
[2025-06-10 11:46:14] App::__construct - Selected controller: DashboardController
[2025-06-10 11:46:14] App::__construct - Selected method: viewWorkspace
[2025-06-10 11:46:14] App::__construct - Parameters: Array
(
    [0] => 26
)

[2025-06-10 11:46:14] App::__construct - Calling controller method with parameters
[2025-06-10 11:46:15] App::parseUrl - Parsed URL from REQUEST_URI: Array
(
    [0] => dashboard
    [1] => deleteWorkspace
    [2] => 26
)

[2025-06-10 11:46:15] App::parseUrl - Final URL segments: Array
(
    [0] => dashboard
    [1] => deleteWorkspace
    [2] => 26
)

[2025-06-10 11:46:15] App::__construct - REQUEST_URI: /WEB_project_presentation_generator/public/dashboard/deleteWorkspace/26
[2025-06-10 11:46:15] App::__construct - REQUEST_METHOD: GET
[2025-06-10 11:46:15] App::__construct - SCRIPT_NAME: /WEB_project_presentation_generator/public/index.php
[2025-06-10 11:46:15] App::__construct - PHP_SELF: /WEB_project_presentation_generator/public/index.php
[2025-06-10 11:46:15] App::__construct - Selected controller: DashboardController
[2025-06-10 11:46:15] App::__construct - Selected method: deleteWorkspace
[2025-06-10 11:46:15] App::__construct - Parameters: Array
(
    [0] => 26
)

[2025-06-10 11:46:15] App::__construct - Calling controller method with parameters
[2025-06-10 11:46:16] App::parseUrl - Parsed URL from REQUEST_URI: Array
(
    [0] => dashboard
    [1] => deleteWorkspace
    [2] => 26
)

[2025-06-10 11:46:16] App::parseUrl - Final URL segments: Array
(
    [0] => dashboard
    [1] => deleteWorkspace
    [2] => 26
)

[2025-06-10 11:46:16] App::__construct - REQUEST_URI: /WEB_project_presentation_generator/public/dashboard/deleteWorkspace/26
[2025-06-10 11:46:16] App::__construct - REQUEST_METHOD: POST
[2025-06-10 11:46:16] App::__construct - SCRIPT_NAME: /WEB_project_presentation_generator/public/index.php
[2025-06-10 11:46:16] App::__construct - PHP_SELF: /WEB_project_presentation_generator/public/index.php
[2025-06-10 11:46:16] App::__construct - Selected controller: DashboardController
[2025-06-10 11:46:16] App::__construct - Selected method: deleteWorkspace
[2025-06-10 11:46:16] App::__construct - Parameters: Array
(
    [0] => 26
)

[2025-06-10 11:46:16] App::__construct - Calling controller method with parameters
[2025-06-10 11:46:16] App::parseUrl - Parsed URL from REQUEST_URI: Array
(
    [0] => dashboard
)

[2025-06-10 11:46:16] App::parseUrl - Final URL segments: Array
(
    [0] => dashboard
)

[2025-06-10 11:46:16] App::__construct - REQUEST_URI: /WEB_project_presentation_generator/public/dashboard
[2025-06-10 11:46:16] App::__construct - REQUEST_METHOD: GET
[2025-06-10 11:46:16] App::__construct - SCRIPT_NAME: /WEB_project_presentation_generator/public/index.php
[2025-06-10 11:46:16] App::__construct - PHP_SELF: /WEB_project_presentation_generator/public/index.php
[2025-06-10 11:46:16] App::__construct - Selected controller: DashboardController
[2025-06-10 11:46:16] App::__construct - Parameters: Array
(
)

[2025-06-10 11:46:16] App::__construct - Calling controller method with parameters
[2025-06-10 11:46:18] App::parseUrl - Parsed URL from REQUEST_URI: Array
(
    [0] => dashboard
    [1] => viewWorkspace
    [2] => 22
)

[2025-06-10 11:46:18] App::parseUrl - Final URL segments: Array
(
    [0] => dashboard
    [1] => viewWorkspace
    [2] => 22
)

[2025-06-10 11:46:18] App::__construct - REQUEST_URI: /WEB_project_presentation_generator/public/dashboard/viewWorkspace/22
[2025-06-10 11:46:18] App::__construct - REQUEST_METHOD: GET
[2025-06-10 11:46:18] App::__construct - SCRIPT_NAME: /WEB_project_presentation_generator/public/index.php
[2025-06-10 11:46:18] App::__construct - PHP_SELF: /WEB_project_presentation_generator/public/index.php
[2025-06-10 11:46:18] App::__construct - Selected controller: DashboardController
[2025-06-10 11:46:18] App::__construct - Selected method: viewWorkspace
[2025-06-10 11:46:18] App::__construct - Parameters: Array
(
    [0] => 22
)

[2025-06-10 11:46:18] App::__construct - Calling controller method with parameters
[2025-06-10 11:46:19] App::parseUrl - Parsed URL from REQUEST_URI: Array
(
    [0] => dashboard
    [1] => deleteWorkspace
    [2] => 22
)

[2025-06-10 11:46:19] App::parseUrl - Final URL segments: Array
(
    [0] => dashboard
    [1] => deleteWorkspace
    [2] => 22
)

[2025-06-10 11:46:19] App::__construct - REQUEST_URI: /WEB_project_presentation_generator/public/dashboard/deleteWorkspace/22
[2025-06-10 11:46:19] App::__construct - REQUEST_METHOD: GET
[2025-06-10 11:46:19] App::__construct - SCRIPT_NAME: /WEB_project_presentation_generator/public/index.php
[2025-06-10 11:46:19] App::__construct - PHP_SELF: /WEB_project_presentation_generator/public/index.php
[2025-06-10 11:46:19] App::__construct - Selected controller: DashboardController
[2025-06-10 11:46:19] App::__construct - Selected method: deleteWorkspace
[2025-06-10 11:46:19] App::__construct - Parameters: Array
(
    [0] => 22
)

[2025-06-10 11:46:19] App::__construct - Calling controller method with parameters
[2025-06-10 11:46:20] App::parseUrl - Parsed URL from REQUEST_URI: Array
(
    [0] => dashboard
    [1] => deleteWorkspace
    [2] => 22
)

[2025-06-10 11:46:20] App::parseUrl - Final URL segments: Array
(
    [0] => dashboard
    [1] => deleteWorkspace
    [2] => 22
)

[2025-06-10 11:46:20] App::__construct - REQUEST_URI: /WEB_project_presentation_generator/public/dashboard/deleteWorkspace/22
[2025-06-10 11:46:20] App::__construct - REQUEST_METHOD: POST
[2025-06-10 11:46:20] App::__construct - SCRIPT_NAME: /WEB_project_presentation_generator/public/index.php
[2025-06-10 11:46:20] App::__construct - PHP_SELF: /WEB_project_presentation_generator/public/index.php
[2025-06-10 11:46:20] App::__construct - Selected controller: DashboardController
[2025-06-10 11:46:20] App::__construct - Selected method: deleteWorkspace
[2025-06-10 11:46:20] App::__construct - Parameters: Array
(
    [0] => 22
)

[2025-06-10 11:46:20] App::__construct - Calling controller method with parameters
[2025-06-10 11:46:20] App::parseUrl - Parsed URL from REQUEST_URI: Array
(
    [0] => dashboard
)

[2025-06-10 11:46:20] App::parseUrl - Final URL segments: Array
(
    [0] => dashboard
)

[2025-06-10 11:46:20] App::__construct - REQUEST_URI: /WEB_project_presentation_generator/public/dashboard
[2025-06-10 11:46:20] App::__construct - REQUEST_METHOD: GET
[2025-06-10 11:46:20] App::__construct - SCRIPT_NAME: /WEB_project_presentation_generator/public/index.php
[2025-06-10 11:46:20] App::__construct - PHP_SELF: /WEB_project_presentation_generator/public/index.php
[2025-06-10 11:46:20] App::__construct - Selected controller: DashboardController
[2025-06-10 11:46:20] App::__construct - Parameters: Array
(
)

[2025-06-10 11:46:20] App::__construct - Calling controller method with parameters
[2025-06-10 13:00:26] App::parseUrl - Parsed URL from REQUEST_URI: Array
(
    [0] => auth
    [1] => login
)

[2025-06-10 13:00:26] App::parseUrl - Final URL segments: Array
(
    [0] => auth
    [1] => login
)

[2025-06-10 13:00:26] App::__construct - REQUEST_URI: /WEB_project_presentation_generator/public/auth/login
[2025-06-10 13:00:26] App::__construct - REQUEST_METHOD: GET
[2025-06-10 13:00:26] App::__construct - SCRIPT_NAME: /WEB_project_presentation_generator/public/index.php
[2025-06-10 13:00:26] App::__construct - PHP_SELF: /WEB_project_presentation_generator/public/index.php
[2025-06-10 13:00:26] App::__construct - Selected controller: AuthController
[2025-06-10 13:00:26] App::__construct - Selected method: login
[2025-06-10 13:00:26] App::__construct - Parameters: Array
(
)

[2025-06-10 13:00:26] App::__construct - Calling controller method with parameters
[2025-06-10 13:00:36] App::parseUrl - Parsed URL from REQUEST_URI: Array
(
    [0] => auth
    [1] => login
)

[2025-06-10 13:00:36] App::parseUrl - Final URL segments: Array
(
    [0] => auth
    [1] => login
)

[2025-06-10 13:00:36] App::__construct - REQUEST_URI: /WEB_project_presentation_generator/public/auth/login
[2025-06-10 13:00:36] App::__construct - REQUEST_METHOD: POST
[2025-06-10 13:00:36] App::__construct - SCRIPT_NAME: /WEB_project_presentation_generator/public/index.php
[2025-06-10 13:00:36] App::__construct - PHP_SELF: /WEB_project_presentation_generator/public/index.php
[2025-06-10 13:00:36] App::__construct - Selected controller: AuthController
[2025-06-10 13:00:36] App::__construct - Selected method: login
[2025-06-10 13:00:36] App::__construct - Parameters: Array
(
)

[2025-06-10 13:00:36] App::__construct - Calling controller method with parameters
[2025-06-10 13:00:36] App::parseUrl - Parsed URL from REQUEST_URI: Array
(
    [0] => home
    [1] => index
)

[2025-06-10 13:00:36] App::parseUrl - Final URL segments: Array
(
    [0] => home
    [1] => index
)

[2025-06-10 13:00:36] App::__construct - REQUEST_URI: /WEB_project_presentation_generator/public/home/index
[2025-06-10 13:00:36] App::__construct - REQUEST_METHOD: GET
[2025-06-10 13:00:36] App::__construct - SCRIPT_NAME: /WEB_project_presentation_generator/public/index.php
[2025-06-10 13:00:36] App::__construct - PHP_SELF: /WEB_project_presentation_generator/public/index.php
[2025-06-10 13:00:36] App::__construct - Selected controller: HomeController
[2025-06-10 13:00:36] App::__construct - Selected method: index
[2025-06-10 13:00:36] App::__construct - Parameters: Array
(
)

[2025-06-10 13:00:36] App::__construct - Calling controller method with parameters
[2025-06-10 13:00:36] App::parseUrl - Parsed URL from REQUEST_URI: Array
(
    [0] => dashboard
)

[2025-06-10 13:00:36] App::parseUrl - Final URL segments: Array
(
    [0] => dashboard
)

[2025-06-10 13:00:36] App::__construct - REQUEST_URI: /WEB_project_presentation_generator/public/dashboard
[2025-06-10 13:00:36] App::__construct - REQUEST_METHOD: GET
[2025-06-10 13:00:36] App::__construct - SCRIPT_NAME: /WEB_project_presentation_generator/public/index.php
[2025-06-10 13:00:36] App::__construct - PHP_SELF: /WEB_project_presentation_generator/public/index.php
[2025-06-10 13:00:36] App::__construct - Selected controller: DashboardController
[2025-06-10 13:00:36] App::__construct - Parameters: Array
(
)

[2025-06-10 13:00:36] App::__construct - Calling controller method with parameters
[2025-06-10 13:00:48] App::parseUrl - Parsed URL from REQUEST_URI: Array
(
    [0] => dashboard
    [1] => createWorkspace
)

[2025-06-10 13:00:48] App::parseUrl - Final URL segments: Array
(
    [0] => dashboard
    [1] => createWorkspace
)

[2025-06-10 13:00:48] App::__construct - REQUEST_URI: /WEB_project_presentation_generator/public/dashboard/createWorkspace
[2025-06-10 13:00:48] App::__construct - REQUEST_METHOD: GET
[2025-06-10 13:00:48] App::__construct - SCRIPT_NAME: /WEB_project_presentation_generator/public/index.php
[2025-06-10 13:00:48] App::__construct - PHP_SELF: /WEB_project_presentation_generator/public/index.php
[2025-06-10 13:00:48] App::__construct - Selected controller: DashboardController
[2025-06-10 13:00:48] App::__construct - Selected method: createWorkspace
[2025-06-10 13:00:48] App::__construct - Parameters: Array
(
)

[2025-06-10 13:00:48] App::__construct - Calling controller method with parameters
[2025-06-10 13:00:53] App::parseUrl - Parsed URL from REQUEST_URI: Array
(
    [0] => dashboard
    [1] => createWorkspace
)

[2025-06-10 13:00:53] App::parseUrl - Final URL segments: Array
(
    [0] => dashboard
    [1] => createWorkspace
)

[2025-06-10 13:00:53] App::__construct - REQUEST_URI: /WEB_project_presentation_generator/public/dashboard/createWorkspace
[2025-06-10 13:00:53] App::__construct - REQUEST_METHOD: POST
[2025-06-10 13:00:53] App::__construct - SCRIPT_NAME: /WEB_project_presentation_generator/public/index.php
[2025-06-10 13:00:53] App::__construct - PHP_SELF: /WEB_project_presentation_generator/public/index.php
[2025-06-10 13:00:53] App::__construct - Selected controller: DashboardController
[2025-06-10 13:00:53] App::__construct - Selected method: createWorkspace
[2025-06-10 13:00:53] App::__construct - Parameters: Array
(
)

[2025-06-10 13:00:53] App::__construct - Calling controller method with parameters
[2025-06-10 13:00:53] App::parseUrl - Parsed URL from REQUEST_URI: Array
(
    [0] => dashboard
)

[2025-06-10 13:00:53] App::parseUrl - Final URL segments: Array
(
    [0] => dashboard
)

[2025-06-10 13:00:53] App::__construct - REQUEST_URI: /WEB_project_presentation_generator/public/dashboard
[2025-06-10 13:00:53] App::__construct - REQUEST_METHOD: GET
[2025-06-10 13:00:53] App::__construct - SCRIPT_NAME: /WEB_project_presentation_generator/public/index.php
[2025-06-10 13:00:53] App::__construct - PHP_SELF: /WEB_project_presentation_generator/public/index.php
[2025-06-10 13:00:53] App::__construct - Selected controller: DashboardController
[2025-06-10 13:00:53] App::__construct - Parameters: Array
(
)

[2025-06-10 13:00:53] App::__construct - Calling controller method with parameters
[2025-06-10 13:00:56] App::parseUrl - Parsed URL from REQUEST_URI: Array
(
    [0] => dashboard
    [1] => viewWorkspace
    [2] => 27
)

[2025-06-10 13:00:56] App::parseUrl - Final URL segments: Array
(
    [0] => dashboard
    [1] => viewWorkspace
    [2] => 27
)

[2025-06-10 13:00:56] App::__construct - REQUEST_URI: /WEB_project_presentation_generator/public/dashboard/viewWorkspace/27
[2025-06-10 13:00:56] App::__construct - REQUEST_METHOD: GET
[2025-06-10 13:00:56] App::__construct - SCRIPT_NAME: /WEB_project_presentation_generator/public/index.php
[2025-06-10 13:00:56] App::__construct - PHP_SELF: /WEB_project_presentation_generator/public/index.php
[2025-06-10 13:00:56] App::__construct - Selected controller: DashboardController
[2025-06-10 13:00:56] App::__construct - Selected method: viewWorkspace
[2025-06-10 13:00:56] App::__construct - Parameters: Array
(
    [0] => 27
)

[2025-06-10 13:00:56] App::__construct - Calling controller method with parameters
[2025-06-10 13:00:58] App::parseUrl - Parsed URL from REQUEST_URI: Array
(
    [0] => presentation
    [1] => create
    [2] => 27
)

[2025-06-10 13:00:58] App::parseUrl - Final URL segments: Array
(
    [0] => presentation
    [1] => create
    [2] => 27
)

[2025-06-10 13:00:58] App::__construct - REQUEST_URI: /WEB_project_presentation_generator/public/presentation/create/27
[2025-06-10 13:00:58] App::__construct - REQUEST_METHOD: GET
[2025-06-10 13:00:58] App::__construct - SCRIPT_NAME: /WEB_project_presentation_generator/public/index.php
[2025-06-10 13:00:58] App::__construct - PHP_SELF: /WEB_project_presentation_generator/public/index.php
[2025-06-10 13:00:58] App::__construct - Selected controller: PresentationController
[2025-06-10 13:00:58] App::__construct - Selected method: create
[2025-06-10 13:00:58] App::__construct - Parameters: Array
(
    [0] => 27
)

[2025-06-10 13:00:58] App::__construct - Calling controller method with parameters
[2025-06-10 13:01:06] App::parseUrl - Parsed URL from REQUEST_URI: Array
(
    [0] => presentation
    [1] => import
    [2] => 27
)

[2025-06-10 13:01:06] App::parseUrl - Final URL segments: Array
(
    [0] => presentation
    [1] => import
    [2] => 27
)

[2025-06-10 13:01:06] App::__construct - REQUEST_URI: /WEB_project_presentation_generator/public/presentation/import/27
[2025-06-10 13:01:06] App::__construct - REQUEST_METHOD: POST
[2025-06-10 13:01:06] App::__construct - SCRIPT_NAME: /WEB_project_presentation_generator/public/index.php
[2025-06-10 13:01:06] App::__construct - PHP_SELF: /WEB_project_presentation_generator/public/index.php
[2025-06-10 13:01:06] App::__construct - Selected controller: PresentationController
[2025-06-10 13:01:06] App::__construct - Selected method: import
[2025-06-10 13:01:06] App::__construct - Parameters: Array
(
    [0] => 27
)

[2025-06-10 13:01:06] App::__construct - Calling controller method with parameters
[2025-06-10 13:01:06] App::parseUrl - Parsed URL from REQUEST_URI: Array
(
    [0] => presentation
    [1] => viewPresentation
    [2] => 114
)

[2025-06-10 13:01:06] App::parseUrl - Final URL segments: Array
(
    [0] => presentation
    [1] => viewPresentation
    [2] => 114
)

[2025-06-10 13:01:06] App::__construct - REQUEST_URI: /WEB_project_presentation_generator/public/presentation/viewPresentation/114
[2025-06-10 13:01:06] App::__construct - REQUEST_METHOD: GET
[2025-06-10 13:01:06] App::__construct - SCRIPT_NAME: /WEB_project_presentation_generator/public/index.php
[2025-06-10 13:01:06] App::__construct - PHP_SELF: /WEB_project_presentation_generator/public/index.php
[2025-06-10 13:01:06] App::__construct - Selected controller: PresentationController
[2025-06-10 13:01:06] App::__construct - Selected method: viewPresentation
[2025-06-10 13:01:06] App::__construct - Parameters: Array
(
    [0] => 114
)

[2025-06-10 13:01:06] App::__construct - Calling controller method with parameters
[2025-06-10 13:01:11] App::parseUrl - Parsed URL from REQUEST_URI: Array
(
    [0] => presentation
    [1] => review
    [2] => 114
)

[2025-06-10 13:01:11] App::parseUrl - Final URL segments: Array
(
    [0] => presentation
    [1] => review
    [2] => 114
)

[2025-06-10 13:01:11] App::__construct - REQUEST_URI: /WEB_project_presentation_generator/public/presentation/review/114
[2025-06-10 13:01:11] App::__construct - REQUEST_METHOD: GET
[2025-06-10 13:01:11] App::__construct - SCRIPT_NAME: /WEB_project_presentation_generator/public/index.php
[2025-06-10 13:01:11] App::__construct - PHP_SELF: /WEB_project_presentation_generator/public/index.php
[2025-06-10 13:01:11] App::__construct - Selected controller: PresentationController
[2025-06-10 13:01:11] App::__construct - Selected method: review
[2025-06-10 13:01:11] App::__construct - Parameters: Array
(
    [0] => 114
)

[2025-06-10 13:01:11] App::__construct - Calling controller method with parameters
[2025-06-10 13:01:24] App::parseUrl - Parsed URL from REQUEST_URI: Array
(
    [0] => presentation
    [1] => viewPresentation
    [2] => 114
)

[2025-06-10 13:01:24] App::parseUrl - Final URL segments: Array
(
    [0] => presentation
    [1] => viewPresentation
    [2] => 114
)

[2025-06-10 13:01:24] App::__construct - REQUEST_URI: /WEB_project_presentation_generator/public/presentation/viewPresentation/114
[2025-06-10 13:01:24] App::__construct - REQUEST_METHOD: GET
[2025-06-10 13:01:24] App::__construct - SCRIPT_NAME: /WEB_project_presentation_generator/public/index.php
[2025-06-10 13:01:24] App::__construct - PHP_SELF: /WEB_project_presentation_generator/public/index.php
[2025-06-10 13:01:24] App::__construct - Selected controller: PresentationController
[2025-06-10 13:01:24] App::__construct - Selected method: viewPresentation
[2025-06-10 13:01:24] App::__construct - Parameters: Array
(
    [0] => 114
)

[2025-06-10 13:01:24] App::__construct - Calling controller method with parameters
[2025-06-10 13:01:25] App::parseUrl - Parsed URL from REQUEST_URI: Array
(
    [0] => dashboard
)

[2025-06-10 13:01:25] App::parseUrl - Final URL segments: Array
(
    [0] => dashboard
)

[2025-06-10 13:01:25] App::__construct - REQUEST_URI: /WEB_project_presentation_generator/public/dashboard
[2025-06-10 13:01:25] App::__construct - REQUEST_METHOD: GET
[2025-06-10 13:01:25] App::__construct - SCRIPT_NAME: /WEB_project_presentation_generator/public/index.php
[2025-06-10 13:01:25] App::__construct - PHP_SELF: /WEB_project_presentation_generator/public/index.php
[2025-06-10 13:01:25] App::__construct - Selected controller: DashboardController
[2025-06-10 13:01:25] App::__construct - Parameters: Array
(
)

[2025-06-10 13:01:25] App::__construct - Calling controller method with parameters
[2025-06-10 13:01:26] App::parseUrl - Parsed URL from REQUEST_URI: Array
(
    [0] => dashboard
    [1] => viewWorkspace
    [2] => 27
)

[2025-06-10 13:01:26] App::parseUrl - Final URL segments: Array
(
    [0] => dashboard
    [1] => viewWorkspace
    [2] => 27
)

[2025-06-10 13:01:26] App::__construct - REQUEST_URI: /WEB_project_presentation_generator/public/dashboard/viewWorkspace/27
[2025-06-10 13:01:26] App::__construct - REQUEST_METHOD: GET
[2025-06-10 13:01:26] App::__construct - SCRIPT_NAME: /WEB_project_presentation_generator/public/index.php
[2025-06-10 13:01:26] App::__construct - PHP_SELF: /WEB_project_presentation_generator/public/index.php
[2025-06-10 13:01:26] App::__construct - Selected controller: DashboardController
[2025-06-10 13:01:26] App::__construct - Selected method: viewWorkspace
[2025-06-10 13:01:26] App::__construct - Parameters: Array
(
    [0] => 27
)

[2025-06-10 13:01:26] App::__construct - Calling controller method with parameters
[2025-06-10 13:01:27] App::parseUrl - Parsed URL from REQUEST_URI: Array
(
    [0] => presentation
    [1] => create
    [2] => 27
)

[2025-06-10 13:01:27] App::parseUrl - Final URL segments: Array
(
    [0] => presentation
    [1] => create
    [2] => 27
)

[2025-06-10 13:01:27] App::__construct - REQUEST_URI: /WEB_project_presentation_generator/public/presentation/create/27
[2025-06-10 13:01:27] App::__construct - REQUEST_METHOD: GET
[2025-06-10 13:01:27] App::__construct - SCRIPT_NAME: /WEB_project_presentation_generator/public/index.php
[2025-06-10 13:01:27] App::__construct - PHP_SELF: /WEB_project_presentation_generator/public/index.php
[2025-06-10 13:01:27] App::__construct - Selected controller: PresentationController
[2025-06-10 13:01:27] App::__construct - Selected method: create
[2025-06-10 13:01:27] App::__construct - Parameters: Array
(
    [0] => 27
)

[2025-06-10 13:01:27] App::__construct - Calling controller method with parameters
[2025-06-10 13:01:35] App::parseUrl - Parsed URL from REQUEST_URI: Array
(
    [0] => presentation
    [1] => import
    [2] => 27
)

[2025-06-10 13:01:35] App::parseUrl - Final URL segments: Array
(
    [0] => presentation
    [1] => import
    [2] => 27
)

[2025-06-10 13:01:35] App::__construct - REQUEST_URI: /WEB_project_presentation_generator/public/presentation/import/27
[2025-06-10 13:01:35] App::__construct - REQUEST_METHOD: POST
[2025-06-10 13:01:35] App::__construct - SCRIPT_NAME: /WEB_project_presentation_generator/public/index.php
[2025-06-10 13:01:35] App::__construct - PHP_SELF: /WEB_project_presentation_generator/public/index.php
[2025-06-10 13:01:35] App::__construct - Selected controller: PresentationController
[2025-06-10 13:01:35] App::__construct - Selected method: import
[2025-06-10 13:01:35] App::__construct - Parameters: Array
(
    [0] => 27
)

[2025-06-10 13:01:35] App::__construct - Calling controller method with parameters
[2025-06-10 13:01:35] App::parseUrl - Parsed URL from REQUEST_URI: Array
(
    [0] => presentation
    [1] => viewPresentation
    [2] => 115
)

[2025-06-10 13:01:35] App::parseUrl - Final URL segments: Array
(
    [0] => presentation
    [1] => viewPresentation
    [2] => 115
)

[2025-06-10 13:01:35] App::__construct - REQUEST_URI: /WEB_project_presentation_generator/public/presentation/viewPresentation/115
[2025-06-10 13:01:35] App::__construct - REQUEST_METHOD: GET
[2025-06-10 13:01:35] App::__construct - SCRIPT_NAME: /WEB_project_presentation_generator/public/index.php
[2025-06-10 13:01:35] App::__construct - PHP_SELF: /WEB_project_presentation_generator/public/index.php
[2025-06-10 13:01:35] App::__construct - Selected controller: PresentationController
[2025-06-10 13:01:35] App::__construct - Selected method: viewPresentation
[2025-06-10 13:01:35] App::__construct - Parameters: Array
(
    [0] => 115
)

[2025-06-10 13:01:35] App::__construct - Calling controller method with parameters
[2025-06-10 13:01:41] App::parseUrl - Parsed URL from REQUEST_URI: Array
(
    [0] => dashboard
)

[2025-06-10 13:01:41] App::parseUrl - Final URL segments: Array
(
    [0] => dashboard
)

[2025-06-10 13:01:41] App::__construct - REQUEST_URI: /WEB_project_presentation_generator/public/dashboard
[2025-06-10 13:01:41] App::__construct - REQUEST_METHOD: GET
[2025-06-10 13:01:41] App::__construct - SCRIPT_NAME: /WEB_project_presentation_generator/public/index.php
[2025-06-10 13:01:41] App::__construct - PHP_SELF: /WEB_project_presentation_generator/public/index.php
[2025-06-10 13:01:41] App::__construct - Selected controller: DashboardController
[2025-06-10 13:01:41] App::__construct - Parameters: Array
(
)

[2025-06-10 13:01:41] App::__construct - Calling controller method with parameters
[2025-06-10 13:01:44] App::parseUrl - Parsed URL from REQUEST_URI: Array
(
    [0] => dashboard
    [1] => viewWorkspace
    [2] => 18
)

[2025-06-10 13:01:44] App::parseUrl - Final URL segments: Array
(
    [0] => dashboard
    [1] => viewWorkspace
    [2] => 18
)

[2025-06-10 13:01:44] App::__construct - REQUEST_URI: /WEB_project_presentation_generator/public/dashboard/viewWorkspace/18
[2025-06-10 13:01:44] App::__construct - REQUEST_METHOD: GET
[2025-06-10 13:01:44] App::__construct - SCRIPT_NAME: /WEB_project_presentation_generator/public/index.php
[2025-06-10 13:01:44] App::__construct - PHP_SELF: /WEB_project_presentation_generator/public/index.php
[2025-06-10 13:01:44] App::__construct - Selected controller: DashboardController
[2025-06-10 13:01:44] App::__construct - Selected method: viewWorkspace
[2025-06-10 13:01:44] App::__construct - Parameters: Array
(
    [0] => 18
)

[2025-06-10 13:01:44] App::__construct - Calling controller method with parameters
[2025-06-10 13:01:45] App::parseUrl - Parsed URL from REQUEST_URI: Array
(
    [0] => dashboard
    [1] => deleteWorkspace
    [2] => 18
)

[2025-06-10 13:01:45] App::parseUrl - Final URL segments: Array
(
    [0] => dashboard
    [1] => deleteWorkspace
    [2] => 18
)

[2025-06-10 13:01:45] App::__construct - REQUEST_URI: /WEB_project_presentation_generator/public/dashboard/deleteWorkspace/18
[2025-06-10 13:01:45] App::__construct - REQUEST_METHOD: GET
[2025-06-10 13:01:45] App::__construct - SCRIPT_NAME: /WEB_project_presentation_generator/public/index.php
[2025-06-10 13:01:45] App::__construct - PHP_SELF: /WEB_project_presentation_generator/public/index.php
[2025-06-10 13:01:45] App::__construct - Selected controller: DashboardController
[2025-06-10 13:01:45] App::__construct - Selected method: deleteWorkspace
[2025-06-10 13:01:45] App::__construct - Parameters: Array
(
    [0] => 18
)

[2025-06-10 13:01:45] App::__construct - Calling controller method with parameters
[2025-06-10 13:01:46] App::parseUrl - Parsed URL from REQUEST_URI: Array
(
    [0] => dashboard
    [1] => deleteWorkspace
    [2] => 18
)

[2025-06-10 13:01:46] App::parseUrl - Final URL segments: Array
(
    [0] => dashboard
    [1] => deleteWorkspace
    [2] => 18
)

[2025-06-10 13:01:46] App::__construct - REQUEST_URI: /WEB_project_presentation_generator/public/dashboard/deleteWorkspace/18
[2025-06-10 13:01:46] App::__construct - REQUEST_METHOD: POST
[2025-06-10 13:01:46] App::__construct - SCRIPT_NAME: /WEB_project_presentation_generator/public/index.php
[2025-06-10 13:01:46] App::__construct - PHP_SELF: /WEB_project_presentation_generator/public/index.php
[2025-06-10 13:01:46] App::__construct - Selected controller: DashboardController
[2025-06-10 13:01:46] App::__construct - Selected method: deleteWorkspace
[2025-06-10 13:01:46] App::__construct - Parameters: Array
(
    [0] => 18
)

[2025-06-10 13:01:46] App::__construct - Calling controller method with parameters
[2025-06-10 13:01:48] App::parseUrl - Parsed URL from REQUEST_URI: Array
(
    [0] => dashboard
)

[2025-06-10 13:01:48] App::parseUrl - Final URL segments: Array
(
    [0] => dashboard
)

[2025-06-10 13:01:48] App::__construct - REQUEST_URI: /WEB_project_presentation_generator/public/dashboard
[2025-06-10 13:01:48] App::__construct - REQUEST_METHOD: GET
[2025-06-10 13:01:48] App::__construct - SCRIPT_NAME: /WEB_project_presentation_generator/public/index.php
[2025-06-10 13:01:48] App::__construct - PHP_SELF: /WEB_project_presentation_generator/public/index.php
[2025-06-10 13:01:48] App::__construct - Selected controller: DashboardController
[2025-06-10 13:01:48] App::__construct - Parameters: Array
(
)

[2025-06-10 13:01:48] App::__construct - Calling controller method with parameters
[2025-06-10 13:04:24] App::parseUrl - Parsed URL from REQUEST_URI: Array
(
    [0] => dashboard
    [1] => viewWorkspace
    [2] => 27
)

[2025-06-10 13:04:24] App::parseUrl - Final URL segments: Array
(
    [0] => dashboard
    [1] => viewWorkspace
    [2] => 27
)

[2025-06-10 13:04:24] App::__construct - REQUEST_URI: /WEB_project_presentation_generator/public/dashboard/viewWorkspace/27
[2025-06-10 13:04:24] App::__construct - REQUEST_METHOD: GET
[2025-06-10 13:04:24] App::__construct - SCRIPT_NAME: /WEB_project_presentation_generator/public/index.php
[2025-06-10 13:04:24] App::__construct - PHP_SELF: /WEB_project_presentation_generator/public/index.php
[2025-06-10 13:04:24] App::__construct - Selected controller: DashboardController
[2025-06-10 13:04:24] App::__construct - Selected method: viewWorkspace
[2025-06-10 13:04:24] App::__construct - Parameters: Array
(
    [0] => 27
)

[2025-06-10 13:04:24] App::__construct - Calling controller method with parameters
[2025-06-10 13:04:25] App::parseUrl - Parsed URL from REQUEST_URI: Array
(
    [0] => presentation
    [1] => viewPresentation
    [2] => 115
)

[2025-06-10 13:04:25] App::parseUrl - Final URL segments: Array
(
    [0] => presentation
    [1] => viewPresentation
    [2] => 115
)

[2025-06-10 13:04:25] App::__construct - REQUEST_URI: /WEB_project_presentation_generator/public/presentation/viewPresentation/115
[2025-06-10 13:04:25] App::__construct - REQUEST_METHOD: GET
[2025-06-10 13:04:25] App::__construct - SCRIPT_NAME: /WEB_project_presentation_generator/public/index.php
[2025-06-10 13:04:25] App::__construct - PHP_SELF: /WEB_project_presentation_generator/public/index.php
[2025-06-10 13:04:25] App::__construct - Selected controller: PresentationController
[2025-06-10 13:04:25] App::__construct - Selected method: viewPresentation
[2025-06-10 13:04:25] App::__construct - Parameters: Array
(
    [0] => 115
)

[2025-06-10 13:04:25] App::__construct - Calling controller method with parameters
[2025-06-10 13:04:28] App::parseUrl - Parsed URL from REQUEST_URI: Array
(
    [0] => slide
    [1] => edit
    [2] => 784
)

[2025-06-10 13:04:28] App::parseUrl - Final URL segments: Array
(
    [0] => slide
    [1] => edit
    [2] => 784
)

[2025-06-10 13:04:28] App::__construct - REQUEST_URI: /WEB_project_presentation_generator/public/slide/edit/784
[2025-06-10 13:04:28] App::__construct - REQUEST_METHOD: GET
[2025-06-10 13:04:28] App::__construct - SCRIPT_NAME: /WEB_project_presentation_generator/public/index.php
[2025-06-10 13:04:28] App::__construct - PHP_SELF: /WEB_project_presentation_generator/public/index.php
[2025-06-10 13:04:28] App::__construct - Selected controller: SlideController
[2025-06-10 13:04:28] App::__construct - Selected method: edit
[2025-06-10 13:04:28] App::__construct - Parameters: Array
(
    [0] => 784
)

[2025-06-10 13:04:28] App::__construct - Calling controller method with parameters
[2025-06-10 13:04:31] App::parseUrl - Parsed URL from REQUEST_URI: Array
(
    [0] => presentation
    [1] => viewPresentation
    [2] => 115
)

[2025-06-10 13:04:31] App::parseUrl - Final URL segments: Array
(
    [0] => presentation
    [1] => viewPresentation
    [2] => 115
)

[2025-06-10 13:04:31] App::__construct - REQUEST_URI: /WEB_project_presentation_generator/public/presentation/viewPresentation/115
[2025-06-10 13:04:31] App::__construct - REQUEST_METHOD: GET
[2025-06-10 13:04:31] App::__construct - SCRIPT_NAME: /WEB_project_presentation_generator/public/index.php
[2025-06-10 13:04:31] App::__construct - PHP_SELF: /WEB_project_presentation_generator/public/index.php
[2025-06-10 13:04:31] App::__construct - Selected controller: PresentationController
[2025-06-10 13:04:31] App::__construct - Selected method: viewPresentation
[2025-06-10 13:04:31] App::__construct - Parameters: Array
(
    [0] => 115
)

[2025-06-10 13:04:31] App::__construct - Calling controller method with parameters
[2025-06-10 13:05:00] App::parseUrl - Parsed URL from REQUEST_URI: Array
(
    [0] => auth
    [1] => login
)

[2025-06-10 13:05:00] App::parseUrl - Final URL segments: Array
(
    [0] => auth
    [1] => login
)

[2025-06-10 13:05:00] App::__construct - REQUEST_URI: /WEB_project_presentation_generator/public/auth/login
[2025-06-10 13:05:00] App::__construct - REQUEST_METHOD: GET
[2025-06-10 13:05:00] App::__construct - SCRIPT_NAME: /WEB_project_presentation_generator/public/index.php
[2025-06-10 13:05:00] App::__construct - PHP_SELF: /WEB_project_presentation_generator/public/index.php
[2025-06-10 13:05:00] App::__construct - Selected controller: AuthController
[2025-06-10 13:05:00] App::__construct - Selected method: login
[2025-06-10 13:05:00] App::__construct - Parameters: Array
(
)

[2025-06-10 13:05:00] App::__construct - Calling controller method with parameters
[2025-06-10 13:05:06] App::parseUrl - Parsed URL from REQUEST_URI: Array
(
    [0] => auth
    [1] => login
)

[2025-06-10 13:05:06] App::parseUrl - Final URL segments: Array
(
    [0] => auth
    [1] => login
)

[2025-06-10 13:05:06] App::__construct - REQUEST_URI: /WEB_project_presentation_generator/public/auth/login
[2025-06-10 13:05:06] App::__construct - REQUEST_METHOD: POST
[2025-06-10 13:05:06] App::__construct - SCRIPT_NAME: /WEB_project_presentation_generator/public/index.php
[2025-06-10 13:05:06] App::__construct - PHP_SELF: /WEB_project_presentation_generator/public/index.php
[2025-06-10 13:05:06] App::__construct - Selected controller: AuthController
[2025-06-10 13:05:06] App::__construct - Selected method: login
[2025-06-10 13:05:06] App::__construct - Parameters: Array
(
)

[2025-06-10 13:05:06] App::__construct - Calling controller method with parameters
[2025-06-10 13:05:06] App::parseUrl - Parsed URL from REQUEST_URI: Array
(
    [0] => home
    [1] => index
)

[2025-06-10 13:05:06] App::parseUrl - Final URL segments: Array
(
    [0] => home
    [1] => index
)

[2025-06-10 13:05:06] App::__construct - REQUEST_URI: /WEB_project_presentation_generator/public/home/index
[2025-06-10 13:05:06] App::__construct - REQUEST_METHOD: GET
[2025-06-10 13:05:06] App::__construct - SCRIPT_NAME: /WEB_project_presentation_generator/public/index.php
[2025-06-10 13:05:06] App::__construct - PHP_SELF: /WEB_project_presentation_generator/public/index.php
[2025-06-10 13:05:06] App::__construct - Selected controller: HomeController
[2025-06-10 13:05:06] App::__construct - Selected method: index
[2025-06-10 13:05:06] App::__construct - Parameters: Array
(
)

[2025-06-10 13:05:06] App::__construct - Calling controller method with parameters
[2025-06-10 13:05:06] App::parseUrl - Parsed URL from REQUEST_URI: Array
(
    [0] => dashboard
)

[2025-06-10 13:05:06] App::parseUrl - Final URL segments: Array
(
    [0] => dashboard
)

[2025-06-10 13:05:06] App::__construct - REQUEST_URI: /WEB_project_presentation_generator/public/dashboard
[2025-06-10 13:05:06] App::__construct - REQUEST_METHOD: GET
[2025-06-10 13:05:06] App::__construct - SCRIPT_NAME: /WEB_project_presentation_generator/public/index.php
[2025-06-10 13:05:06] App::__construct - PHP_SELF: /WEB_project_presentation_generator/public/index.php
[2025-06-10 13:05:06] App::__construct - Selected controller: DashboardController
[2025-06-10 13:05:06] App::__construct - Parameters: Array
(
)

[2025-06-10 13:05:06] App::__construct - Calling controller method with parameters
[2025-06-10 13:05:08] App::parseUrl - Parsed URL from REQUEST_URI: Array
(
    [0] => dashboard
    [1] => viewWorkspace
    [2] => 15
)

[2025-06-10 13:05:08] App::parseUrl - Final URL segments: Array
(
    [0] => dashboard
    [1] => viewWorkspace
    [2] => 15
)

[2025-06-10 13:05:08] App::__construct - REQUEST_URI: /WEB_project_presentation_generator/public/dashboard/viewWorkspace/15
[2025-06-10 13:05:08] App::__construct - REQUEST_METHOD: GET
[2025-06-10 13:05:08] App::__construct - SCRIPT_NAME: /WEB_project_presentation_generator/public/index.php
[2025-06-10 13:05:08] App::__construct - PHP_SELF: /WEB_project_presentation_generator/public/index.php
[2025-06-10 13:05:08] App::__construct - Selected controller: DashboardController
[2025-06-10 13:05:08] App::__construct - Selected method: viewWorkspace
[2025-06-10 13:05:08] App::__construct - Parameters: Array
(
    [0] => 15
)

[2025-06-10 13:05:08] App::__construct - Calling controller method with parameters
[2025-06-10 13:05:09] App::parseUrl - Parsed URL from REQUEST_URI: Array
(
    [0] => dashboard
    [1] => shareWorkspace
    [2] => 15
)

[2025-06-10 13:05:09] App::parseUrl - Final URL segments: Array
(
    [0] => dashboard
    [1] => shareWorkspace
    [2] => 15
)

[2025-06-10 13:05:09] App::__construct - REQUEST_URI: /WEB_project_presentation_generator/public/dashboard/shareWorkspace/15
[2025-06-10 13:05:09] App::__construct - REQUEST_METHOD: GET
[2025-06-10 13:05:09] App::__construct - SCRIPT_NAME: /WEB_project_presentation_generator/public/index.php
[2025-06-10 13:05:09] App::__construct - PHP_SELF: /WEB_project_presentation_generator/public/index.php
[2025-06-10 13:05:09] App::__construct - Selected controller: DashboardController
[2025-06-10 13:05:09] App::__construct - Selected method: shareWorkspace
[2025-06-10 13:05:09] App::__construct - Parameters: Array
(
    [0] => 15
)

[2025-06-10 13:05:09] App::__construct - Calling controller method with parameters
[2025-06-10 13:05:11] App::parseUrl - Parsed URL from REQUEST_URI: Array
(
    [0] => dashboard
    [1] => removeMember
    [2] => 15
)

[2025-06-10 13:05:11] App::parseUrl - Final URL segments: Array
(
    [0] => dashboard
    [1] => removeMember
    [2] => 15
)

[2025-06-10 13:05:11] App::__construct - REQUEST_URI: /WEB_project_presentation_generator/public/dashboard/removeMember/15
[2025-06-10 13:05:11] App::__construct - REQUEST_METHOD: POST
[2025-06-10 13:05:11] App::__construct - SCRIPT_NAME: /WEB_project_presentation_generator/public/index.php
[2025-06-10 13:05:11] App::__construct - PHP_SELF: /WEB_project_presentation_generator/public/index.php
[2025-06-10 13:05:11] App::__construct - Selected controller: DashboardController
[2025-06-10 13:05:11] App::__construct - Selected method: removeMember
[2025-06-10 13:05:11] App::__construct - Parameters: Array
(
    [0] => 15
)

[2025-06-10 13:05:11] App::__construct - Calling controller method with parameters
[2025-06-10 13:06:36] App::parseUrl - Parsed URL from REQUEST_URI: Array
(
    [0] => dashboard
    [1] => removeMember
    [2] => 15
)

[2025-06-10 13:06:36] App::parseUrl - Final URL segments: Array
(
    [0] => dashboard
    [1] => removeMember
    [2] => 15
)

[2025-06-10 13:06:36] App::__construct - REQUEST_URI: /WEB_project_presentation_generator/public/dashboard/removeMember/15
[2025-06-10 13:06:36] App::__construct - REQUEST_METHOD: POST
[2025-06-10 13:06:36] App::__construct - SCRIPT_NAME: /WEB_project_presentation_generator/public/index.php
[2025-06-10 13:06:36] App::__construct - PHP_SELF: /WEB_project_presentation_generator/public/index.php
[2025-06-10 13:06:36] App::__construct - Selected controller: DashboardController
[2025-06-10 13:06:36] App::__construct - Selected method: removeMember
[2025-06-10 13:06:36] App::__construct - Parameters: Array
(
    [0] => 15
)

[2025-06-10 13:06:36] App::__construct - Calling controller method with parameters
[2025-06-10 13:06:36] App::parseUrl - Parsed URL from REQUEST_URI: Array
(
    [0] => dashboard
    [1] => shareWorkspace
    [2] => 15
)

[2025-06-10 13:06:36] App::parseUrl - Final URL segments: Array
(
    [0] => dashboard
    [1] => shareWorkspace
    [2] => 15
)

[2025-06-10 13:06:36] App::__construct - REQUEST_URI: /WEB_project_presentation_generator/public/dashboard/shareWorkspace/15?success=%D0%A7%D0%BB%D0%B5%D0%BD%D1%8A%D1%82+%D0%B5+%D0%BF%D1%80%D0%B5%D0%BC%D0%B0%D1%85%D0%BD%D0%B0%D1%82+%D1%83%D1%81%D0%BF%D0%B5%D1%88%D0%BD%D0%BE
[2025-06-10 13:06:36] App::__construct - REQUEST_METHOD: GET
[2025-06-10 13:06:36] App::__construct - SCRIPT_NAME: /WEB_project_presentation_generator/public/index.php
[2025-06-10 13:06:36] App::__construct - PHP_SELF: /WEB_project_presentation_generator/public/index.php
[2025-06-10 13:06:36] App::__construct - Selected controller: DashboardController
[2025-06-10 13:06:36] App::__construct - Selected method: shareWorkspace
[2025-06-10 13:06:36] App::__construct - Parameters: Array
(
    [0] => 15
)

[2025-06-10 13:06:36] App::__construct - Calling controller method with parameters
[2025-06-10 13:06:38] App::parseUrl - Parsed URL from REQUEST_URI: Array
(
    [0] => dashboard
    [1] => workspace
    [2] => 15
)

[2025-06-10 13:06:38] App::parseUrl - Final URL segments: Array
(
    [0] => dashboard
    [1] => workspace
    [2] => 15
)

[2025-06-10 13:06:38] App::__construct - REQUEST_URI: /WEB_project_presentation_generator/public/dashboard/workspace/15
[2025-06-10 13:06:38] App::__construct - REQUEST_METHOD: GET
[2025-06-10 13:06:38] App::__construct - SCRIPT_NAME: /WEB_project_presentation_generator/public/index.php
[2025-06-10 13:06:38] App::__construct - PHP_SELF: /WEB_project_presentation_generator/public/index.php
[2025-06-10 13:06:38] App::__construct - Selected controller: DashboardController
[2025-06-10 13:06:38] App::parseUrl - Parsed URL from REQUEST_URI: Array
(
    [0] => dashboard
)

[2025-06-10 13:06:38] App::parseUrl - Final URL segments: Array
(
    [0] => dashboard
)

[2025-06-10 13:06:38] App::__construct - REQUEST_URI: /WEB_project_presentation_generator/public/dashboard
[2025-06-10 13:06:38] App::__construct - REQUEST_METHOD: GET
[2025-06-10 13:06:38] App::__construct - SCRIPT_NAME: /WEB_project_presentation_generator/public/index.php
[2025-06-10 13:06:38] App::__construct - PHP_SELF: /WEB_project_presentation_generator/public/index.php
[2025-06-10 13:06:38] App::__construct - Selected controller: DashboardController
[2025-06-10 13:06:38] App::__construct - Parameters: Array
(
)

[2025-06-10 13:06:38] App::__construct - Calling controller method with parameters
[2025-06-10 13:06:44] App::parseUrl - Parsed URL from REQUEST_URI: Array
(
    [0] => presentation
    [1] => viewPresentation
    [2] => 105
)

[2025-06-10 13:06:44] App::parseUrl - Final URL segments: Array
(
    [0] => presentation
    [1] => viewPresentation
    [2] => 105
)

[2025-06-10 13:06:44] App::__construct - REQUEST_URI: /WEB_project_presentation_generator/public/presentation/viewPresentation/105
[2025-06-10 13:06:44] App::__construct - REQUEST_METHOD: GET
[2025-06-10 13:06:44] App::__construct - SCRIPT_NAME: /WEB_project_presentation_generator/public/index.php
[2025-06-10 13:06:44] App::__construct - PHP_SELF: /WEB_project_presentation_generator/public/index.php
[2025-06-10 13:06:44] App::__construct - Selected controller: PresentationController
[2025-06-10 13:06:44] App::__construct - Selected method: viewPresentation
[2025-06-10 13:06:44] App::__construct - Parameters: Array
(
    [0] => 105
)

[2025-06-10 13:06:44] App::__construct - Calling controller method with parameters
[2025-06-10 13:06:44] App::parseUrl - Parsed URL from REQUEST_URI: Array
(
    [0] => dashboard
)

[2025-06-10 13:06:44] App::parseUrl - Final URL segments: Array
(
    [0] => dashboard
)

[2025-06-10 13:06:44] App::__construct - REQUEST_URI: /WEB_project_presentation_generator/public/dashboard
[2025-06-10 13:06:44] App::__construct - REQUEST_METHOD: GET
[2025-06-10 13:06:44] App::__construct - SCRIPT_NAME: /WEB_project_presentation_generator/public/index.php
[2025-06-10 13:06:44] App::__construct - PHP_SELF: /WEB_project_presentation_generator/public/index.php
[2025-06-10 13:06:44] App::__construct - Selected controller: DashboardController
[2025-06-10 13:06:44] App::__construct - Parameters: Array
(
)

[2025-06-10 13:06:44] App::__construct - Calling controller method with parameters
[2025-06-10 13:06:46] App::parseUrl - Parsed URL from REQUEST_URI: Array
(
    [0] => dashboard
)

[2025-06-10 13:06:46] App::parseUrl - Final URL segments: Array
(
    [0] => dashboard
)

[2025-06-10 13:06:46] App::__construct - REQUEST_URI: /WEB_project_presentation_generator/public/dashboard
[2025-06-10 13:06:46] App::__construct - REQUEST_METHOD: GET
[2025-06-10 13:06:46] App::__construct - SCRIPT_NAME: /WEB_project_presentation_generator/public/index.php
[2025-06-10 13:06:46] App::__construct - PHP_SELF: /WEB_project_presentation_generator/public/index.php
[2025-06-10 13:06:46] App::__construct - Selected controller: DashboardController
[2025-06-10 13:06:46] App::__construct - Parameters: Array
(
)

[2025-06-10 13:06:46] App::__construct - Calling controller method with parameters
[2025-06-10 13:06:48] App::parseUrl - Parsed URL from REQUEST_URI: Array
(
    [0] => dashboard
)

[2025-06-10 13:06:48] App::parseUrl - Final URL segments: Array
(
    [0] => dashboard
)

[2025-06-10 13:06:48] App::__construct - REQUEST_URI: /WEB_project_presentation_generator/public/dashboard
[2025-06-10 13:06:48] App::__construct - REQUEST_METHOD: GET
[2025-06-10 13:06:48] App::__construct - SCRIPT_NAME: /WEB_project_presentation_generator/public/index.php
[2025-06-10 13:06:48] App::__construct - PHP_SELF: /WEB_project_presentation_generator/public/index.php
[2025-06-10 13:06:48] App::__construct - Selected controller: DashboardController
[2025-06-10 13:06:48] App::__construct - Parameters: Array
(
)

[2025-06-10 13:06:48] App::__construct - Calling controller method with parameters
[2025-06-10 13:06:53] App::parseUrl - Parsed URL from REQUEST_URI: Array
(
    [0] => dashboard
    [1] => viewWorkspace
    [2] => 15
)

[2025-06-10 13:06:53] App::parseUrl - Final URL segments: Array
(
    [0] => dashboard
    [1] => viewWorkspace
    [2] => 15
)

[2025-06-10 13:06:53] App::__construct - REQUEST_URI: /WEB_project_presentation_generator/public/dashboard/viewWorkspace/15
[2025-06-10 13:06:53] App::__construct - REQUEST_METHOD: GET
[2025-06-10 13:06:53] App::__construct - SCRIPT_NAME: /WEB_project_presentation_generator/public/index.php
[2025-06-10 13:06:53] App::__construct - PHP_SELF: /WEB_project_presentation_generator/public/index.php
[2025-06-10 13:06:53] App::__construct - Selected controller: DashboardController
[2025-06-10 13:06:53] App::__construct - Selected method: viewWorkspace
[2025-06-10 13:06:53] App::__construct - Parameters: Array
(
    [0] => 15
)

[2025-06-10 13:06:53] App::__construct - Calling controller method with parameters
[2025-06-10 13:06:55] App::parseUrl - Parsed URL from REQUEST_URI: Array
(
    [0] => dashboard
    [1] => shareWorkspace
    [2] => 15
)

[2025-06-10 13:06:55] App::parseUrl - Final URL segments: Array
(
    [0] => dashboard
    [1] => shareWorkspace
    [2] => 15
)

[2025-06-10 13:06:55] App::__construct - REQUEST_URI: /WEB_project_presentation_generator/public/dashboard/shareWorkspace/15
[2025-06-10 13:06:55] App::__construct - REQUEST_METHOD: GET
[2025-06-10 13:06:55] App::__construct - SCRIPT_NAME: /WEB_project_presentation_generator/public/index.php
[2025-06-10 13:06:55] App::__construct - PHP_SELF: /WEB_project_presentation_generator/public/index.php
[2025-06-10 13:06:55] App::__construct - Selected controller: DashboardController
[2025-06-10 13:06:55] App::__construct - Selected method: shareWorkspace
[2025-06-10 13:06:55] App::__construct - Parameters: Array
(
    [0] => 15
)

[2025-06-10 13:06:55] App::__construct - Calling controller method with parameters
[2025-06-10 13:07:01] App::parseUrl - Parsed URL from REQUEST_URI: Array
(
    [0] => dashboard
    [1] => shareWorkspace
    [2] => 15
)

[2025-06-10 13:07:01] App::parseUrl - Final URL segments: Array
(
    [0] => dashboard
    [1] => shareWorkspace
    [2] => 15
)

[2025-06-10 13:07:01] App::__construct - REQUEST_URI: /WEB_project_presentation_generator/public/dashboard/shareWorkspace/15
[2025-06-10 13:07:01] App::__construct - REQUEST_METHOD: POST
[2025-06-10 13:07:01] App::__construct - SCRIPT_NAME: /WEB_project_presentation_generator/public/index.php
[2025-06-10 13:07:01] App::__construct - PHP_SELF: /WEB_project_presentation_generator/public/index.php
[2025-06-10 13:07:01] App::__construct - Selected controller: DashboardController
[2025-06-10 13:07:01] App::__construct - Selected method: shareWorkspace
[2025-06-10 13:07:01] App::__construct - Parameters: Array
(
    [0] => 15
)

[2025-06-10 13:07:01] App::__construct - Calling controller method with parameters
[2025-06-10 13:07:01] App::parseUrl - Parsed URL from REQUEST_URI: Array
(
    [0] => dashboard
    [1] => workspace
    [2] => 15
)

[2025-06-10 13:07:01] App::parseUrl - Final URL segments: Array
(
    [0] => dashboard
    [1] => workspace
    [2] => 15
)

[2025-06-10 13:07:01] App::__construct - REQUEST_URI: /WEB_project_presentation_generator/public/dashboard/workspace/15?success=%D0%A0%D0%B0%D0%B1%D0%BE%D1%82%D0%BD%D0%BE%D1%82%D0%BE+%D0%BF%D1%80%D0%BE%D1%81%D1%82%D1%80%D0%B0%D0%BD%D1%81%D1%82%D0%B2%D0%BE+%D0%B5+%D1%81%D0%BF%D0%BE%D0%B4%D0%B5%D0%BB%D0%B5%D0%BD%D0%BE+%D1%83%D1%81%D0%BF%D0%B5%D1%88%D0%BD%D0%BE
[2025-06-10 13:07:01] App::__construct - REQUEST_METHOD: GET
[2025-06-10 13:07:01] App::__construct - SCRIPT_NAME: /WEB_project_presentation_generator/public/index.php
[2025-06-10 13:07:01] App::__construct - PHP_SELF: /WEB_project_presentation_generator/public/index.php
[2025-06-10 13:07:01] App::__construct - Selected controller: DashboardController
[2025-06-10 13:07:01] App::parseUrl - Parsed URL from REQUEST_URI: Array
(
    [0] => dashboard
)

[2025-06-10 13:07:01] App::parseUrl - Final URL segments: Array
(
    [0] => dashboard
)

[2025-06-10 13:07:01] App::__construct - REQUEST_URI: /WEB_project_presentation_generator/public/dashboard
[2025-06-10 13:07:01] App::__construct - REQUEST_METHOD: GET
[2025-06-10 13:07:01] App::__construct - SCRIPT_NAME: /WEB_project_presentation_generator/public/index.php
[2025-06-10 13:07:01] App::__construct - PHP_SELF: /WEB_project_presentation_generator/public/index.php
[2025-06-10 13:07:01] App::__construct - Selected controller: DashboardController
[2025-06-10 13:07:01] App::__construct - Parameters: Array
(
)

[2025-06-10 13:07:01] App::__construct - Calling controller method with parameters
[2025-06-10 13:07:03] App::parseUrl - Parsed URL from REQUEST_URI: Array
(
    [0] => dashboard
)

[2025-06-10 13:07:03] App::parseUrl - Final URL segments: Array
(
    [0] => dashboard
)

[2025-06-10 13:07:03] App::__construct - REQUEST_URI: /WEB_project_presentation_generator/public/dashboard
[2025-06-10 13:07:03] App::__construct - REQUEST_METHOD: GET
[2025-06-10 13:07:03] App::__construct - SCRIPT_NAME: /WEB_project_presentation_generator/public/index.php
[2025-06-10 13:07:03] App::__construct - PHP_SELF: /WEB_project_presentation_generator/public/index.php
[2025-06-10 13:07:03] App::__construct - Selected controller: DashboardController
[2025-06-10 13:07:03] App::__construct - Parameters: Array
(
)

[2025-06-10 13:07:03] App::__construct - Calling controller method with parameters
[2025-06-10 13:07:04] App::parseUrl - Parsed URL from REQUEST_URI: Array
(
    [0] => dashboard
    [1] => viewWorkspace
    [2] => 15
)

[2025-06-10 13:07:04] App::parseUrl - Final URL segments: Array
(
    [0] => dashboard
    [1] => viewWorkspace
    [2] => 15
)

[2025-06-10 13:07:04] App::__construct - REQUEST_URI: /WEB_project_presentation_generator/public/dashboard/viewWorkspace/15
[2025-06-10 13:07:04] App::__construct - REQUEST_METHOD: GET
[2025-06-10 13:07:04] App::__construct - SCRIPT_NAME: /WEB_project_presentation_generator/public/index.php
[2025-06-10 13:07:04] App::__construct - PHP_SELF: /WEB_project_presentation_generator/public/index.php
[2025-06-10 13:07:04] App::__construct - Selected controller: DashboardController
[2025-06-10 13:07:04] App::__construct - Selected method: viewWorkspace
[2025-06-10 13:07:04] App::__construct - Parameters: Array
(
    [0] => 15
)

[2025-06-10 13:07:04] App::__construct - Calling controller method with parameters
[2025-06-10 13:07:08] App::parseUrl - Parsed URL from REQUEST_URI: Array
(
    [0] => presentation
    [1] => create
    [2] => 15
)

[2025-06-10 13:07:08] App::parseUrl - Final URL segments: Array
(
    [0] => presentation
    [1] => create
    [2] => 15
)

[2025-06-10 13:07:08] App::__construct - REQUEST_URI: /WEB_project_presentation_generator/public/presentation/create/15
[2025-06-10 13:07:08] App::__construct - REQUEST_METHOD: GET
[2025-06-10 13:07:08] App::__construct - SCRIPT_NAME: /WEB_project_presentation_generator/public/index.php
[2025-06-10 13:07:08] App::__construct - PHP_SELF: /WEB_project_presentation_generator/public/index.php
[2025-06-10 13:07:08] App::__construct - Selected controller: PresentationController
[2025-06-10 13:07:08] App::__construct - Selected method: create
[2025-06-10 13:07:08] App::__construct - Parameters: Array
(
    [0] => 15
)

[2025-06-10 13:07:08] App::__construct - Calling controller method with parameters
[2025-06-10 13:07:10] App::parseUrl - Parsed URL from REQUEST_URI: Array
(
    [0] => presentation
    [1] => create
    [2] => 15
)

[2025-06-10 13:07:10] App::parseUrl - Final URL segments: Array
(
    [0] => presentation
    [1] => create
    [2] => 15
)

[2025-06-10 13:07:10] App::__construct - REQUEST_URI: /WEB_project_presentation_generator/public/presentation/create/15
[2025-06-10 13:07:10] App::__construct - REQUEST_METHOD: POST
[2025-06-10 13:07:10] App::__construct - SCRIPT_NAME: /WEB_project_presentation_generator/public/index.php
[2025-06-10 13:07:10] App::__construct - PHP_SELF: /WEB_project_presentation_generator/public/index.php
[2025-06-10 13:07:10] App::__construct - Selected controller: PresentationController
[2025-06-10 13:07:10] App::__construct - Selected method: create
[2025-06-10 13:07:10] App::__construct - Parameters: Array
(
    [0] => 15
)

[2025-06-10 13:07:10] App::__construct - Calling controller method with parameters
[2025-06-10 13:07:10] App::parseUrl - Parsed URL from REQUEST_URI: Array
(
    [0] => presentation
    [1] => viewPresentation
    [2] => 116
)

[2025-06-10 13:07:10] App::parseUrl - Final URL segments: Array
(
    [0] => presentation
    [1] => viewPresentation
    [2] => 116
)

[2025-06-10 13:07:10] App::__construct - REQUEST_URI: /WEB_project_presentation_generator/public/presentation/viewPresentation/116
[2025-06-10 13:07:10] App::__construct - REQUEST_METHOD: GET
[2025-06-10 13:07:10] App::__construct - SCRIPT_NAME: /WEB_project_presentation_generator/public/index.php
[2025-06-10 13:07:10] App::__construct - PHP_SELF: /WEB_project_presentation_generator/public/index.php
[2025-06-10 13:07:10] App::__construct - Selected controller: PresentationController
[2025-06-10 13:07:10] App::__construct - Selected method: viewPresentation
[2025-06-10 13:07:10] App::__construct - Parameters: Array
(
    [0] => 116
)

[2025-06-10 13:07:10] App::__construct - Calling controller method with parameters
[2025-06-10 13:07:15] App::parseUrl - Parsed URL from REQUEST_URI: Array
(
    [0] => presentation
    [1] => delete
    [2] => 116
)

[2025-06-10 13:07:15] App::parseUrl - Final URL segments: Array
(
    [0] => presentation
    [1] => delete
    [2] => 116
)

[2025-06-10 13:07:15] App::__construct - REQUEST_URI: /WEB_project_presentation_generator/public/presentation/delete/116
[2025-06-10 13:07:15] App::__construct - REQUEST_METHOD: GET
[2025-06-10 13:07:15] App::__construct - SCRIPT_NAME: /WEB_project_presentation_generator/public/index.php
[2025-06-10 13:07:15] App::__construct - PHP_SELF: /WEB_project_presentation_generator/public/index.php
[2025-06-10 13:07:15] App::__construct - Selected controller: PresentationController
[2025-06-10 13:07:15] App::__construct - Selected method: delete
[2025-06-10 13:07:15] App::__construct - Parameters: Array
(
    [0] => 116
)

[2025-06-10 13:07:15] App::__construct - Calling controller method with parameters
[2025-06-10 13:07:15] App::parseUrl - Parsed URL from REQUEST_URI: Array
(
    [0] => presentation
    [1] => viewPresentation
    [2] => 116
)

[2025-06-10 13:07:15] App::parseUrl - Final URL segments: Array
(
    [0] => presentation
    [1] => viewPresentation
    [2] => 116
)

[2025-06-10 13:07:15] App::__construct - REQUEST_URI: /WEB_project_presentation_generator/public/presentation/viewPresentation/116
[2025-06-10 13:07:15] App::__construct - REQUEST_METHOD: GET
[2025-06-10 13:07:15] App::__construct - SCRIPT_NAME: /WEB_project_presentation_generator/public/index.php
[2025-06-10 13:07:15] App::__construct - PHP_SELF: /WEB_project_presentation_generator/public/index.php
[2025-06-10 13:07:15] App::__construct - Selected controller: PresentationController
[2025-06-10 13:07:15] App::__construct - Selected method: viewPresentation
[2025-06-10 13:07:15] App::__construct - Parameters: Array
(
    [0] => 116
)

[2025-06-10 13:07:15] App::__construct - Calling controller method with parameters
[2025-06-10 13:07:28] App::parseUrl - Parsed URL from REQUEST_URI: Array
(
    [0] => dashboard
)

[2025-06-10 13:07:28] App::parseUrl - Final URL segments: Array
(
    [0] => dashboard
)

[2025-06-10 13:07:28] App::__construct - REQUEST_URI: /WEB_project_presentation_generator/public/dashboard
[2025-06-10 13:07:28] App::__construct - REQUEST_METHOD: GET
[2025-06-10 13:07:28] App::__construct - SCRIPT_NAME: /WEB_project_presentation_generator/public/index.php
[2025-06-10 13:07:28] App::__construct - PHP_SELF: /WEB_project_presentation_generator/public/index.php
[2025-06-10 13:07:28] App::__construct - Selected controller: DashboardController
[2025-06-10 13:07:28] App::__construct - Parameters: Array
(
)

[2025-06-10 13:07:28] App::__construct - Calling controller method with parameters
[2025-06-10 13:08:43] App::parseUrl - Parsed URL from REQUEST_URI: Array
(
    [0] => dashboard
    [1] => viewWorkspace
    [2] => 14
)

[2025-06-10 13:08:43] App::parseUrl - Final URL segments: Array
(
    [0] => dashboard
    [1] => viewWorkspace
    [2] => 14
)

[2025-06-10 13:08:43] App::__construct - REQUEST_URI: /WEB_project_presentation_generator/public/dashboard/viewWorkspace/14
[2025-06-10 13:08:43] App::__construct - REQUEST_METHOD: GET
[2025-06-10 13:08:43] App::__construct - SCRIPT_NAME: /WEB_project_presentation_generator/public/index.php
[2025-06-10 13:08:43] App::__construct - PHP_SELF: /WEB_project_presentation_generator/public/index.php
[2025-06-10 13:08:43] App::__construct - Selected controller: DashboardController
[2025-06-10 13:08:43] App::__construct - Selected method: viewWorkspace
[2025-06-10 13:08:43] App::__construct - Parameters: Array
(
    [0] => 14
)

[2025-06-10 13:08:43] App::__construct - Calling controller method with parameters
[2025-06-10 13:08:45] App::parseUrl - Parsed URL from REQUEST_URI: Array
(
    [0] => dashboard
    [1] => shareWorkspace
    [2] => 14
)

[2025-06-10 13:08:45] App::parseUrl - Final URL segments: Array
(
    [0] => dashboard
    [1] => shareWorkspace
    [2] => 14
)

[2025-06-10 13:08:45] App::__construct - REQUEST_URI: /WEB_project_presentation_generator/public/dashboard/shareWorkspace/14
[2025-06-10 13:08:45] App::__construct - REQUEST_METHOD: GET
[2025-06-10 13:08:45] App::__construct - SCRIPT_NAME: /WEB_project_presentation_generator/public/index.php
[2025-06-10 13:08:45] App::__construct - PHP_SELF: /WEB_project_presentation_generator/public/index.php
[2025-06-10 13:08:45] App::__construct - Selected controller: DashboardController
[2025-06-10 13:08:45] App::__construct - Selected method: shareWorkspace
[2025-06-10 13:08:45] App::__construct - Parameters: Array
(
    [0] => 14
)

[2025-06-10 13:08:45] App::__construct - Calling controller method with parameters
[2025-06-10 13:08:49] App::parseUrl - Parsed URL from REQUEST_URI: Array
(
    [0] => dashboard
    [1] => updateMemberRole
    [2] => 14
)

[2025-06-10 13:08:49] App::parseUrl - Final URL segments: Array
(
    [0] => dashboard
    [1] => updateMemberRole
    [2] => 14
)

[2025-06-10 13:08:49] App::__construct - REQUEST_URI: /WEB_project_presentation_generator/public/dashboard/updateMemberRole/14
[2025-06-10 13:08:49] App::__construct - REQUEST_METHOD: POST
[2025-06-10 13:08:49] App::__construct - SCRIPT_NAME: /WEB_project_presentation_generator/public/index.php
[2025-06-10 13:08:49] App::__construct - PHP_SELF: /WEB_project_presentation_generator/public/index.php
[2025-06-10 13:08:49] App::__construct - Selected controller: DashboardController
[2025-06-10 13:08:49] App::__construct - Selected method: updateMemberRole
[2025-06-10 13:08:49] App::__construct - Parameters: Array
(
    [0] => 14
)

[2025-06-10 13:08:49] App::__construct - Calling controller method with parameters
[2025-06-10 13:09:31] App::parseUrl - Parsed URL from REQUEST_URI: Array
(
    [0] => dashboard
    [1] => workspace
    [2] => 14
)

[2025-06-10 13:09:31] App::parseUrl - Final URL segments: Array
(
    [0] => dashboard
    [1] => workspace
    [2] => 14
)

[2025-06-10 13:09:31] App::__construct - REQUEST_URI: /WEB_project_presentation_generator/public/dashboard/workspace/14
[2025-06-10 13:09:31] App::__construct - REQUEST_METHOD: GET
[2025-06-10 13:09:31] App::__construct - SCRIPT_NAME: /WEB_project_presentation_generator/public/index.php
[2025-06-10 13:09:31] App::__construct - PHP_SELF: /WEB_project_presentation_generator/public/index.php
[2025-06-10 13:09:31] App::__construct - Selected controller: DashboardController
[2025-06-10 13:09:31] App::parseUrl - Parsed URL from REQUEST_URI: Array
(
    [0] => dashboard
)

[2025-06-10 13:09:31] App::parseUrl - Final URL segments: Array
(
    [0] => dashboard
)

[2025-06-10 13:09:31] App::__construct - REQUEST_URI: /WEB_project_presentation_generator/public/dashboard
[2025-06-10 13:09:31] App::__construct - REQUEST_METHOD: GET
[2025-06-10 13:09:31] App::__construct - SCRIPT_NAME: /WEB_project_presentation_generator/public/index.php
[2025-06-10 13:09:31] App::__construct - PHP_SELF: /WEB_project_presentation_generator/public/index.php
[2025-06-10 13:09:31] App::__construct - Selected controller: DashboardController
[2025-06-10 13:09:31] App::__construct - Parameters: Array
(
)

[2025-06-10 13:09:31] App::__construct - Calling controller method with parameters
[2025-06-10 13:09:34] App::parseUrl - Parsed URL from REQUEST_URI: Array
(
    [0] => dashboard
    [1] => viewWorkspace
    [2] => 15
)

[2025-06-10 13:09:34] App::parseUrl - Final URL segments: Array
(
    [0] => dashboard
    [1] => viewWorkspace
    [2] => 15
)

[2025-06-10 13:09:34] App::__construct - REQUEST_URI: /WEB_project_presentation_generator/public/dashboard/viewWorkspace/15
[2025-06-10 13:09:34] App::__construct - REQUEST_METHOD: GET
[2025-06-10 13:09:34] App::__construct - SCRIPT_NAME: /WEB_project_presentation_generator/public/index.php
[2025-06-10 13:09:34] App::__construct - PHP_SELF: /WEB_project_presentation_generator/public/index.php
[2025-06-10 13:09:34] App::__construct - Selected controller: DashboardController
[2025-06-10 13:09:34] App::__construct - Selected method: viewWorkspace
[2025-06-10 13:09:34] App::__construct - Parameters: Array
(
    [0] => 15
)

[2025-06-10 13:09:34] App::__construct - Calling controller method with parameters
[2025-06-10 13:10:01] App::parseUrl - Parsed URL from REQUEST_URI: Array
(
    [0] => dashboard
)

[2025-06-10 13:10:01] App::parseUrl - Final URL segments: Array
(
    [0] => dashboard
)

[2025-06-10 13:10:01] App::__construct - REQUEST_URI: /WEB_project_presentation_generator/public/dashboard
[2025-06-10 13:10:01] App::__construct - REQUEST_METHOD: GET
[2025-06-10 13:10:01] App::__construct - SCRIPT_NAME: /WEB_project_presentation_generator/public/index.php
[2025-06-10 13:10:01] App::__construct - PHP_SELF: /WEB_project_presentation_generator/public/index.php
[2025-06-10 13:10:01] App::__construct - Selected controller: DashboardController
[2025-06-10 13:10:01] App::__construct - Parameters: Array
(
)

[2025-06-10 13:10:01] App::__construct - Calling controller method with parameters
[2025-06-10 13:10:03] App::parseUrl - Parsed URL from REQUEST_URI: Array
(
    [0] => dashboard
    [1] => viewWorkspace
    [2] => 15
)

[2025-06-10 13:10:03] App::parseUrl - Final URL segments: Array
(
    [0] => dashboard
    [1] => viewWorkspace
    [2] => 15
)

[2025-06-10 13:10:03] App::__construct - REQUEST_URI: /WEB_project_presentation_generator/public/dashboard/viewWorkspace/15
[2025-06-10 13:10:03] App::__construct - REQUEST_METHOD: GET
[2025-06-10 13:10:03] App::__construct - SCRIPT_NAME: /WEB_project_presentation_generator/public/index.php
[2025-06-10 13:10:03] App::__construct - PHP_SELF: /WEB_project_presentation_generator/public/index.php
[2025-06-10 13:10:03] App::__construct - Selected controller: DashboardController
[2025-06-10 13:10:03] App::__construct - Selected method: viewWorkspace
[2025-06-10 13:10:03] App::__construct - Parameters: Array
(
    [0] => 15
)

[2025-06-10 13:10:03] App::__construct - Calling controller method with parameters
[2025-06-10 13:10:05] App::parseUrl - Parsed URL from REQUEST_URI: Array
(
    [0] => presentation
    [1] => viewPresentation
    [2] => 116
)

[2025-06-10 13:10:05] App::parseUrl - Final URL segments: Array
(
    [0] => presentation
    [1] => viewPresentation
    [2] => 116
)

[2025-06-10 13:10:05] App::__construct - REQUEST_URI: /WEB_project_presentation_generator/public/presentation/viewPresentation/116
[2025-06-10 13:10:05] App::__construct - REQUEST_METHOD: GET
[2025-06-10 13:10:05] App::__construct - SCRIPT_NAME: /WEB_project_presentation_generator/public/index.php
[2025-06-10 13:10:05] App::__construct - PHP_SELF: /WEB_project_presentation_generator/public/index.php
[2025-06-10 13:10:05] App::__construct - Selected controller: PresentationController
[2025-06-10 13:10:05] App::__construct - Selected method: viewPresentation
[2025-06-10 13:10:05] App::__construct - Parameters: Array
(
    [0] => 116
)

[2025-06-10 13:10:05] App::__construct - Calling controller method with parameters
[2025-06-10 13:10:06] App::parseUrl - Parsed URL from REQUEST_URI: Array
(
    [0] => presentation
    [1] => edit
    [2] => 116
)

[2025-06-10 13:10:06] App::parseUrl - Final URL segments: Array
(
    [0] => presentation
    [1] => edit
    [2] => 116
)

[2025-06-10 13:10:06] App::__construct - REQUEST_URI: /WEB_project_presentation_generator/public/presentation/edit/116
[2025-06-10 13:10:06] App::__construct - REQUEST_METHOD: GET
[2025-06-10 13:10:06] App::__construct - SCRIPT_NAME: /WEB_project_presentation_generator/public/index.php
[2025-06-10 13:10:06] App::__construct - PHP_SELF: /WEB_project_presentation_generator/public/index.php
[2025-06-10 13:10:06] App::__construct - Selected controller: PresentationController
[2025-06-10 13:10:06] App::__construct - Selected method: edit
[2025-06-10 13:10:06] App::__construct - Parameters: Array
(
    [0] => 116
)

[2025-06-10 13:10:06] App::__construct - Calling controller method with parameters
[2025-06-10 13:10:06] App::parseUrl - Parsed URL from REQUEST_URI: Array
(
    [0] => presentation
    [1] => viewPresentation
    [2] => 116
)

[2025-06-10 13:10:06] App::parseUrl - Final URL segments: Array
(
    [0] => presentation
    [1] => viewPresentation
    [2] => 116
)

[2025-06-10 13:10:06] App::__construct - REQUEST_URI: /WEB_project_presentation_generator/public/presentation/viewPresentation/116
[2025-06-10 13:10:06] App::__construct - REQUEST_METHOD: GET
[2025-06-10 13:10:06] App::__construct - SCRIPT_NAME: /WEB_project_presentation_generator/public/index.php
[2025-06-10 13:10:06] App::__construct - PHP_SELF: /WEB_project_presentation_generator/public/index.php
[2025-06-10 13:10:06] App::__construct - Selected controller: PresentationController
[2025-06-10 13:10:06] App::__construct - Selected method: viewPresentation
[2025-06-10 13:10:06] App::__construct - Parameters: Array
(
    [0] => 116
)

[2025-06-10 13:10:06] App::__construct - Calling controller method with parameters
[2025-06-10 13:10:09] App::parseUrl - Parsed URL from REQUEST_URI: Array
(
    [0] => presentation
    [1] => delete
    [2] => 116
)

[2025-06-10 13:10:09] App::parseUrl - Final URL segments: Array
(
    [0] => presentation
    [1] => delete
    [2] => 116
)

[2025-06-10 13:10:09] App::__construct - REQUEST_URI: /WEB_project_presentation_generator/public/presentation/delete/116
[2025-06-10 13:10:09] App::__construct - REQUEST_METHOD: GET
[2025-06-10 13:10:09] App::__construct - SCRIPT_NAME: /WEB_project_presentation_generator/public/index.php
[2025-06-10 13:10:09] App::__construct - PHP_SELF: /WEB_project_presentation_generator/public/index.php
[2025-06-10 13:10:09] App::__construct - Selected controller: PresentationController
[2025-06-10 13:10:09] App::__construct - Selected method: delete
[2025-06-10 13:10:09] App::__construct - Parameters: Array
(
    [0] => 116
)

[2025-06-10 13:10:09] App::__construct - Calling controller method with parameters
[2025-06-10 13:10:09] App::parseUrl - Parsed URL from REQUEST_URI: Array
(
    [0] => presentation
    [1] => viewPresentation
    [2] => 116
)

[2025-06-10 13:10:09] App::parseUrl - Final URL segments: Array
(
    [0] => presentation
    [1] => viewPresentation
    [2] => 116
)

[2025-06-10 13:10:09] App::__construct - REQUEST_URI: /WEB_project_presentation_generator/public/presentation/viewPresentation/116
[2025-06-10 13:10:09] App::__construct - REQUEST_METHOD: GET
[2025-06-10 13:10:09] App::__construct - SCRIPT_NAME: /WEB_project_presentation_generator/public/index.php
[2025-06-10 13:10:09] App::__construct - PHP_SELF: /WEB_project_presentation_generator/public/index.php
[2025-06-10 13:10:09] App::__construct - Selected controller: PresentationController
[2025-06-10 13:10:09] App::__construct - Selected method: viewPresentation
[2025-06-10 13:10:09] App::__construct - Parameters: Array
(
    [0] => 116
)

[2025-06-10 13:10:09] App::__construct - Calling controller method with parameters
[2025-06-10 13:10:18] App::parseUrl - Parsed URL from REQUEST_URI: Array
(
    [0] => slide
    [1] => create
    [2] => 116
)

[2025-06-10 13:10:18] App::parseUrl - Final URL segments: Array
(
    [0] => slide
    [1] => create
    [2] => 116
)

[2025-06-10 13:10:18] App::__construct - REQUEST_URI: /WEB_project_presentation_generator/public/slide/create/116
[2025-06-10 13:10:18] App::__construct - REQUEST_METHOD: GET
[2025-06-10 13:10:18] App::__construct - SCRIPT_NAME: /WEB_project_presentation_generator/public/index.php
[2025-06-10 13:10:18] App::__construct - PHP_SELF: /WEB_project_presentation_generator/public/index.php
[2025-06-10 13:10:18] App::__construct - Selected controller: SlideController
[2025-06-10 13:10:18] App::__construct - Selected method: create
[2025-06-10 13:10:18] App::__construct - Parameters: Array
(
    [0] => 116
)

[2025-06-10 13:10:18] App::__construct - Calling controller method with parameters
[2025-06-10 13:10:18] SlideController::create called with presentationId: 116
[2025-06-10 13:10:18] Request method: GET
[2025-06-10 13:10:18] Raw POST data: 
[2025-06-10 13:10:18] POST contents: []
[2025-06-10 13:10:18] FILES contents: []
[2025-06-10 13:10:18] REQUEST_URI: /WEB_project_presentation_generator/public/slide/create/116
[2025-06-10 13:10:18] SCRIPT_NAME: /WEB_project_presentation_generator/public/index.php
[2025-06-10 13:10:18] PHP_SELF: /WEB_project_presentation_generator/public/index.php
[2025-06-10 13:10:18] HTTP_X_REQUESTED_WITH: not set
[2025-06-10 13:10:21] App::parseUrl - Parsed URL from REQUEST_URI: Array
(
    [0] => slides
    [1] => create
    [2] => 116
)

[2025-06-10 13:10:21] App::parseUrl - Final URL segments: Array
(
    [0] => slides
    [1] => create
    [2] => 116
)

[2025-06-10 13:10:21] App::__construct - REQUEST_URI: /WEB_project_presentation_generator/public/slides/create/116
[2025-06-10 13:10:21] App::__construct - REQUEST_METHOD: POST
[2025-06-10 13:10:21] App::__construct - SCRIPT_NAME: /WEB_project_presentation_generator/public/index.php
[2025-06-10 13:10:21] App::__construct - PHP_SELF: /WEB_project_presentation_generator/public/index.php
[2025-06-10 13:10:21] App::__construct - Selected controller: SlideController
[2025-06-10 13:10:21] App::__construct - Selected method: create
[2025-06-10 13:10:21] App::__construct - Parameters: Array
(
    [0] => 116
)

[2025-06-10 13:10:21] App::__construct - Calling controller method with parameters
[2025-06-10 13:10:21] SlideController::create called with presentationId: 116
[2025-06-10 13:10:21] Request method: POST
[2025-06-10 13:10:21] Raw POST data: 
[2025-06-10 13:10:21] POST contents: {"presentation_id":"116","no_redirect":"1","title":"\u043f\u043d\u043f\u043d\u043d\u043f\u043d","layout":"full","elements":[{"type":"text","title":"","style":"{}","content":""}]}
[2025-06-10 13:10:21] FILES contents: []
[2025-06-10 13:10:21] REQUEST_URI: /WEB_project_presentation_generator/public/slides/create/116
[2025-06-10 13:10:21] SCRIPT_NAME: /WEB_project_presentation_generator/public/index.php
[2025-06-10 13:10:21] PHP_SELF: /WEB_project_presentation_generator/public/index.php
[2025-06-10 13:10:21] HTTP_X_REQUESTED_WITH: XMLHttpRequest
[2025-06-10 13:10:21] Received POST request for slide creation
[2025-06-10 13:10:21] POST data: Array
(
    [presentation_id] => 116
    [no_redirect] => 1
    [title] => пнпннпн
    [layout] => full
    [elements] => Array
        (
            [0] => Array
                (
                    [type] => text
                    [title] => 
                    [style] => {}
                    [content] => 
                )

        )

)

[2025-06-10 13:10:21] Processing slide creation with data:
[2025-06-10 13:10:21] presentation_id: 116
[2025-06-10 13:10:21] title: пнпннпн
[2025-06-10 13:10:21] layout: full
[2025-06-10 13:10:21] no_redirect: true
[2025-06-10 13:10:21] Processing element 0: Array
(
    [type] => text
    [title] => 
    [style] => {}
    [content] => 
)

[2025-06-10 13:10:21] Prepared elements data: Array
(
    [0] => Array
        (
            [type] => text
            [title] => 
            [content] => 
            [text] => 
            [style] => Array
                (
                )

        )

)

[2025-06-10 13:10:21] Final slide data: Array
(
    [presentation_id] => 116
    [title] => пнпннпн
    [layout] => full
    [elements] => Array
        (
            [0] => Array
                (
                    [type] => text
                    [title] => 
                    [content] => 
                    [text] => 
                    [style] => Array
                        (
                        )

                )

        )

)

[2025-06-10 13:10:21] Is AJAX request: true
[2025-06-10 13:10:21] Successfully created slide with ID: 793
[2025-06-10 13:10:21] Sending JSON response for AJAX request
[2025-06-10 13:10:22] App::parseUrl - Parsed URL from REQUEST_URI: Array
(
    [0] => presentation
    [1] => viewPresentation
    [2] => 116
)

[2025-06-10 13:10:22] App::parseUrl - Final URL segments: Array
(
    [0] => presentation
    [1] => viewPresentation
    [2] => 116
)

[2025-06-10 13:10:22] App::__construct - REQUEST_URI: /WEB_project_presentation_generator/public/presentation/viewPresentation/116
[2025-06-10 13:10:22] App::__construct - REQUEST_METHOD: GET
[2025-06-10 13:10:22] App::__construct - SCRIPT_NAME: /WEB_project_presentation_generator/public/index.php
[2025-06-10 13:10:22] App::__construct - PHP_SELF: /WEB_project_presentation_generator/public/index.php
[2025-06-10 13:10:22] App::__construct - Selected controller: PresentationController
[2025-06-10 13:10:22] App::__construct - Selected method: viewPresentation
[2025-06-10 13:10:22] App::__construct - Parameters: Array
(
    [0] => 116
)

[2025-06-10 13:10:22] App::__construct - Calling controller method with parameters
[2025-06-10 13:10:31] App::parseUrl - Parsed URL from REQUEST_URI: Array
(
    [0] => slide
    [1] => edit
    [2] => 793
)

[2025-06-10 13:10:31] App::parseUrl - Final URL segments: Array
(
    [0] => slide
    [1] => edit
    [2] => 793
)

[2025-06-10 13:10:31] App::__construct - REQUEST_URI: /WEB_project_presentation_generator/public/slide/edit/793
[2025-06-10 13:10:31] App::__construct - REQUEST_METHOD: GET
[2025-06-10 13:10:31] App::__construct - SCRIPT_NAME: /WEB_project_presentation_generator/public/index.php
[2025-06-10 13:10:31] App::__construct - PHP_SELF: /WEB_project_presentation_generator/public/index.php
[2025-06-10 13:10:31] App::__construct - Selected controller: SlideController
[2025-06-10 13:10:31] App::__construct - Selected method: edit
[2025-06-10 13:10:31] App::__construct - Parameters: Array
(
    [0] => 793
)

[2025-06-10 13:10:31] App::__construct - Calling controller method with parameters
[2025-06-10 13:10:31] App::parseUrl - Parsed URL from REQUEST_URI: Array
(
    [0] => presentation
    [1] => viewPresentation
    [2] => 116
)

[2025-06-10 13:10:31] App::parseUrl - Final URL segments: Array
(
    [0] => presentation
    [1] => viewPresentation
    [2] => 116
)

[2025-06-10 13:10:31] App::__construct - REQUEST_URI: /WEB_project_presentation_generator/public/presentation/viewPresentation/116
[2025-06-10 13:10:31] App::__construct - REQUEST_METHOD: GET
[2025-06-10 13:10:31] App::__construct - SCRIPT_NAME: /WEB_project_presentation_generator/public/index.php
[2025-06-10 13:10:31] App::__construct - PHP_SELF: /WEB_project_presentation_generator/public/index.php
[2025-06-10 13:10:31] App::__construct - Selected controller: PresentationController
[2025-06-10 13:10:31] App::__construct - Selected method: viewPresentation
[2025-06-10 13:10:31] App::__construct - Parameters: Array
(
    [0] => 116
)

[2025-06-10 13:10:31] App::__construct - Calling controller method with parameters
[2025-06-10 13:11:45] App::parseUrl - Parsed URL from REQUEST_URI: Array
(
    [0] => presentation
    [1] => viewPresentation
    [2] => 116
)

[2025-06-10 13:11:45] App::parseUrl - Final URL segments: Array
(
    [0] => presentation
    [1] => viewPresentation
    [2] => 116
)

[2025-06-10 13:11:45] App::__construct - REQUEST_URI: /WEB_project_presentation_generator/public/presentation/viewPresentation/116
[2025-06-10 13:11:45] App::__construct - REQUEST_METHOD: GET
[2025-06-10 13:11:45] App::__construct - SCRIPT_NAME: /WEB_project_presentation_generator/public/index.php
[2025-06-10 13:11:45] App::__construct - PHP_SELF: /WEB_project_presentation_generator/public/index.php
[2025-06-10 13:11:45] App::__construct - Selected controller: PresentationController
[2025-06-10 13:11:45] App::__construct - Selected method: viewPresentation
[2025-06-10 13:11:45] App::__construct - Parameters: Array
(
    [0] => 116
)

[2025-06-10 13:11:45] App::__construct - Calling controller method with parameters
[2025-06-10 13:11:46] App::parseUrl - Parsed URL from REQUEST_URI: Array
(
    [0] => slide
    [1] => edit
    [2] => 793
)

[2025-06-10 13:11:46] App::parseUrl - Final URL segments: Array
(
    [0] => slide
    [1] => edit
    [2] => 793
)

[2025-06-10 13:11:46] App::__construct - REQUEST_URI: /WEB_project_presentation_generator/public/slide/edit/793
[2025-06-10 13:11:46] App::__construct - REQUEST_METHOD: GET
[2025-06-10 13:11:46] App::__construct - SCRIPT_NAME: /WEB_project_presentation_generator/public/index.php
[2025-06-10 13:11:46] App::__construct - PHP_SELF: /WEB_project_presentation_generator/public/index.php
[2025-06-10 13:11:46] App::__construct - Selected controller: SlideController
[2025-06-10 13:11:46] App::__construct - Selected method: edit
[2025-06-10 13:11:46] App::__construct - Parameters: Array
(
    [0] => 793
)

[2025-06-10 13:11:46] App::__construct - Calling controller method with parameters
[2025-06-10 13:11:46] App::parseUrl - Parsed URL from REQUEST_URI: Array
(
    [0] => presentation
    [1] => viewPresentation
    [2] => 116
)

[2025-06-10 13:11:46] App::parseUrl - Final URL segments: Array
(
    [0] => presentation
    [1] => viewPresentation
    [2] => 116
)

[2025-06-10 13:11:46] App::__construct - REQUEST_URI: /WEB_project_presentation_generator/public/presentation/viewPresentation/116
[2025-06-10 13:11:46] App::__construct - REQUEST_METHOD: GET
[2025-06-10 13:11:46] App::__construct - SCRIPT_NAME: /WEB_project_presentation_generator/public/index.php
[2025-06-10 13:11:46] App::__construct - PHP_SELF: /WEB_project_presentation_generator/public/index.php
[2025-06-10 13:11:46] App::__construct - Selected controller: PresentationController
[2025-06-10 13:11:46] App::__construct - Selected method: viewPresentation
[2025-06-10 13:11:46] App::__construct - Parameters: Array
(
    [0] => 116
)

[2025-06-10 13:11:46] App::__construct - Calling controller method with parameters
[2025-06-10 13:11:49] App::parseUrl - Parsed URL from REQUEST_URI: Array
(
    [0] => slides
    [1] => delete
    [2] => 793
)

[2025-06-10 13:11:49] App::parseUrl - Final URL segments: Array
(
    [0] => slides
    [1] => delete
    [2] => 793
)

[2025-06-10 13:11:49] App::__construct - REQUEST_URI: /WEB_project_presentation_generator/public/slides/delete/793
[2025-06-10 13:11:49] App::__construct - REQUEST_METHOD: GET
[2025-06-10 13:11:49] App::__construct - SCRIPT_NAME: /WEB_project_presentation_generator/public/index.php
[2025-06-10 13:11:49] App::__construct - PHP_SELF: /WEB_project_presentation_generator/public/index.php
[2025-06-10 13:11:49] App::__construct - Selected controller: SlideController
[2025-06-10 13:11:49] App::__construct - Selected method: delete
[2025-06-10 13:11:49] App::__construct - Parameters: Array
(
    [0] => 793
)

[2025-06-10 13:11:49] App::__construct - Calling controller method with parameters
[2025-06-10 13:11:49] App::parseUrl - Parsed URL from REQUEST_URI: Array
(
    [0] => presentation
    [1] => viewPresentation
    [2] => 116
)

[2025-06-10 13:11:49] App::parseUrl - Final URL segments: Array
(
    [0] => presentation
    [1] => viewPresentation
    [2] => 116
)

[2025-06-10 13:11:49] App::__construct - REQUEST_URI: /WEB_project_presentation_generator/public/presentation/viewPresentation/116
[2025-06-10 13:11:49] App::__construct - REQUEST_METHOD: GET
[2025-06-10 13:11:49] App::__construct - SCRIPT_NAME: /WEB_project_presentation_generator/public/index.php
[2025-06-10 13:11:49] App::__construct - PHP_SELF: /WEB_project_presentation_generator/public/index.php
[2025-06-10 13:11:49] App::__construct - Selected controller: PresentationController
[2025-06-10 13:11:49] App::__construct - Selected method: viewPresentation
[2025-06-10 13:11:49] App::__construct - Parameters: Array
(
    [0] => 116
)

[2025-06-10 13:11:49] App::__construct - Calling controller method with parameters
[2025-06-10 13:11:52] App::parseUrl - Parsed URL from REQUEST_URI: Array
(
    [0] => presentation
    [1] => edit
    [2] => 116
)

[2025-06-10 13:11:52] App::parseUrl - Final URL segments: Array
(
    [0] => presentation
    [1] => edit
    [2] => 116
)

[2025-06-10 13:11:52] App::__construct - REQUEST_URI: /WEB_project_presentation_generator/public/presentation/edit/116
[2025-06-10 13:11:52] App::__construct - REQUEST_METHOD: GET
[2025-06-10 13:11:52] App::__construct - SCRIPT_NAME: /WEB_project_presentation_generator/public/index.php
[2025-06-10 13:11:52] App::__construct - PHP_SELF: /WEB_project_presentation_generator/public/index.php
[2025-06-10 13:11:52] App::__construct - Selected controller: PresentationController
[2025-06-10 13:11:52] App::__construct - Selected method: edit
[2025-06-10 13:11:52] App::__construct - Parameters: Array
(
    [0] => 116
)

[2025-06-10 13:11:52] App::__construct - Calling controller method with parameters
[2025-06-10 13:11:52] App::parseUrl - Parsed URL from REQUEST_URI: Array
(
    [0] => presentation
    [1] => viewPresentation
    [2] => 116
)

[2025-06-10 13:11:52] App::parseUrl - Final URL segments: Array
(
    [0] => presentation
    [1] => viewPresentation
    [2] => 116
)

[2025-06-10 13:11:52] App::__construct - REQUEST_URI: /WEB_project_presentation_generator/public/presentation/viewPresentation/116
[2025-06-10 13:11:52] App::__construct - REQUEST_METHOD: GET
[2025-06-10 13:11:52] App::__construct - SCRIPT_NAME: /WEB_project_presentation_generator/public/index.php
[2025-06-10 13:11:52] App::__construct - PHP_SELF: /WEB_project_presentation_generator/public/index.php
[2025-06-10 13:11:52] App::__construct - Selected controller: PresentationController
[2025-06-10 13:11:52] App::__construct - Selected method: viewPresentation
[2025-06-10 13:11:52] App::__construct - Parameters: Array
(
    [0] => 116
)

[2025-06-10 13:11:52] App::__construct - Calling controller method with parameters
[2025-06-10 13:11:55] App::parseUrl - Parsed URL from REQUEST_URI: Array
(
    [0] => presentation
    [1] => delete
    [2] => 116
)

[2025-06-10 13:11:55] App::parseUrl - Final URL segments: Array
(
    [0] => presentation
    [1] => delete
    [2] => 116
)

[2025-06-10 13:11:55] App::__construct - REQUEST_URI: /WEB_project_presentation_generator/public/presentation/delete/116
[2025-06-10 13:11:55] App::__construct - REQUEST_METHOD: GET
[2025-06-10 13:11:55] App::__construct - SCRIPT_NAME: /WEB_project_presentation_generator/public/index.php
[2025-06-10 13:11:55] App::__construct - PHP_SELF: /WEB_project_presentation_generator/public/index.php
[2025-06-10 13:11:55] App::__construct - Selected controller: PresentationController
[2025-06-10 13:11:55] App::__construct - Selected method: delete
[2025-06-10 13:11:55] App::__construct - Parameters: Array
(
    [0] => 116
)

[2025-06-10 13:11:55] App::__construct - Calling controller method with parameters
[2025-06-10 13:11:55] App::parseUrl - Parsed URL from REQUEST_URI: Array
(
    [0] => presentation
    [1] => viewPresentation
    [2] => 116
)

[2025-06-10 13:11:55] App::parseUrl - Final URL segments: Array
(
    [0] => presentation
    [1] => viewPresentation
    [2] => 116
)

[2025-06-10 13:11:55] App::__construct - REQUEST_URI: /WEB_project_presentation_generator/public/presentation/viewPresentation/116
[2025-06-10 13:11:55] App::__construct - REQUEST_METHOD: GET
[2025-06-10 13:11:55] App::__construct - SCRIPT_NAME: /WEB_project_presentation_generator/public/index.php
[2025-06-10 13:11:55] App::__construct - PHP_SELF: /WEB_project_presentation_generator/public/index.php
[2025-06-10 13:11:55] App::__construct - Selected controller: PresentationController
[2025-06-10 13:11:55] App::__construct - Selected method: viewPresentation
[2025-06-10 13:11:55] App::__construct - Parameters: Array
(
    [0] => 116
)

[2025-06-10 13:11:55] App::__construct - Calling controller method with parameters
[2025-06-10 13:13:50] App::parseUrl - Parsed URL from REQUEST_URI: Array
(
    [0] => presentation
    [1] => viewPresentation
    [2] => 115
)

[2025-06-10 13:13:50] App::parseUrl - Final URL segments: Array
(
    [0] => presentation
    [1] => viewPresentation
    [2] => 115
)

[2025-06-10 13:13:50] App::__construct - REQUEST_URI: /WEB_project_presentation_generator/public/presentation/viewPresentation/115
[2025-06-10 13:13:50] App::__construct - REQUEST_METHOD: GET
[2025-06-10 13:13:50] App::__construct - SCRIPT_NAME: /WEB_project_presentation_generator/public/index.php
[2025-06-10 13:13:50] App::__construct - PHP_SELF: /WEB_project_presentation_generator/public/index.php
[2025-06-10 13:13:50] App::__construct - Selected controller: PresentationController
[2025-06-10 13:13:50] App::__construct - Selected method: viewPresentation
[2025-06-10 13:13:50] App::__construct - Parameters: Array
(
    [0] => 115
)

[2025-06-10 13:13:50] App::__construct - Calling controller method with parameters
[2025-06-10 13:13:54] App::parseUrl - Parsed URL from REQUEST_URI: Array
(
    [0] => presentation
    [1] => viewPresentation
    [2] => 116
)

[2025-06-10 13:13:54] App::parseUrl - Final URL segments: Array
(
    [0] => presentation
    [1] => viewPresentation
    [2] => 116
)

[2025-06-10 13:13:54] App::__construct - REQUEST_URI: /WEB_project_presentation_generator/public/presentation/viewPresentation/116
[2025-06-10 13:13:54] App::__construct - REQUEST_METHOD: GET
[2025-06-10 13:13:54] App::__construct - SCRIPT_NAME: /WEB_project_presentation_generator/public/index.php
[2025-06-10 13:13:54] App::__construct - PHP_SELF: /WEB_project_presentation_generator/public/index.php
[2025-06-10 13:13:54] App::__construct - Selected controller: PresentationController
[2025-06-10 13:13:54] App::__construct - Selected method: viewPresentation
[2025-06-10 13:13:54] App::__construct - Parameters: Array
(
    [0] => 116
)

[2025-06-10 13:13:54] App::__construct - Calling controller method with parameters
[2025-06-10 13:13:57] App::parseUrl - Parsed URL from REQUEST_URI: Array
(
    [0] => dashboard
    [1] => viewWorkspace
    [2] => 15
)

[2025-06-10 13:13:57] App::parseUrl - Final URL segments: Array
(
    [0] => dashboard
    [1] => viewWorkspace
    [2] => 15
)

[2025-06-10 13:13:57] App::__construct - REQUEST_URI: /WEB_project_presentation_generator/public/dashboard/viewWorkspace/15
[2025-06-10 13:13:57] App::__construct - REQUEST_METHOD: GET
[2025-06-10 13:13:57] App::__construct - SCRIPT_NAME: /WEB_project_presentation_generator/public/index.php
[2025-06-10 13:13:57] App::__construct - PHP_SELF: /WEB_project_presentation_generator/public/index.php
[2025-06-10 13:13:57] App::__construct - Selected controller: DashboardController
[2025-06-10 13:13:57] App::__construct - Selected method: viewWorkspace
[2025-06-10 13:13:57] App::__construct - Parameters: Array
(
    [0] => 15
)

[2025-06-10 13:13:57] App::__construct - Calling controller method with parameters
[2025-06-10 13:13:58] App::parseUrl - Parsed URL from REQUEST_URI: Array
(
    [0] => presentation
    [1] => viewPresentation
    [2] => 17
)

[2025-06-10 13:13:58] App::parseUrl - Final URL segments: Array
(
    [0] => presentation
    [1] => viewPresentation
    [2] => 17
)

[2025-06-10 13:13:58] App::__construct - REQUEST_URI: /WEB_project_presentation_generator/public/presentation/viewPresentation/17
[2025-06-10 13:13:58] App::__construct - REQUEST_METHOD: GET
[2025-06-10 13:13:58] App::__construct - SCRIPT_NAME: /WEB_project_presentation_generator/public/index.php
[2025-06-10 13:13:58] App::__construct - PHP_SELF: /WEB_project_presentation_generator/public/index.php
[2025-06-10 13:13:58] App::__construct - Selected controller: PresentationController
[2025-06-10 13:13:58] App::__construct - Selected method: viewPresentation
[2025-06-10 13:13:58] App::__construct - Parameters: Array
(
    [0] => 17
)

[2025-06-10 13:13:58] App::__construct - Calling controller method with parameters
[2025-06-10 13:14:01] App::parseUrl - Parsed URL from REQUEST_URI: Array
(
    [0] => dashboard
    [1] => viewWorkspace
    [2] => 15
)

[2025-06-10 13:14:01] App::parseUrl - Final URL segments: Array
(
    [0] => dashboard
    [1] => viewWorkspace
    [2] => 15
)

[2025-06-10 13:14:01] App::__construct - REQUEST_URI: /WEB_project_presentation_generator/public/dashboard/viewWorkspace/15
[2025-06-10 13:14:01] App::__construct - REQUEST_METHOD: GET
[2025-06-10 13:14:01] App::__construct - SCRIPT_NAME: /WEB_project_presentation_generator/public/index.php
[2025-06-10 13:14:01] App::__construct - PHP_SELF: /WEB_project_presentation_generator/public/index.php
[2025-06-10 13:14:01] App::__construct - Selected controller: DashboardController
[2025-06-10 13:14:01] App::__construct - Selected method: viewWorkspace
[2025-06-10 13:14:01] App::__construct - Parameters: Array
(
    [0] => 15
)

[2025-06-10 13:14:01] App::__construct - Calling controller method with parameters
[2025-06-10 13:26:35] App::parseUrl - Parsed URL from REQUEST_URI: Array
(
    [0] => auth
    [1] => login
)

[2025-06-10 13:26:35] App::parseUrl - Final URL segments: Array
(
    [0] => auth
    [1] => login
)

[2025-06-10 13:26:35] App::__construct - REQUEST_URI: /WEB_project_presentation_generator/public/auth/login
[2025-06-10 13:26:35] App::__construct - REQUEST_METHOD: GET
[2025-06-10 13:26:35] App::__construct - SCRIPT_NAME: /WEB_project_presentation_generator/public/index.php
[2025-06-10 13:26:35] App::__construct - PHP_SELF: /WEB_project_presentation_generator/public/index.php
[2025-06-10 13:26:35] App::__construct - Selected controller: AuthController
[2025-06-10 13:26:35] App::__construct - Selected method: login
[2025-06-10 13:26:35] App::__construct - Parameters: Array
(
)

[2025-06-10 13:26:35] App::__construct - Calling controller method with parameters
[2025-06-10 13:29:05] App::parseUrl - Parsed URL from REQUEST_URI: Array
(
    [0] => auth
    [1] => login
)

[2025-06-10 13:29:05] App::parseUrl - Final URL segments: Array
(
    [0] => auth
    [1] => login
)

[2025-06-10 13:29:05] App::__construct - REQUEST_URI: /WEB_project_presentation_generator/public/auth/login
[2025-06-10 13:29:05] App::__construct - REQUEST_METHOD: POST
[2025-06-10 13:29:05] App::__construct - SCRIPT_NAME: /WEB_project_presentation_generator/public/index.php
[2025-06-10 13:29:05] App::__construct - PHP_SELF: /WEB_project_presentation_generator/public/index.php
[2025-06-10 13:29:05] App::__construct - Selected controller: AuthController
[2025-06-10 13:29:05] App::__construct - Selected method: login
[2025-06-10 13:29:05] App::__construct - Parameters: Array
(
)

[2025-06-10 13:29:05] App::__construct - Calling controller method with parameters
[2025-06-10 13:29:05] App::parseUrl - Parsed URL from REQUEST_URI: Array
(
    [0] => home
    [1] => index
)

[2025-06-10 13:29:05] App::parseUrl - Final URL segments: Array
(
    [0] => home
    [1] => index
)

[2025-06-10 13:29:05] App::__construct - REQUEST_URI: /WEB_project_presentation_generator/public/home/index
[2025-06-10 13:29:05] App::__construct - REQUEST_METHOD: GET
[2025-06-10 13:29:05] App::__construct - SCRIPT_NAME: /WEB_project_presentation_generator/public/index.php
[2025-06-10 13:29:05] App::__construct - PHP_SELF: /WEB_project_presentation_generator/public/index.php
[2025-06-10 13:29:05] App::__construct - Selected controller: HomeController
[2025-06-10 13:29:05] App::__construct - Selected method: index
[2025-06-10 13:29:05] App::__construct - Parameters: Array
(
)

[2025-06-10 13:29:05] App::__construct - Calling controller method with parameters
[2025-06-10 13:29:05] App::parseUrl - Parsed URL from REQUEST_URI: Array
(
    [0] => dashboard
)

[2025-06-10 13:29:05] App::parseUrl - Final URL segments: Array
(
    [0] => dashboard
)

[2025-06-10 13:29:05] App::__construct - REQUEST_URI: /WEB_project_presentation_generator/public/dashboard
[2025-06-10 13:29:05] App::__construct - REQUEST_METHOD: GET
[2025-06-10 13:29:05] App::__construct - SCRIPT_NAME: /WEB_project_presentation_generator/public/index.php
[2025-06-10 13:29:05] App::__construct - PHP_SELF: /WEB_project_presentation_generator/public/index.php
[2025-06-10 13:29:05] App::__construct - Selected controller: DashboardController
[2025-06-10 13:29:05] App::__construct - Parameters: Array
(
)

[2025-06-10 13:29:05] App::__construct - Calling controller method with parameters
[2025-06-10 13:36:58] App::parseUrl - Parsed URL from REQUEST_URI: Array
(
    [0] => presentation
    [1] => viewPresentation
    [2] => 115
)

[2025-06-10 13:36:58] App::parseUrl - Final URL segments: Array
(
    [0] => presentation
    [1] => viewPresentation
    [2] => 115
)

[2025-06-10 13:36:58] App::__construct - REQUEST_URI: /WEB_project_presentation_generator/public/presentation/viewPresentation/115
[2025-06-10 13:36:58] App::__construct - REQUEST_METHOD: GET
[2025-06-10 13:36:58] App::__construct - SCRIPT_NAME: /WEB_project_presentation_generator/public/index.php
[2025-06-10 13:36:58] App::__construct - PHP_SELF: /WEB_project_presentation_generator/public/index.php
[2025-06-10 13:36:58] App::__construct - Selected controller: PresentationController
[2025-06-10 13:39:00] App::parseUrl - Parsed URL from REQUEST_URI: Array
(
    [0] => auth
    [1] => logout
)

[2025-06-10 13:39:00] App::parseUrl - Final URL segments: Array
(
    [0] => auth
    [1] => logout
)

[2025-06-10 13:39:00] App::__construct - REQUEST_URI: /WEB_project_presentation_generator/public/auth/logout
[2025-06-10 13:39:00] App::__construct - REQUEST_METHOD: GET
[2025-06-10 13:39:00] App::__construct - SCRIPT_NAME: /WEB_project_presentation_generator/public/index.php
[2025-06-10 13:39:00] App::__construct - PHP_SELF: /WEB_project_presentation_generator/public/index.php
[2025-06-10 13:39:00] App::__construct - Selected controller: AuthController
[2025-06-10 13:39:00] App::__construct - Selected method: logout
[2025-06-10 13:39:00] App::__construct - Parameters: Array
(
)

[2025-06-10 13:39:00] App::__construct - Calling controller method with parameters
[2025-06-10 13:39:00] App::parseUrl - Parsed URL from REQUEST_URI: Array
(
    [0] => auth
    [1] => login
)

[2025-06-10 13:39:00] App::parseUrl - Final URL segments: Array
(
    [0] => auth
    [1] => login
)

[2025-06-10 13:39:00] App::__construct - REQUEST_URI: /WEB_project_presentation_generator/public/auth/login
[2025-06-10 13:39:00] App::__construct - REQUEST_METHOD: GET
[2025-06-10 13:39:00] App::__construct - SCRIPT_NAME: /WEB_project_presentation_generator/public/index.php
[2025-06-10 13:39:00] App::__construct - PHP_SELF: /WEB_project_presentation_generator/public/index.php
[2025-06-10 13:39:00] App::__construct - Selected controller: AuthController
[2025-06-10 13:39:00] App::__construct - Selected method: login
[2025-06-10 13:39:00] App::__construct - Parameters: Array
(
)

[2025-06-10 13:39:00] App::__construct - Calling controller method with parameters
[2025-06-10 13:40:18] App::parseUrl - Parsed URL from REQUEST_URI: Array
(
    [0] => auth
    [1] => login
)

[2025-06-10 13:40:18] App::parseUrl - Final URL segments: Array
(
    [0] => auth
    [1] => login
)

[2025-06-10 13:40:18] App::__construct - REQUEST_URI: /WEB_project_presentation_generator/public/auth/login
[2025-06-10 13:40:18] App::__construct - REQUEST_METHOD: GET
[2025-06-10 13:40:18] App::__construct - SCRIPT_NAME: /WEB_project_presentation_generator/public/index.php
[2025-06-10 13:40:18] App::__construct - PHP_SELF: /WEB_project_presentation_generator/public/index.php
[2025-06-10 13:40:18] App::__construct - Selected controller: AuthController
[2025-06-10 13:40:18] App::__construct - Selected method: login
[2025-06-10 13:40:18] App::__construct - Parameters: Array
(
)

[2025-06-10 13:40:18] App::__construct - Calling controller method with parameters
[2025-06-10 13:42:20] App::parseUrl - Parsed URL from REQUEST_URI: Array
(
    [0] => auth
    [1] => login
)

[2025-06-10 13:42:20] App::parseUrl - Final URL segments: Array
(
    [0] => auth
    [1] => login
)

[2025-06-10 13:42:20] App::__construct - REQUEST_URI: /WEB_project_presentation_generator/public/auth/login
[2025-06-10 13:42:20] App::__construct - REQUEST_METHOD: POST
[2025-06-10 13:42:20] App::__construct - SCRIPT_NAME: /WEB_project_presentation_generator/public/index.php
[2025-06-10 13:42:20] App::__construct - PHP_SELF: /WEB_project_presentation_generator/public/index.php
[2025-06-10 13:42:20] App::__construct - Selected controller: AuthController
[2025-06-10 13:42:20] App::__construct - Selected method: login
[2025-06-10 13:42:20] App::__construct - Parameters: Array
(
)

[2025-06-10 13:42:20] App::__construct - Calling controller method with parameters
[2025-06-10 13:42:21] App::parseUrl - Parsed URL from REQUEST_URI: Array
(
    [0] => home
    [1] => index
)

[2025-06-10 13:42:21] App::parseUrl - Final URL segments: Array
(
    [0] => home
    [1] => index
)

[2025-06-10 13:42:21] App::__construct - REQUEST_URI: /WEB_project_presentation_generator/public/home/index
[2025-06-10 13:42:21] App::__construct - REQUEST_METHOD: GET
[2025-06-10 13:42:21] App::__construct - SCRIPT_NAME: /WEB_project_presentation_generator/public/index.php
[2025-06-10 13:42:21] App::__construct - PHP_SELF: /WEB_project_presentation_generator/public/index.php
[2025-06-10 13:42:21] App::__construct - Selected controller: HomeController
[2025-06-10 13:42:21] App::__construct - Selected method: index
[2025-06-10 13:42:21] App::__construct - Parameters: Array
(
)

[2025-06-10 13:42:21] App::__construct - Calling controller method with parameters
[2025-06-10 13:42:21] App::parseUrl - Parsed URL from REQUEST_URI: Array
(
    [0] => dashboard
)

[2025-06-10 13:42:21] App::parseUrl - Final URL segments: Array
(
    [0] => dashboard
)

[2025-06-10 13:42:21] App::__construct - REQUEST_URI: /WEB_project_presentation_generator/public/dashboard
[2025-06-10 13:42:21] App::__construct - REQUEST_METHOD: GET
[2025-06-10 13:42:21] App::__construct - SCRIPT_NAME: /WEB_project_presentation_generator/public/index.php
[2025-06-10 13:42:21] App::__construct - PHP_SELF: /WEB_project_presentation_generator/public/index.php
[2025-06-10 13:42:21] App::__construct - Selected controller: DashboardController
[2025-06-10 13:42:21] App::__construct - Parameters: Array
(
)

[2025-06-10 13:42:21] App::__construct - Calling controller method with parameters
[2025-06-10 13:42:24] App::parseUrl - Parsed URL from REQUEST_URI: Array
(
    [0] => dashboard
    [1] => viewWorkspace
    [2] => 27
)

[2025-06-10 13:42:24] App::parseUrl - Final URL segments: Array
(
    [0] => dashboard
    [1] => viewWorkspace
    [2] => 27
)

[2025-06-10 13:42:24] App::__construct - REQUEST_URI: /WEB_project_presentation_generator/public/dashboard/viewWorkspace/27
[2025-06-10 13:42:24] App::__construct - REQUEST_METHOD: GET
[2025-06-10 13:42:24] App::__construct - SCRIPT_NAME: /WEB_project_presentation_generator/public/index.php
[2025-06-10 13:42:24] App::__construct - PHP_SELF: /WEB_project_presentation_generator/public/index.php
[2025-06-10 13:42:24] App::__construct - Selected controller: DashboardController
[2025-06-10 13:42:24] App::__construct - Selected method: viewWorkspace
[2025-06-10 13:42:24] App::__construct - Parameters: Array
(
    [0] => 27
)

[2025-06-10 13:42:24] App::__construct - Calling controller method with parameters
[2025-06-10 13:42:26] App::parseUrl - Parsed URL from REQUEST_URI: Array
(
    [0] => dashboard
)

[2025-06-10 13:42:26] App::parseUrl - Final URL segments: Array
(
    [0] => dashboard
)

[2025-06-10 13:42:26] App::__construct - REQUEST_URI: /WEB_project_presentation_generator/public/dashboard
[2025-06-10 13:42:26] App::__construct - REQUEST_METHOD: GET
[2025-06-10 13:42:26] App::__construct - SCRIPT_NAME: /WEB_project_presentation_generator/public/index.php
[2025-06-10 13:42:26] App::__construct - PHP_SELF: /WEB_project_presentation_generator/public/index.php
[2025-06-10 13:42:26] App::__construct - Selected controller: DashboardController
[2025-06-10 13:42:26] App::__construct - Parameters: Array
(
)

[2025-06-10 13:42:26] App::__construct - Calling controller method with parameters
[2025-06-10 13:42:27] App::parseUrl - Parsed URL from REQUEST_URI: Array
(
    [0] => dashboard
    [1] => viewWorkspace
    [2] => 15
)

[2025-06-10 13:42:27] App::parseUrl - Final URL segments: Array
(
    [0] => dashboard
    [1] => viewWorkspace
    [2] => 15
)

[2025-06-10 13:42:27] App::__construct - REQUEST_URI: /WEB_project_presentation_generator/public/dashboard/viewWorkspace/15
[2025-06-10 13:42:27] App::__construct - REQUEST_METHOD: GET
[2025-06-10 13:42:27] App::__construct - SCRIPT_NAME: /WEB_project_presentation_generator/public/index.php
[2025-06-10 13:42:27] App::__construct - PHP_SELF: /WEB_project_presentation_generator/public/index.php
[2025-06-10 13:42:27] App::__construct - Selected controller: DashboardController
[2025-06-10 13:42:27] App::__construct - Selected method: viewWorkspace
[2025-06-10 13:42:27] App::__construct - Parameters: Array
(
    [0] => 15
)

[2025-06-10 13:42:27] App::__construct - Calling controller method with parameters
[2025-06-10 13:42:29] App::parseUrl - Parsed URL from REQUEST_URI: Array
(
    [0] => presentation
    [1] => viewPresentation
    [2] => 12
)

[2025-06-10 13:42:29] App::parseUrl - Final URL segments: Array
(
    [0] => presentation
    [1] => viewPresentation
    [2] => 12
)

[2025-06-10 13:42:29] App::__construct - REQUEST_URI: /WEB_project_presentation_generator/public/presentation/viewPresentation/12
[2025-06-10 13:42:29] App::__construct - REQUEST_METHOD: GET
[2025-06-10 13:42:29] App::__construct - SCRIPT_NAME: /WEB_project_presentation_generator/public/index.php
[2025-06-10 13:42:29] App::__construct - PHP_SELF: /WEB_project_presentation_generator/public/index.php
[2025-06-10 13:42:29] App::__construct - Selected controller: PresentationController
[2025-06-10 13:42:29] App::__construct - Selected method: viewPresentation
[2025-06-10 13:42:29] App::__construct - Parameters: Array
(
    [0] => 12
)

[2025-06-10 13:42:29] App::__construct - Calling controller method with parameters
[2025-06-10 13:42:31] App::parseUrl - Parsed URL from REQUEST_URI: Array
(
    [0] => presentation
    [1] => review
    [2] => 12
)

[2025-06-10 13:42:31] App::parseUrl - Final URL segments: Array
(
    [0] => presentation
    [1] => review
    [2] => 12
)

[2025-06-10 13:42:31] App::__construct - REQUEST_URI: /WEB_project_presentation_generator/public/presentation/review/12
[2025-06-10 13:42:31] App::__construct - REQUEST_METHOD: GET
[2025-06-10 13:42:31] App::__construct - SCRIPT_NAME: /WEB_project_presentation_generator/public/index.php
[2025-06-10 13:42:31] App::__construct - PHP_SELF: /WEB_project_presentation_generator/public/index.php
[2025-06-10 13:42:31] App::__construct - Selected controller: PresentationController
[2025-06-10 13:42:31] App::__construct - Selected method: review
[2025-06-10 13:42:31] App::__construct - Parameters: Array
(
    [0] => 12
)

[2025-06-10 13:42:31] App::__construct - Calling controller method with parameters
[2025-06-10 13:42:34] App::parseUrl - Parsed URL from REQUEST_URI: Array
(
    [0] => presentation
    [1] => viewPresentation
    [2] => 12
)

[2025-06-10 13:42:34] App::parseUrl - Final URL segments: Array
(
    [0] => presentation
    [1] => viewPresentation
    [2] => 12
)

[2025-06-10 13:42:34] App::__construct - REQUEST_URI: /WEB_project_presentation_generator/public/presentation/viewPresentation/12
[2025-06-10 13:42:34] App::__construct - REQUEST_METHOD: GET
[2025-06-10 13:42:34] App::__construct - SCRIPT_NAME: /WEB_project_presentation_generator/public/index.php
[2025-06-10 13:42:34] App::__construct - PHP_SELF: /WEB_project_presentation_generator/public/index.php
[2025-06-10 13:42:34] App::__construct - Selected controller: PresentationController
[2025-06-10 13:42:34] App::__construct - Selected method: viewPresentation
[2025-06-10 13:42:34] App::__construct - Parameters: Array
(
    [0] => 12
)

[2025-06-10 13:42:34] App::__construct - Calling controller method with parameters
[2025-06-10 13:53:25] App::parseUrl - Parsed URL from REQUEST_URI: Array
(
    [0] => auth
    [1] => login
)

[2025-06-10 13:53:25] App::parseUrl - Final URL segments: Array
(
    [0] => auth
    [1] => login
)

[2025-06-10 13:53:25] App::__construct - REQUEST_URI: /WEB_project_presentation_generator/public/auth/login
[2025-06-10 13:53:25] App::__construct - REQUEST_METHOD: POST
[2025-06-10 13:53:25] App::__construct - SCRIPT_NAME: /WEB_project_presentation_generator/public/index.php
[2025-06-10 13:53:25] App::__construct - PHP_SELF: /WEB_project_presentation_generator/public/index.php
[2025-06-10 13:53:25] App::__construct - Selected controller: AuthController
[2025-06-10 13:53:25] App::__construct - Selected method: login
[2025-06-10 13:53:25] App::__construct - Parameters: Array
(
)

[2025-06-10 13:53:25] App::__construct - Calling controller method with parameters
[2025-06-10 13:53:25] App::parseUrl - Parsed URL from REQUEST_URI: Array
(
    [0] => home
    [1] => index
)

[2025-06-10 13:53:25] App::parseUrl - Final URL segments: Array
(
    [0] => home
    [1] => index
)

[2025-06-10 13:53:25] App::__construct - REQUEST_URI: /WEB_project_presentation_generator/public/home/index
[2025-06-10 13:53:25] App::__construct - REQUEST_METHOD: GET
[2025-06-10 13:53:25] App::__construct - SCRIPT_NAME: /WEB_project_presentation_generator/public/index.php
[2025-06-10 13:53:25] App::__construct - PHP_SELF: /WEB_project_presentation_generator/public/index.php
[2025-06-10 13:53:25] App::__construct - Selected controller: HomeController
[2025-06-10 13:53:25] App::__construct - Selected method: index
[2025-06-10 13:53:25] App::__construct - Parameters: Array
(
)

[2025-06-10 13:53:25] App::__construct - Calling controller method with parameters
[2025-06-10 13:53:25] App::parseUrl - Parsed URL from REQUEST_URI: Array
(
    [0] => dashboard
)

[2025-06-10 13:53:25] App::parseUrl - Final URL segments: Array
(
    [0] => dashboard
)

[2025-06-10 13:53:25] App::__construct - REQUEST_URI: /WEB_project_presentation_generator/public/dashboard
[2025-06-10 13:53:25] App::__construct - REQUEST_METHOD: GET
[2025-06-10 13:53:25] App::__construct - SCRIPT_NAME: /WEB_project_presentation_generator/public/index.php
[2025-06-10 13:53:25] App::__construct - PHP_SELF: /WEB_project_presentation_generator/public/index.php
[2025-06-10 13:53:25] App::__construct - Selected controller: DashboardController
[2025-06-10 13:53:25] App::__construct - Parameters: Array
(
)

[2025-06-10 13:53:25] App::__construct - Calling controller method with parameters
[2025-06-10 13:53:27] App::parseUrl - Parsed URL from REQUEST_URI: Array
(
    [0] => dashboard
    [1] => viewWorkspace
    [2] => 27
)

[2025-06-10 13:53:27] App::parseUrl - Final URL segments: Array
(
    [0] => dashboard
    [1] => viewWorkspace
    [2] => 27
)

[2025-06-10 13:53:27] App::__construct - REQUEST_URI: /WEB_project_presentation_generator/public/dashboard/viewWorkspace/27
[2025-06-10 13:53:27] App::__construct - REQUEST_METHOD: GET
[2025-06-10 13:53:27] App::__construct - SCRIPT_NAME: /WEB_project_presentation_generator/public/index.php
[2025-06-10 13:53:27] App::__construct - PHP_SELF: /WEB_project_presentation_generator/public/index.php
[2025-06-10 13:53:27] App::__construct - Selected controller: DashboardController
[2025-06-10 13:53:27] App::__construct - Selected method: viewWorkspace
[2025-06-10 13:53:27] App::__construct - Parameters: Array
(
    [0] => 27
)

[2025-06-10 13:53:27] App::__construct - Calling controller method with parameters
[2025-06-10 13:53:28] App::parseUrl - Parsed URL from REQUEST_URI: Array
(
    [0] => dashboard
    [1] => shareWorkspace
    [2] => 27
)

[2025-06-10 13:53:28] App::parseUrl - Final URL segments: Array
(
    [0] => dashboard
    [1] => shareWorkspace
    [2] => 27
)

[2025-06-10 13:53:28] App::__construct - REQUEST_URI: /WEB_project_presentation_generator/public/dashboard/shareWorkspace/27
[2025-06-10 13:53:28] App::__construct - REQUEST_METHOD: GET
[2025-06-10 13:53:28] App::__construct - SCRIPT_NAME: /WEB_project_presentation_generator/public/index.php
[2025-06-10 13:53:28] App::__construct - PHP_SELF: /WEB_project_presentation_generator/public/index.php
[2025-06-10 13:53:28] App::__construct - Selected controller: DashboardController
[2025-06-10 13:53:28] App::__construct - Selected method: shareWorkspace
[2025-06-10 13:53:28] App::__construct - Parameters: Array
(
    [0] => 27
)

[2025-06-10 13:53:28] App::__construct - Calling controller method with parameters
[2025-06-10 13:53:32] App::parseUrl - Parsed URL from REQUEST_URI: Array
(
    [0] => dashboard
    [1] => shareWorkspace
    [2] => 27
)

[2025-06-10 13:53:32] App::parseUrl - Final URL segments: Array
(
    [0] => dashboard
    [1] => shareWorkspace
    [2] => 27
)

[2025-06-10 13:53:32] App::__construct - REQUEST_URI: /WEB_project_presentation_generator/public/dashboard/shareWorkspace/27
[2025-06-10 13:53:32] App::__construct - REQUEST_METHOD: POST
[2025-06-10 13:53:32] App::__construct - SCRIPT_NAME: /WEB_project_presentation_generator/public/index.php
[2025-06-10 13:53:32] App::__construct - PHP_SELF: /WEB_project_presentation_generator/public/index.php
[2025-06-10 13:53:32] App::__construct - Selected controller: DashboardController
[2025-06-10 13:53:32] App::__construct - Selected method: shareWorkspace
[2025-06-10 13:53:32] App::__construct - Parameters: Array
(
    [0] => 27
)

[2025-06-10 13:53:32] App::__construct - Calling controller method with parameters
[2025-06-10 13:53:32] App::parseUrl - Parsed URL from REQUEST_URI: Array
(
    [0] => dashboard
    [1] => workspace
    [2] => 27
)

[2025-06-10 13:53:32] App::parseUrl - Final URL segments: Array
(
    [0] => dashboard
    [1] => workspace
    [2] => 27
)

[2025-06-10 13:53:32] App::__construct - REQUEST_URI: /WEB_project_presentation_generator/public/dashboard/workspace/27?success=%D0%A0%D0%B0%D0%B1%D0%BE%D1%82%D0%BD%D0%BE%D1%82%D0%BE+%D0%BF%D1%80%D0%BE%D1%81%D1%82%D1%80%D0%B0%D0%BD%D1%81%D1%82%D0%B2%D0%BE+%D0%B5+%D1%81%D0%BF%D0%BE%D0%B4%D0%B5%D0%BB%D0%B5%D0%BD%D0%BE+%D1%83%D1%81%D0%BF%D0%B5%D1%88%D0%BD%D0%BE
[2025-06-10 13:53:32] App::__construct - REQUEST_METHOD: GET
[2025-06-10 13:53:32] App::__construct - SCRIPT_NAME: /WEB_project_presentation_generator/public/index.php
[2025-06-10 13:53:32] App::__construct - PHP_SELF: /WEB_project_presentation_generator/public/index.php
[2025-06-10 13:53:32] App::__construct - Selected controller: DashboardController
[2025-06-10 13:53:32] App::parseUrl - Parsed URL from REQUEST_URI: Array
(
    [0] => dashboard
)

[2025-06-10 13:53:32] App::parseUrl - Final URL segments: Array
(
    [0] => dashboard
)

[2025-06-10 13:53:32] App::__construct - REQUEST_URI: /WEB_project_presentation_generator/public/dashboard
[2025-06-10 13:53:32] App::__construct - REQUEST_METHOD: GET
[2025-06-10 13:53:32] App::__construct - SCRIPT_NAME: /WEB_project_presentation_generator/public/index.php
[2025-06-10 13:53:32] App::__construct - PHP_SELF: /WEB_project_presentation_generator/public/index.php
[2025-06-10 13:53:32] App::__construct - Selected controller: DashboardController
[2025-06-10 13:53:32] App::__construct - Parameters: Array
(
)

[2025-06-10 13:53:32] App::__construct - Calling controller method with parameters
[2025-06-10 13:53:36] App::parseUrl - Parsed URL from REQUEST_URI: Array
(
    [0] => auth
    [1] => logout
)

[2025-06-10 13:53:36] App::parseUrl - Final URL segments: Array
(
    [0] => auth
    [1] => logout
)

[2025-06-10 13:53:36] App::__construct - REQUEST_URI: /WEB_project_presentation_generator/public/auth/logout
[2025-06-10 13:53:36] App::__construct - REQUEST_METHOD: GET
[2025-06-10 13:53:36] App::__construct - SCRIPT_NAME: /WEB_project_presentation_generator/public/index.php
[2025-06-10 13:53:36] App::__construct - PHP_SELF: /WEB_project_presentation_generator/public/index.php
[2025-06-10 13:53:36] App::__construct - Selected controller: AuthController
[2025-06-10 13:53:36] App::__construct - Selected method: logout
[2025-06-10 13:53:36] App::__construct - Parameters: Array
(
)

[2025-06-10 13:53:36] App::__construct - Calling controller method with parameters
[2025-06-10 13:53:36] App::parseUrl - Parsed URL from REQUEST_URI: Array
(
    [0] => auth
    [1] => login
)

[2025-06-10 13:53:36] App::parseUrl - Final URL segments: Array
(
    [0] => auth
    [1] => login
)

[2025-06-10 13:53:36] App::__construct - REQUEST_URI: /WEB_project_presentation_generator/public/auth/login
[2025-06-10 13:53:36] App::__construct - REQUEST_METHOD: GET
[2025-06-10 13:53:36] App::__construct - SCRIPT_NAME: /WEB_project_presentation_generator/public/index.php
[2025-06-10 13:53:36] App::__construct - PHP_SELF: /WEB_project_presentation_generator/public/index.php
[2025-06-10 13:53:36] App::__construct - Selected controller: AuthController
[2025-06-10 13:53:36] App::__construct - Selected method: login
[2025-06-10 13:53:36] App::__construct - Parameters: Array
(
)

[2025-06-10 13:53:36] App::__construct - Calling controller method with parameters
[2025-06-10 13:53:41] App::parseUrl - Parsed URL from REQUEST_URI: Array
(
    [0] => auth
    [1] => login
)

[2025-06-10 13:53:41] App::parseUrl - Final URL segments: Array
(
    [0] => auth
    [1] => login
)

[2025-06-10 13:53:41] App::__construct - REQUEST_URI: /WEB_project_presentation_generator/public/auth/login
[2025-06-10 13:53:41] App::__construct - REQUEST_METHOD: POST
[2025-06-10 13:53:41] App::__construct - SCRIPT_NAME: /WEB_project_presentation_generator/public/index.php
[2025-06-10 13:53:41] App::__construct - PHP_SELF: /WEB_project_presentation_generator/public/index.php
[2025-06-10 13:53:41] App::__construct - Selected controller: AuthController
[2025-06-10 13:53:41] App::__construct - Selected method: login
[2025-06-10 13:53:41] App::__construct - Parameters: Array
(
)

[2025-06-10 13:53:41] App::__construct - Calling controller method with parameters
[2025-06-10 13:53:41] App::parseUrl - Parsed URL from REQUEST_URI: Array
(
    [0] => home
    [1] => index
)

[2025-06-10 13:53:41] App::parseUrl - Final URL segments: Array
(
    [0] => home
    [1] => index
)

[2025-06-10 13:53:41] App::__construct - REQUEST_URI: /WEB_project_presentation_generator/public/home/index
[2025-06-10 13:53:41] App::__construct - REQUEST_METHOD: GET
[2025-06-10 13:53:41] App::__construct - SCRIPT_NAME: /WEB_project_presentation_generator/public/index.php
[2025-06-10 13:53:41] App::__construct - PHP_SELF: /WEB_project_presentation_generator/public/index.php
[2025-06-10 13:53:41] App::__construct - Selected controller: HomeController
[2025-06-10 13:53:41] App::__construct - Selected method: index
[2025-06-10 13:53:41] App::__construct - Parameters: Array
(
)

[2025-06-10 13:53:41] App::__construct - Calling controller method with parameters
[2025-06-10 13:53:41] App::parseUrl - Parsed URL from REQUEST_URI: Array
(
    [0] => dashboard
)

[2025-06-10 13:53:41] App::parseUrl - Final URL segments: Array
(
    [0] => dashboard
)

[2025-06-10 13:53:41] App::__construct - REQUEST_URI: /WEB_project_presentation_generator/public/dashboard
[2025-06-10 13:53:41] App::__construct - REQUEST_METHOD: GET
[2025-06-10 13:53:41] App::__construct - SCRIPT_NAME: /WEB_project_presentation_generator/public/index.php
[2025-06-10 13:53:41] App::__construct - PHP_SELF: /WEB_project_presentation_generator/public/index.php
[2025-06-10 13:53:41] App::__construct - Selected controller: DashboardController
[2025-06-10 13:53:41] App::__construct - Parameters: Array
(
)

[2025-06-10 13:53:41] App::__construct - Calling controller method with parameters
[2025-06-10 13:53:47] App::parseUrl - Parsed URL from REQUEST_URI: Array
(
    [0] => dashboard
    [1] => viewWorkspace
    [2] => 27
)

[2025-06-10 13:53:47] App::parseUrl - Final URL segments: Array
(
    [0] => dashboard
    [1] => viewWorkspace
    [2] => 27
)

[2025-06-10 13:53:47] App::__construct - REQUEST_URI: /WEB_project_presentation_generator/public/dashboard/viewWorkspace/27
[2025-06-10 13:53:47] App::__construct - REQUEST_METHOD: GET
[2025-06-10 13:53:47] App::__construct - SCRIPT_NAME: /WEB_project_presentation_generator/public/index.php
[2025-06-10 13:53:47] App::__construct - PHP_SELF: /WEB_project_presentation_generator/public/index.php
[2025-06-10 13:53:47] App::__construct - Selected controller: DashboardController
[2025-06-10 13:53:47] App::__construct - Selected method: viewWorkspace
[2025-06-10 13:53:47] App::__construct - Parameters: Array
(
    [0] => 27
)

[2025-06-10 13:53:47] App::__construct - Calling controller method with parameters
[2025-06-10 13:53:49] App::parseUrl - Parsed URL from REQUEST_URI: Array
(
    [0] => presentation
    [1] => viewPresentation
    [2] => 115
)

[2025-06-10 13:53:49] App::parseUrl - Final URL segments: Array
(
    [0] => presentation
    [1] => viewPresentation
    [2] => 115
)

[2025-06-10 13:53:49] App::__construct - REQUEST_URI: /WEB_project_presentation_generator/public/presentation/viewPresentation/115
[2025-06-10 13:53:49] App::__construct - REQUEST_METHOD: GET
[2025-06-10 13:53:49] App::__construct - SCRIPT_NAME: /WEB_project_presentation_generator/public/index.php
[2025-06-10 13:53:49] App::__construct - PHP_SELF: /WEB_project_presentation_generator/public/index.php
[2025-06-10 13:53:49] App::__construct - Selected controller: PresentationController
[2025-06-10 13:53:49] App::__construct - Selected method: viewPresentation
[2025-06-10 13:53:49] App::__construct - Parameters: Array
(
    [0] => 115
)

[2025-06-10 13:53:49] App::__construct - Calling controller method with parameters
[2025-06-10 13:53:50] App::parseUrl - Parsed URL from REQUEST_URI: Array
(
    [0] => presentation
    [1] => review
    [2] => 115
)

[2025-06-10 13:53:50] App::parseUrl - Final URL segments: Array
(
    [0] => presentation
    [1] => review
    [2] => 115
)

[2025-06-10 13:53:50] App::__construct - REQUEST_URI: /WEB_project_presentation_generator/public/presentation/review/115
[2025-06-10 13:53:50] App::__construct - REQUEST_METHOD: GET
[2025-06-10 13:53:50] App::__construct - SCRIPT_NAME: /WEB_project_presentation_generator/public/index.php
[2025-06-10 13:53:50] App::__construct - PHP_SELF: /WEB_project_presentation_generator/public/index.php
[2025-06-10 13:53:50] App::__construct - Selected controller: PresentationController
[2025-06-10 13:53:50] App::__construct - Selected method: review
[2025-06-10 13:53:50] App::__construct - Parameters: Array
(
    [0] => 115
)

[2025-06-10 13:53:50] App::__construct - Calling controller method with parameters
[2025-06-10 13:53:54] App::parseUrl - Parsed URL from REQUEST_URI: Array
(
    [0] => presentation
    [1] => viewPresentation
    [2] => 115
)

[2025-06-10 13:53:54] App::parseUrl - Final URL segments: Array
(
    [0] => presentation
    [1] => viewPresentation
    [2] => 115
)

[2025-06-10 13:53:54] App::__construct - REQUEST_URI: /WEB_project_presentation_generator/public/presentation/viewPresentation/115
[2025-06-10 13:53:54] App::__construct - REQUEST_METHOD: GET
[2025-06-10 13:53:54] App::__construct - SCRIPT_NAME: /WEB_project_presentation_generator/public/index.php
[2025-06-10 13:53:54] App::__construct - PHP_SELF: /WEB_project_presentation_generator/public/index.php
[2025-06-10 13:53:54] App::__construct - Selected controller: PresentationController
[2025-06-10 13:53:54] App::__construct - Selected method: viewPresentation
[2025-06-10 13:53:54] App::__construct - Parameters: Array
(
    [0] => 115
)

[2025-06-10 13:53:54] App::__construct - Calling controller method with parameters
[2025-06-10 13:53:57] App::parseUrl - Parsed URL from REQUEST_URI: Array
(
    [0] => dashboard
)

[2025-06-10 13:53:57] App::parseUrl - Final URL segments: Array
(
    [0] => dashboard
)

[2025-06-10 13:53:57] App::__construct - REQUEST_URI: /WEB_project_presentation_generator/public/dashboard
[2025-06-10 13:53:57] App::__construct - REQUEST_METHOD: GET
[2025-06-10 13:53:57] App::__construct - SCRIPT_NAME: /WEB_project_presentation_generator/public/index.php
[2025-06-10 13:53:57] App::__construct - PHP_SELF: /WEB_project_presentation_generator/public/index.php
[2025-06-10 13:53:57] App::__construct - Selected controller: DashboardController
[2025-06-10 13:53:57] App::__construct - Parameters: Array
(
)

[2025-06-10 13:53:57] App::__construct - Calling controller method with parameters
[2025-06-10 13:56:11] App::parseUrl - Parsed URL from REQUEST_URI: Array
(
    [0] => dashboard
    [1] => viewWorkspace
    [2] => 15
)

[2025-06-10 13:56:11] App::parseUrl - Final URL segments: Array
(
    [0] => dashboard
    [1] => viewWorkspace
    [2] => 15
)

[2025-06-10 13:56:11] App::__construct - REQUEST_URI: /WEB_project_presentation_generator/public/dashboard/viewWorkspace/15
[2025-06-10 13:56:11] App::__construct - REQUEST_METHOD: GET
[2025-06-10 13:56:11] App::__construct - SCRIPT_NAME: /WEB_project_presentation_generator/public/index.php
[2025-06-10 13:56:11] App::__construct - PHP_SELF: /WEB_project_presentation_generator/public/index.php
[2025-06-10 13:56:11] App::__construct - Selected controller: DashboardController
[2025-06-10 13:56:11] App::__construct - Selected method: viewWorkspace
[2025-06-10 13:56:11] App::__construct - Parameters: Array
(
    [0] => 15
)

[2025-06-10 13:56:11] App::__construct - Calling controller method with parameters
[2025-06-10 13:56:13] App::parseUrl - Parsed URL from REQUEST_URI: Array
(
    [0] => dashboard
    [1] => editWorkspace
    [2] => 15
)

[2025-06-10 13:56:13] App::parseUrl - Final URL segments: Array
(
    [0] => dashboard
    [1] => editWorkspace
    [2] => 15
)

[2025-06-10 13:56:13] App::__construct - REQUEST_URI: /WEB_project_presentation_generator/public/dashboard/editWorkspace/15
[2025-06-10 13:56:13] App::__construct - REQUEST_METHOD: GET
[2025-06-10 13:56:13] App::__construct - SCRIPT_NAME: /WEB_project_presentation_generator/public/index.php
[2025-06-10 13:56:13] App::__construct - PHP_SELF: /WEB_project_presentation_generator/public/index.php
[2025-06-10 13:56:13] App::__construct - Selected controller: DashboardController
[2025-06-10 13:56:13] App::__construct - Selected method: editWorkspace
[2025-06-10 13:56:13] App::__construct - Parameters: Array
(
    [0] => 15
)

[2025-06-10 13:56:13] App::__construct - Calling controller method with parameters
[2025-06-10 13:56:14] App::parseUrl - Parsed URL from REQUEST_URI: Array
(
    [0] => dashboard
    [1] => workspace
    [2] => 15
)

[2025-06-10 13:56:14] App::parseUrl - Final URL segments: Array
(
    [0] => dashboard
    [1] => workspace
    [2] => 15
)

[2025-06-10 13:56:14] App::__construct - REQUEST_URI: /WEB_project_presentation_generator/public/dashboard/workspace/15
[2025-06-10 13:56:14] App::__construct - REQUEST_METHOD: GET
[2025-06-10 13:56:14] App::__construct - SCRIPT_NAME: /WEB_project_presentation_generator/public/index.php
[2025-06-10 13:56:14] App::__construct - PHP_SELF: /WEB_project_presentation_generator/public/index.php
[2025-06-10 13:56:14] App::__construct - Selected controller: DashboardController
[2025-06-10 13:56:14] App::parseUrl - Parsed URL from REQUEST_URI: Array
(
    [0] => dashboard
)

[2025-06-10 13:56:14] App::parseUrl - Final URL segments: Array
(
    [0] => dashboard
)

[2025-06-10 13:56:14] App::__construct - REQUEST_URI: /WEB_project_presentation_generator/public/dashboard
[2025-06-10 13:56:14] App::__construct - REQUEST_METHOD: GET
[2025-06-10 13:56:14] App::__construct - SCRIPT_NAME: /WEB_project_presentation_generator/public/index.php
[2025-06-10 13:56:14] App::__construct - PHP_SELF: /WEB_project_presentation_generator/public/index.php
[2025-06-10 13:56:14] App::__construct - Selected controller: DashboardController
[2025-06-10 13:56:14] App::__construct - Parameters: Array
(
)

[2025-06-10 13:56:14] App::__construct - Calling controller method with parameters
[2025-06-10 13:56:16] App::parseUrl - Parsed URL from REQUEST_URI: Array
(
    [0] => dashboard
    [1] => viewWorkspace
    [2] => 15
)

[2025-06-10 13:56:16] App::parseUrl - Final URL segments: Array
(
    [0] => dashboard
    [1] => viewWorkspace
    [2] => 15
)

[2025-06-10 13:56:16] App::__construct - REQUEST_URI: /WEB_project_presentation_generator/public/dashboard/viewWorkspace/15
[2025-06-10 13:56:16] App::__construct - REQUEST_METHOD: GET
[2025-06-10 13:56:16] App::__construct - SCRIPT_NAME: /WEB_project_presentation_generator/public/index.php
[2025-06-10 13:56:16] App::__construct - PHP_SELF: /WEB_project_presentation_generator/public/index.php
[2025-06-10 13:56:16] App::__construct - Selected controller: DashboardController
[2025-06-10 13:56:16] App::__construct - Selected method: viewWorkspace
[2025-06-10 13:56:16] App::__construct - Parameters: Array
(
    [0] => 15
)

[2025-06-10 13:56:16] App::__construct - Calling controller method with parameters
[2025-06-10 13:56:18] App::parseUrl - Parsed URL from REQUEST_URI: Array
(
    [0] => dashboard
    [1] => shareWorkspace
    [2] => 15
)

[2025-06-10 13:56:18] App::parseUrl - Final URL segments: Array
(
    [0] => dashboard
    [1] => shareWorkspace
    [2] => 15
)

[2025-06-10 13:56:18] App::__construct - REQUEST_URI: /WEB_project_presentation_generator/public/dashboard/shareWorkspace/15
[2025-06-10 13:56:18] App::__construct - REQUEST_METHOD: GET
[2025-06-10 13:56:18] App::__construct - SCRIPT_NAME: /WEB_project_presentation_generator/public/index.php
[2025-06-10 13:56:18] App::__construct - PHP_SELF: /WEB_project_presentation_generator/public/index.php
[2025-06-10 13:56:18] App::__construct - Selected controller: DashboardController
[2025-06-10 13:56:18] App::__construct - Selected method: shareWorkspace
[2025-06-10 13:56:18] App::__construct - Parameters: Array
(
    [0] => 15
)

[2025-06-10 13:56:18] App::__construct - Calling controller method with parameters
[2025-06-10 13:56:20] App::parseUrl - Parsed URL from REQUEST_URI: Array
(
    [0] => dashboard
    [1] => removeMember
    [2] => 15
)

[2025-06-10 13:56:20] App::parseUrl - Final URL segments: Array
(
    [0] => dashboard
    [1] => removeMember
    [2] => 15
)

[2025-06-10 13:56:20] App::__construct - REQUEST_URI: /WEB_project_presentation_generator/public/dashboard/removeMember/15
[2025-06-10 13:56:20] App::__construct - REQUEST_METHOD: POST
[2025-06-10 13:56:20] App::__construct - SCRIPT_NAME: /WEB_project_presentation_generator/public/index.php
[2025-06-10 13:56:20] App::__construct - PHP_SELF: /WEB_project_presentation_generator/public/index.php
[2025-06-10 13:56:20] App::__construct - Selected controller: DashboardController
[2025-06-10 13:56:20] App::__construct - Selected method: removeMember
[2025-06-10 13:56:20] App::__construct - Parameters: Array
(
    [0] => 15
)

[2025-06-10 13:56:20] App::__construct - Calling controller method with parameters
[2025-06-10 13:56:20] App::parseUrl - Parsed URL from REQUEST_URI: Array
(
    [0] => dashboard
    [1] => shareWorkspace
    [2] => 15
)

[2025-06-10 13:56:20] App::parseUrl - Final URL segments: Array
(
    [0] => dashboard
    [1] => shareWorkspace
    [2] => 15
)

[2025-06-10 13:56:20] App::__construct - REQUEST_URI: /WEB_project_presentation_generator/public/dashboard/shareWorkspace/15?success=%D0%A7%D0%BB%D0%B5%D0%BD%D1%8A%D1%82+%D0%B5+%D0%BF%D1%80%D0%B5%D0%BC%D0%B0%D1%85%D0%BD%D0%B0%D1%82+%D1%83%D1%81%D0%BF%D0%B5%D1%88%D0%BD%D0%BE
[2025-06-10 13:56:20] App::__construct - REQUEST_METHOD: GET
[2025-06-10 13:56:20] App::__construct - SCRIPT_NAME: /WEB_project_presentation_generator/public/index.php
[2025-06-10 13:56:20] App::__construct - PHP_SELF: /WEB_project_presentation_generator/public/index.php
[2025-06-10 13:56:20] App::__construct - Selected controller: DashboardController
[2025-06-10 13:56:20] App::__construct - Selected method: shareWorkspace
[2025-06-10 13:56:20] App::__construct - Parameters: Array
(
    [0] => 15
)

[2025-06-10 13:56:20] App::__construct - Calling controller method with parameters
[2025-06-10 13:56:24] App::parseUrl - Parsed URL from REQUEST_URI: Array
(
    [0] => dashboard
    [1] => shareWorkspace
    [2] => 15
)

[2025-06-10 13:56:24] App::parseUrl - Final URL segments: Array
(
    [0] => dashboard
    [1] => shareWorkspace
    [2] => 15
)

[2025-06-10 13:56:24] App::__construct - REQUEST_URI: /WEB_project_presentation_generator/public/dashboard/shareWorkspace/15
[2025-06-10 13:56:24] App::__construct - REQUEST_METHOD: POST
[2025-06-10 13:56:24] App::__construct - SCRIPT_NAME: /WEB_project_presentation_generator/public/index.php
[2025-06-10 13:56:24] App::__construct - PHP_SELF: /WEB_project_presentation_generator/public/index.php
[2025-06-10 13:56:24] App::__construct - Selected controller: DashboardController
[2025-06-10 13:56:24] App::__construct - Selected method: shareWorkspace
[2025-06-10 13:56:24] App::__construct - Parameters: Array
(
    [0] => 15
)

[2025-06-10 13:56:24] App::__construct - Calling controller method with parameters
[2025-06-10 13:56:24] App::parseUrl - Parsed URL from REQUEST_URI: Array
(
    [0] => dashboard
    [1] => workspace
    [2] => 15
)

[2025-06-10 13:56:24] App::parseUrl - Final URL segments: Array
(
    [0] => dashboard
    [1] => workspace
    [2] => 15
)

[2025-06-10 13:56:24] App::__construct - REQUEST_URI: /WEB_project_presentation_generator/public/dashboard/workspace/15?success=%D0%A0%D0%B0%D0%B1%D0%BE%D1%82%D0%BD%D0%BE%D1%82%D0%BE+%D0%BF%D1%80%D0%BE%D1%81%D1%82%D1%80%D0%B0%D0%BD%D1%81%D1%82%D0%B2%D0%BE+%D0%B5+%D1%81%D0%BF%D0%BE%D0%B4%D0%B5%D0%BB%D0%B5%D0%BD%D0%BE+%D1%83%D1%81%D0%BF%D0%B5%D1%88%D0%BD%D0%BE
[2025-06-10 13:56:24] App::__construct - REQUEST_METHOD: GET
[2025-06-10 13:56:24] App::__construct - SCRIPT_NAME: /WEB_project_presentation_generator/public/index.php
[2025-06-10 13:56:24] App::__construct - PHP_SELF: /WEB_project_presentation_generator/public/index.php
[2025-06-10 13:56:24] App::__construct - Selected controller: DashboardController
[2025-06-10 13:56:24] App::parseUrl - Parsed URL from REQUEST_URI: Array
(
    [0] => dashboard
)

[2025-06-10 13:56:24] App::parseUrl - Final URL segments: Array
(
    [0] => dashboard
)

[2025-06-10 13:56:24] App::__construct - REQUEST_URI: /WEB_project_presentation_generator/public/dashboard
[2025-06-10 13:56:24] App::__construct - REQUEST_METHOD: GET
[2025-06-10 13:56:24] App::__construct - SCRIPT_NAME: /WEB_project_presentation_generator/public/index.php
[2025-06-10 13:56:24] App::__construct - PHP_SELF: /WEB_project_presentation_generator/public/index.php
[2025-06-10 13:56:24] App::__construct - Selected controller: DashboardController
[2025-06-10 13:56:24] App::__construct - Parameters: Array
(
)

[2025-06-10 13:56:24] App::__construct - Calling controller method with parameters
[2025-06-10 13:56:30] App::parseUrl - Parsed URL from REQUEST_URI: Array
(
    [0] => dashboard
)

[2025-06-10 13:56:30] App::parseUrl - Final URL segments: Array
(
    [0] => dashboard
)

[2025-06-10 13:56:30] App::__construct - REQUEST_URI: /WEB_project_presentation_generator/public/dashboard
[2025-06-10 13:56:30] App::__construct - REQUEST_METHOD: GET
[2025-06-10 13:56:30] App::__construct - SCRIPT_NAME: /WEB_project_presentation_generator/public/index.php
[2025-06-10 13:56:30] App::__construct - PHP_SELF: /WEB_project_presentation_generator/public/index.php
[2025-06-10 13:56:30] App::__construct - Selected controller: DashboardController
[2025-06-10 13:56:30] App::__construct - Parameters: Array
(
)

[2025-06-10 13:56:30] App::__construct - Calling controller method with parameters
[2025-06-10 13:56:33] App::parseUrl - Parsed URL from REQUEST_URI: Array
(
    [0] => dashboard
    [1] => viewWorkspace
    [2] => 15
)

[2025-06-10 13:56:33] App::parseUrl - Final URL segments: Array
(
    [0] => dashboard
    [1] => viewWorkspace
    [2] => 15
)

[2025-06-10 13:56:33] App::__construct - REQUEST_URI: /WEB_project_presentation_generator/public/dashboard/viewWorkspace/15
[2025-06-10 13:56:33] App::__construct - REQUEST_METHOD: GET
[2025-06-10 13:56:33] App::__construct - SCRIPT_NAME: /WEB_project_presentation_generator/public/index.php
[2025-06-10 13:56:33] App::__construct - PHP_SELF: /WEB_project_presentation_generator/public/index.php
[2025-06-10 13:56:33] App::__construct - Selected controller: DashboardController
[2025-06-10 13:56:33] App::__construct - Selected method: viewWorkspace
[2025-06-10 13:56:33] App::__construct - Parameters: Array
(
    [0] => 15
)

[2025-06-10 13:56:33] App::__construct - Calling controller method with parameters
[2025-06-10 13:56:34] App::parseUrl - Parsed URL from REQUEST_URI: Array
(
    [0] => dashboard
    [1] => viewWorkspace
    [2] => 15
)

[2025-06-10 13:56:34] App::parseUrl - Final URL segments: Array
(
    [0] => dashboard
    [1] => viewWorkspace
    [2] => 15
)

[2025-06-10 13:56:34] App::__construct - REQUEST_URI: /WEB_project_presentation_generator/public/dashboard/viewWorkspace/15
[2025-06-10 13:56:34] App::__construct - REQUEST_METHOD: GET
[2025-06-10 13:56:34] App::__construct - SCRIPT_NAME: /WEB_project_presentation_generator/public/index.php
[2025-06-10 13:56:34] App::__construct - PHP_SELF: /WEB_project_presentation_generator/public/index.php
[2025-06-10 13:56:34] App::__construct - Selected controller: DashboardController
[2025-06-10 13:56:34] App::__construct - Selected method: viewWorkspace
[2025-06-10 13:56:34] App::__construct - Parameters: Array
(
    [0] => 15
)

[2025-06-10 13:56:34] App::__construct - Calling controller method with parameters
[2025-06-10 13:56:36] App::parseUrl - Parsed URL from REQUEST_URI: Array
(
    [0] => presentation
    [1] => create
    [2] => 15
)

[2025-06-10 13:56:36] App::parseUrl - Final URL segments: Array
(
    [0] => presentation
    [1] => create
    [2] => 15
)

[2025-06-10 13:56:36] App::__construct - REQUEST_URI: /WEB_project_presentation_generator/public/presentation/create/15
[2025-06-10 13:56:36] App::__construct - REQUEST_METHOD: GET
[2025-06-10 13:56:36] App::__construct - SCRIPT_NAME: /WEB_project_presentation_generator/public/index.php
[2025-06-10 13:56:36] App::__construct - PHP_SELF: /WEB_project_presentation_generator/public/index.php
[2025-06-10 13:56:36] App::__construct - Selected controller: PresentationController
[2025-06-10 13:56:36] App::__construct - Selected method: create
[2025-06-10 13:56:36] App::__construct - Parameters: Array
(
    [0] => 15
)

[2025-06-10 13:56:36] App::__construct - Calling controller method with parameters
[2025-06-10 13:57:32] App::parseUrl - Parsed URL from REQUEST_URI: Array
(
    [0] => dashboard
    [1] => viewWorkspace
    [2] => 14
)

[2025-06-10 13:57:32] App::parseUrl - Final URL segments: Array
(
    [0] => dashboard
    [1] => viewWorkspace
    [2] => 14
)

[2025-06-10 13:57:32] App::__construct - REQUEST_URI: /WEB_project_presentation_generator/public/dashboard/viewWorkspace/14
[2025-06-10 13:57:32] App::__construct - REQUEST_METHOD: GET
[2025-06-10 13:57:32] App::__construct - SCRIPT_NAME: /WEB_project_presentation_generator/public/index.php
[2025-06-10 13:57:32] App::__construct - PHP_SELF: /WEB_project_presentation_generator/public/index.php
[2025-06-10 13:57:32] App::__construct - Selected controller: DashboardController
[2025-06-10 13:57:32] App::__construct - Selected method: viewWorkspace
[2025-06-10 13:57:32] App::__construct - Parameters: Array
(
    [0] => 14
)

[2025-06-10 13:57:32] App::__construct - Calling controller method with parameters
[2025-06-10 13:57:35] App::parseUrl - Parsed URL from REQUEST_URI: Array
(
    [0] => dashboard
    [1] => shareWorkspace
    [2] => 14
)

[2025-06-10 13:57:35] App::parseUrl - Final URL segments: Array
(
    [0] => dashboard
    [1] => shareWorkspace
    [2] => 14
)

[2025-06-10 13:57:35] App::__construct - REQUEST_URI: /WEB_project_presentation_generator/public/dashboard/shareWorkspace/14
[2025-06-10 13:57:35] App::__construct - REQUEST_METHOD: GET
[2025-06-10 13:57:35] App::__construct - SCRIPT_NAME: /WEB_project_presentation_generator/public/index.php
[2025-06-10 13:57:35] App::__construct - PHP_SELF: /WEB_project_presentation_generator/public/index.php
[2025-06-10 13:57:35] App::__construct - Selected controller: DashboardController
[2025-06-10 13:57:35] App::__construct - Selected method: shareWorkspace
[2025-06-10 13:57:35] App::__construct - Parameters: Array
(
    [0] => 14
)

[2025-06-10 13:57:35] App::__construct - Calling controller method with parameters
[2025-06-10 13:57:37] App::parseUrl - Parsed URL from REQUEST_URI: Array
(
    [0] => dashboard
    [1] => removeMember
    [2] => 14
)

[2025-06-10 13:57:37] App::parseUrl - Final URL segments: Array
(
    [0] => dashboard
    [1] => removeMember
    [2] => 14
)

[2025-06-10 13:57:37] App::__construct - REQUEST_URI: /WEB_project_presentation_generator/public/dashboard/removeMember/14
[2025-06-10 13:57:37] App::__construct - REQUEST_METHOD: POST
[2025-06-10 13:57:37] App::__construct - SCRIPT_NAME: /WEB_project_presentation_generator/public/index.php
[2025-06-10 13:57:37] App::__construct - PHP_SELF: /WEB_project_presentation_generator/public/index.php
[2025-06-10 13:57:37] App::__construct - Selected controller: DashboardController
[2025-06-10 13:57:37] App::__construct - Selected method: removeMember
[2025-06-10 13:57:37] App::__construct - Parameters: Array
(
    [0] => 14
)

[2025-06-10 13:57:37] App::__construct - Calling controller method with parameters
[2025-06-10 13:57:37] App::parseUrl - Parsed URL from REQUEST_URI: Array
(
    [0] => dashboard
    [1] => shareWorkspace
    [2] => 14
)

[2025-06-10 13:57:37] App::parseUrl - Final URL segments: Array
(
    [0] => dashboard
    [1] => shareWorkspace
    [2] => 14
)

[2025-06-10 13:57:37] App::__construct - REQUEST_URI: /WEB_project_presentation_generator/public/dashboard/shareWorkspace/14?success=%D0%A7%D0%BB%D0%B5%D0%BD%D1%8A%D1%82+%D0%B5+%D0%BF%D1%80%D0%B5%D0%BC%D0%B0%D1%85%D0%BD%D0%B0%D1%82+%D1%83%D1%81%D0%BF%D0%B5%D1%88%D0%BD%D0%BE
[2025-06-10 13:57:37] App::__construct - REQUEST_METHOD: GET
[2025-06-10 13:57:37] App::__construct - SCRIPT_NAME: /WEB_project_presentation_generator/public/index.php
[2025-06-10 13:57:37] App::__construct - PHP_SELF: /WEB_project_presentation_generator/public/index.php
[2025-06-10 13:57:37] App::__construct - Selected controller: DashboardController
[2025-06-10 13:57:37] App::__construct - Selected method: shareWorkspace
[2025-06-10 13:57:37] App::__construct - Parameters: Array
(
    [0] => 14
)

[2025-06-10 13:57:37] App::__construct - Calling controller method with parameters
[2025-06-10 13:57:40] App::parseUrl - Parsed URL from REQUEST_URI: Array
(
    [0] => dashboard
    [1] => shareWorkspace
    [2] => 14
)

[2025-06-10 13:57:40] App::parseUrl - Final URL segments: Array
(
    [0] => dashboard
    [1] => shareWorkspace
    [2] => 14
)

[2025-06-10 13:57:40] App::__construct - REQUEST_URI: /WEB_project_presentation_generator/public/dashboard/shareWorkspace/14
[2025-06-10 13:57:40] App::__construct - REQUEST_METHOD: POST
[2025-06-10 13:57:40] App::__construct - SCRIPT_NAME: /WEB_project_presentation_generator/public/index.php
[2025-06-10 13:57:40] App::__construct - PHP_SELF: /WEB_project_presentation_generator/public/index.php
[2025-06-10 13:57:40] App::__construct - Selected controller: DashboardController
[2025-06-10 13:57:40] App::__construct - Selected method: shareWorkspace
[2025-06-10 13:57:40] App::__construct - Parameters: Array
(
    [0] => 14
)

[2025-06-10 13:57:40] App::__construct - Calling controller method with parameters
[2025-06-10 13:57:40] App::parseUrl - Parsed URL from REQUEST_URI: Array
(
    [0] => dashboard
    [1] => workspace
    [2] => 14
)

[2025-06-10 13:57:40] App::parseUrl - Final URL segments: Array
(
    [0] => dashboard
    [1] => workspace
    [2] => 14
)

[2025-06-10 13:57:40] App::__construct - REQUEST_URI: /WEB_project_presentation_generator/public/dashboard/workspace/14?success=%D0%A0%D0%B0%D0%B1%D0%BE%D1%82%D0%BD%D0%BE%D1%82%D0%BE+%D0%BF%D1%80%D0%BE%D1%81%D1%82%D1%80%D0%B0%D0%BD%D1%81%D1%82%D0%B2%D0%BE+%D0%B5+%D1%81%D0%BF%D0%BE%D0%B4%D0%B5%D0%BB%D0%B5%D0%BD%D0%BE+%D1%83%D1%81%D0%BF%D0%B5%D1%88%D0%BD%D0%BE
[2025-06-10 13:57:40] App::__construct - REQUEST_METHOD: GET
[2025-06-10 13:57:40] App::__construct - SCRIPT_NAME: /WEB_project_presentation_generator/public/index.php
[2025-06-10 13:57:40] App::__construct - PHP_SELF: /WEB_project_presentation_generator/public/index.php
[2025-06-10 13:57:40] App::__construct - Selected controller: DashboardController
[2025-06-10 13:57:40] App::parseUrl - Parsed URL from REQUEST_URI: Array
(
    [0] => dashboard
)

[2025-06-10 13:57:40] App::parseUrl - Final URL segments: Array
(
    [0] => dashboard
)

[2025-06-10 13:57:40] App::__construct - REQUEST_URI: /WEB_project_presentation_generator/public/dashboard
[2025-06-10 13:57:40] App::__construct - REQUEST_METHOD: GET
[2025-06-10 13:57:40] App::__construct - SCRIPT_NAME: /WEB_project_presentation_generator/public/index.php
[2025-06-10 13:57:40] App::__construct - PHP_SELF: /WEB_project_presentation_generator/public/index.php
[2025-06-10 13:57:40] App::__construct - Selected controller: DashboardController
[2025-06-10 13:57:40] App::__construct - Parameters: Array
(
)

[2025-06-10 13:57:40] App::__construct - Calling controller method with parameters
[2025-06-10 13:57:45] App::parseUrl - Parsed URL from REQUEST_URI: Array
(
    [0] => dashboard
    [1] => viewWorkspace
    [2] => 15
)

[2025-06-10 13:57:45] App::parseUrl - Final URL segments: Array
(
    [0] => dashboard
    [1] => viewWorkspace
    [2] => 15
)

[2025-06-10 13:57:45] App::__construct - REQUEST_URI: /WEB_project_presentation_generator/public/dashboard/viewWorkspace/15
[2025-06-10 13:57:45] App::__construct - REQUEST_METHOD: GET
[2025-06-10 13:57:45] App::__construct - SCRIPT_NAME: /WEB_project_presentation_generator/public/index.php
[2025-06-10 13:57:45] App::__construct - PHP_SELF: /WEB_project_presentation_generator/public/index.php
[2025-06-10 13:57:45] App::__construct - Selected controller: DashboardController
[2025-06-10 13:57:45] App::__construct - Selected method: viewWorkspace
[2025-06-10 13:57:45] App::__construct - Parameters: Array
(
    [0] => 15
)

[2025-06-10 13:57:45] App::__construct - Calling controller method with parameters
[2025-06-10 13:57:50] App::parseUrl - Parsed URL from REQUEST_URI: Array
(
    [0] => auth
    [1] => logout
)

[2025-06-10 13:57:50] App::parseUrl - Final URL segments: Array
(
    [0] => auth
    [1] => logout
)

[2025-06-10 13:57:50] App::__construct - REQUEST_URI: /WEB_project_presentation_generator/public/auth/logout
[2025-06-10 13:57:50] App::__construct - REQUEST_METHOD: GET
[2025-06-10 13:57:50] App::__construct - SCRIPT_NAME: /WEB_project_presentation_generator/public/index.php
[2025-06-10 13:57:50] App::__construct - PHP_SELF: /WEB_project_presentation_generator/public/index.php
[2025-06-10 13:57:50] App::__construct - Selected controller: AuthController
[2025-06-10 13:57:50] App::__construct - Selected method: logout
[2025-06-10 13:57:50] App::__construct - Parameters: Array
(
)

[2025-06-10 13:57:50] App::__construct - Calling controller method with parameters
[2025-06-10 13:57:50] App::parseUrl - Parsed URL from REQUEST_URI: Array
(
    [0] => auth
    [1] => login
)

[2025-06-10 13:57:50] App::parseUrl - Final URL segments: Array
(
    [0] => auth
    [1] => login
)

[2025-06-10 13:57:50] App::__construct - REQUEST_URI: /WEB_project_presentation_generator/public/auth/login
[2025-06-10 13:57:50] App::__construct - REQUEST_METHOD: GET
[2025-06-10 13:57:50] App::__construct - SCRIPT_NAME: /WEB_project_presentation_generator/public/index.php
[2025-06-10 13:57:50] App::__construct - PHP_SELF: /WEB_project_presentation_generator/public/index.php
[2025-06-10 13:57:50] App::__construct - Selected controller: AuthController
[2025-06-10 13:57:50] App::__construct - Selected method: login
[2025-06-10 13:57:50] App::__construct - Parameters: Array
(
)

[2025-06-10 13:57:50] App::__construct - Calling controller method with parameters
[2025-06-10 13:57:56] App::parseUrl - Parsed URL from REQUEST_URI: Array
(
    [0] => auth
    [1] => login
)

[2025-06-10 13:57:56] App::parseUrl - Final URL segments: Array
(
    [0] => auth
    [1] => login
)

[2025-06-10 13:57:56] App::__construct - REQUEST_URI: /WEB_project_presentation_generator/public/auth/login
[2025-06-10 13:57:56] App::__construct - REQUEST_METHOD: POST
[2025-06-10 13:57:56] App::__construct - SCRIPT_NAME: /WEB_project_presentation_generator/public/index.php
[2025-06-10 13:57:56] App::__construct - PHP_SELF: /WEB_project_presentation_generator/public/index.php
[2025-06-10 13:57:56] App::__construct - Selected controller: AuthController
[2025-06-10 13:57:56] App::__construct - Selected method: login
[2025-06-10 13:57:56] App::__construct - Parameters: Array
(
)

[2025-06-10 13:57:56] App::__construct - Calling controller method with parameters
[2025-06-10 13:57:56] App::parseUrl - Parsed URL from REQUEST_URI: Array
(
    [0] => home
    [1] => index
)

[2025-06-10 13:57:56] App::parseUrl - Final URL segments: Array
(
    [0] => home
    [1] => index
)

[2025-06-10 13:57:56] App::__construct - REQUEST_URI: /WEB_project_presentation_generator/public/home/index
[2025-06-10 13:57:56] App::__construct - REQUEST_METHOD: GET
[2025-06-10 13:57:56] App::__construct - SCRIPT_NAME: /WEB_project_presentation_generator/public/index.php
[2025-06-10 13:57:56] App::__construct - PHP_SELF: /WEB_project_presentation_generator/public/index.php
[2025-06-10 13:57:56] App::__construct - Selected controller: HomeController
[2025-06-10 13:57:56] App::__construct - Selected method: index
[2025-06-10 13:57:56] App::__construct - Parameters: Array
(
)

[2025-06-10 13:57:56] App::__construct - Calling controller method with parameters
[2025-06-10 13:57:56] App::parseUrl - Parsed URL from REQUEST_URI: Array
(
    [0] => dashboard
)

[2025-06-10 13:57:56] App::parseUrl - Final URL segments: Array
(
    [0] => dashboard
)

[2025-06-10 13:57:56] App::__construct - REQUEST_URI: /WEB_project_presentation_generator/public/dashboard
[2025-06-10 13:57:56] App::__construct - REQUEST_METHOD: GET
[2025-06-10 13:57:56] App::__construct - SCRIPT_NAME: /WEB_project_presentation_generator/public/index.php
[2025-06-10 13:57:56] App::__construct - PHP_SELF: /WEB_project_presentation_generator/public/index.php
[2025-06-10 13:57:56] App::__construct - Selected controller: DashboardController
[2025-06-10 13:57:56] App::__construct - Parameters: Array
(
)

[2025-06-10 13:57:56] App::__construct - Calling controller method with parameters
[2025-06-10 13:58:05] App::parseUrl - Parsed URL from REQUEST_URI: Array
(
    [0] => dashboard
    [1] => viewWorkspace
    [2] => 14
)

[2025-06-10 13:58:05] App::parseUrl - Final URL segments: Array
(
    [0] => dashboard
    [1] => viewWorkspace
    [2] => 14
)

[2025-06-10 13:58:05] App::__construct - REQUEST_URI: /WEB_project_presentation_generator/public/dashboard/viewWorkspace/14
[2025-06-10 13:58:05] App::__construct - REQUEST_METHOD: GET
[2025-06-10 13:58:05] App::__construct - SCRIPT_NAME: /WEB_project_presentation_generator/public/index.php
[2025-06-10 13:58:05] App::__construct - PHP_SELF: /WEB_project_presentation_generator/public/index.php
[2025-06-10 13:58:05] App::__construct - Selected controller: DashboardController
[2025-06-10 13:58:05] App::__construct - Selected method: viewWorkspace
[2025-06-10 13:58:05] App::__construct - Parameters: Array
(
    [0] => 14
)

[2025-06-10 13:58:05] App::__construct - Calling controller method with parameters
[2025-06-10 13:58:06] App::parseUrl - Parsed URL from REQUEST_URI: Array
(
    [0] => presentation
    [1] => viewPresentation
    [2] => 13
)

[2025-06-10 13:58:06] App::parseUrl - Final URL segments: Array
(
    [0] => presentation
    [1] => viewPresentation
    [2] => 13
)

[2025-06-10 13:58:06] App::__construct - REQUEST_URI: /WEB_project_presentation_generator/public/presentation/viewPresentation/13
[2025-06-10 13:58:06] App::__construct - REQUEST_METHOD: GET
[2025-06-10 13:58:06] App::__construct - SCRIPT_NAME: /WEB_project_presentation_generator/public/index.php
[2025-06-10 13:58:06] App::__construct - PHP_SELF: /WEB_project_presentation_generator/public/index.php
[2025-06-10 13:58:06] App::__construct - Selected controller: PresentationController
[2025-06-10 13:58:06] App::__construct - Selected method: viewPresentation
[2025-06-10 13:58:06] App::__construct - Parameters: Array
(
    [0] => 13
)

[2025-06-10 13:58:06] App::__construct - Calling controller method with parameters
[2025-06-10 13:58:10] App::parseUrl - Parsed URL from REQUEST_URI: Array
(
    [0] => dashboard
)

[2025-06-10 13:58:10] App::parseUrl - Final URL segments: Array
(
    [0] => dashboard
)

[2025-06-10 13:58:10] App::__construct - REQUEST_URI: /WEB_project_presentation_generator/public/dashboard
[2025-06-10 13:58:10] App::__construct - REQUEST_METHOD: GET
[2025-06-10 13:58:10] App::__construct - SCRIPT_NAME: /WEB_project_presentation_generator/public/index.php
[2025-06-10 13:58:10] App::__construct - PHP_SELF: /WEB_project_presentation_generator/public/index.php
[2025-06-10 13:58:10] App::__construct - Selected controller: DashboardController
[2025-06-10 13:58:10] App::__construct - Parameters: Array
(
)

[2025-06-10 13:58:10] App::__construct - Calling controller method with parameters
[2025-06-10 13:59:15] App::parseUrl - Parsed URL from REQUEST_URI: Array
(
    [0] => dashboard
    [1] => viewWorkspace
    [2] => 19
)

[2025-06-10 13:59:15] App::parseUrl - Final URL segments: Array
(
    [0] => dashboard
    [1] => viewWorkspace
    [2] => 19
)

[2025-06-10 13:59:15] App::__construct - REQUEST_URI: /WEB_project_presentation_generator/public/dashboard/viewWorkspace/19
[2025-06-10 13:59:15] App::__construct - REQUEST_METHOD: GET
[2025-06-10 13:59:15] App::__construct - SCRIPT_NAME: /WEB_project_presentation_generator/public/index.php
[2025-06-10 13:59:15] App::__construct - PHP_SELF: /WEB_project_presentation_generator/public/index.php
[2025-06-10 13:59:15] App::__construct - Selected controller: DashboardController
[2025-06-10 13:59:15] App::__construct - Selected method: viewWorkspace
[2025-06-10 13:59:15] App::__construct - Parameters: Array
(
    [0] => 19
)

[2025-06-10 13:59:15] App::__construct - Calling controller method with parameters
[2025-06-10 13:59:17] App::parseUrl - Parsed URL from REQUEST_URI: Array
(
    [0] => presentation
    [1] => viewPresentation
    [2] => 27
)

[2025-06-10 13:59:17] App::parseUrl - Final URL segments: Array
(
    [0] => presentation
    [1] => viewPresentation
    [2] => 27
)

[2025-06-10 13:59:17] App::__construct - REQUEST_URI: /WEB_project_presentation_generator/public/presentation/viewPresentation/27
[2025-06-10 13:59:17] App::__construct - REQUEST_METHOD: GET
[2025-06-10 13:59:17] App::__construct - SCRIPT_NAME: /WEB_project_presentation_generator/public/index.php
[2025-06-10 13:59:17] App::__construct - PHP_SELF: /WEB_project_presentation_generator/public/index.php
[2025-06-10 13:59:17] App::__construct - Selected controller: PresentationController
[2025-06-10 13:59:17] App::__construct - Selected method: viewPresentation
[2025-06-10 13:59:17] App::__construct - Parameters: Array
(
    [0] => 27
)

[2025-06-10 13:59:17] App::__construct - Calling controller method with parameters
[2025-06-10 13:59:18] App::parseUrl - Parsed URL from REQUEST_URI: Array
(
    [0] => dashboard
)

[2025-06-10 13:59:18] App::parseUrl - Final URL segments: Array
(
    [0] => dashboard
)

[2025-06-10 13:59:18] App::__construct - REQUEST_URI: /WEB_project_presentation_generator/public/dashboard
[2025-06-10 13:59:18] App::__construct - REQUEST_METHOD: GET
[2025-06-10 13:59:18] App::__construct - SCRIPT_NAME: /WEB_project_presentation_generator/public/index.php
[2025-06-10 13:59:18] App::__construct - PHP_SELF: /WEB_project_presentation_generator/public/index.php
[2025-06-10 13:59:18] App::__construct - Selected controller: DashboardController
[2025-06-10 13:59:18] App::__construct - Parameters: Array
(
)

[2025-06-10 13:59:18] App::__construct - Calling controller method with parameters
[2025-06-10 13:59:20] App::parseUrl - Parsed URL from REQUEST_URI: Array
(
    [0] => dashboard
    [1] => viewWorkspace
    [2] => 19
)

[2025-06-10 13:59:20] App::parseUrl - Final URL segments: Array
(
    [0] => dashboard
    [1] => viewWorkspace
    [2] => 19
)

[2025-06-10 13:59:20] App::__construct - REQUEST_URI: /WEB_project_presentation_generator/public/dashboard/viewWorkspace/19
[2025-06-10 13:59:20] App::__construct - REQUEST_METHOD: GET
[2025-06-10 13:59:20] App::__construct - SCRIPT_NAME: /WEB_project_presentation_generator/public/index.php
[2025-06-10 13:59:20] App::__construct - PHP_SELF: /WEB_project_presentation_generator/public/index.php
[2025-06-10 13:59:20] App::__construct - Selected controller: DashboardController
[2025-06-10 13:59:20] App::__construct - Selected method: viewWorkspace
[2025-06-10 13:59:20] App::__construct - Parameters: Array
(
    [0] => 19
)

[2025-06-10 13:59:20] App::__construct - Calling controller method with parameters
[2025-06-10 13:59:21] App::parseUrl - Parsed URL from REQUEST_URI: Array
(
    [0] => dashboard
    [1] => shareWorkspace
    [2] => 19
)

[2025-06-10 13:59:21] App::parseUrl - Final URL segments: Array
(
    [0] => dashboard
    [1] => shareWorkspace
    [2] => 19
)

[2025-06-10 13:59:21] App::__construct - REQUEST_URI: /WEB_project_presentation_generator/public/dashboard/shareWorkspace/19
[2025-06-10 13:59:21] App::__construct - REQUEST_METHOD: GET
[2025-06-10 13:59:21] App::__construct - SCRIPT_NAME: /WEB_project_presentation_generator/public/index.php
[2025-06-10 13:59:21] App::__construct - PHP_SELF: /WEB_project_presentation_generator/public/index.php
[2025-06-10 13:59:21] App::__construct - Selected controller: DashboardController
[2025-06-10 13:59:21] App::__construct - Selected method: shareWorkspace
[2025-06-10 13:59:21] App::__construct - Parameters: Array
(
    [0] => 19
)

[2025-06-10 13:59:21] App::__construct - Calling controller method with parameters
[2025-06-10 13:59:25] App::parseUrl - Parsed URL from REQUEST_URI: Array
(
    [0] => dashboard
    [1] => shareWorkspace
    [2] => 19
)

[2025-06-10 13:59:25] App::parseUrl - Final URL segments: Array
(
    [0] => dashboard
    [1] => shareWorkspace
    [2] => 19
)

[2025-06-10 13:59:25] App::__construct - REQUEST_URI: /WEB_project_presentation_generator/public/dashboard/shareWorkspace/19
[2025-06-10 13:59:25] App::__construct - REQUEST_METHOD: POST
[2025-06-10 13:59:25] App::__construct - SCRIPT_NAME: /WEB_project_presentation_generator/public/index.php
[2025-06-10 13:59:25] App::__construct - PHP_SELF: /WEB_project_presentation_generator/public/index.php
[2025-06-10 13:59:25] App::__construct - Selected controller: DashboardController
[2025-06-10 13:59:25] App::__construct - Selected method: shareWorkspace
[2025-06-10 13:59:25] App::__construct - Parameters: Array
(
    [0] => 19
)

[2025-06-10 13:59:25] App::__construct - Calling controller method with parameters
[2025-06-10 13:59:25] App::parseUrl - Parsed URL from REQUEST_URI: Array
(
    [0] => dashboard
    [1] => workspace
    [2] => 19
)

[2025-06-10 13:59:25] App::parseUrl - Final URL segments: Array
(
    [0] => dashboard
    [1] => workspace
    [2] => 19
)

[2025-06-10 13:59:25] App::__construct - REQUEST_URI: /WEB_project_presentation_generator/public/dashboard/workspace/19?success=%D0%A0%D0%B0%D0%B1%D0%BE%D1%82%D0%BD%D0%BE%D1%82%D0%BE+%D0%BF%D1%80%D0%BE%D1%81%D1%82%D1%80%D0%B0%D0%BD%D1%81%D1%82%D0%B2%D0%BE+%D0%B5+%D1%81%D0%BF%D0%BE%D0%B4%D0%B5%D0%BB%D0%B5%D0%BD%D0%BE+%D1%83%D1%81%D0%BF%D0%B5%D1%88%D0%BD%D0%BE
[2025-06-10 13:59:25] App::__construct - REQUEST_METHOD: GET
[2025-06-10 13:59:25] App::__construct - SCRIPT_NAME: /WEB_project_presentation_generator/public/index.php
[2025-06-10 13:59:25] App::__construct - PHP_SELF: /WEB_project_presentation_generator/public/index.php
[2025-06-10 13:59:25] App::__construct - Selected controller: DashboardController
[2025-06-10 13:59:25] App::parseUrl - Parsed URL from REQUEST_URI: Array
(
    [0] => dashboard
)

[2025-06-10 13:59:25] App::parseUrl - Final URL segments: Array
(
    [0] => dashboard
)

[2025-06-10 13:59:25] App::__construct - REQUEST_URI: /WEB_project_presentation_generator/public/dashboard
[2025-06-10 13:59:25] App::__construct - REQUEST_METHOD: GET
[2025-06-10 13:59:25] App::__construct - SCRIPT_NAME: /WEB_project_presentation_generator/public/index.php
[2025-06-10 13:59:25] App::__construct - PHP_SELF: /WEB_project_presentation_generator/public/index.php
[2025-06-10 13:59:25] App::__construct - Selected controller: DashboardController
[2025-06-10 13:59:25] App::__construct - Parameters: Array
(
)

[2025-06-10 13:59:25] App::__construct - Calling controller method with parameters
[2025-06-10 13:59:29] App::parseUrl - Parsed URL from REQUEST_URI: Array
(
    [0] => dashboard
)

[2025-06-10 13:59:29] App::parseUrl - Final URL segments: Array
(
    [0] => dashboard
)

[2025-06-10 13:59:29] App::__construct - REQUEST_URI: /WEB_project_presentation_generator/public/dashboard
[2025-06-10 13:59:29] App::__construct - REQUEST_METHOD: GET
[2025-06-10 13:59:29] App::__construct - SCRIPT_NAME: /WEB_project_presentation_generator/public/index.php
[2025-06-10 13:59:29] App::__construct - PHP_SELF: /WEB_project_presentation_generator/public/index.php
[2025-06-10 13:59:29] App::__construct - Selected controller: DashboardController
[2025-06-10 13:59:29] App::__construct - Parameters: Array
(
)

[2025-06-10 13:59:29] App::__construct - Calling controller method with parameters
[2025-06-10 13:59:30] App::parseUrl - Parsed URL from REQUEST_URI: Array
(
    [0] => dashboard
    [1] => viewWorkspace
    [2] => 19
)

[2025-06-10 13:59:30] App::parseUrl - Final URL segments: Array
(
    [0] => dashboard
    [1] => viewWorkspace
    [2] => 19
)

[2025-06-10 13:59:30] App::__construct - REQUEST_URI: /WEB_project_presentation_generator/public/dashboard/viewWorkspace/19
[2025-06-10 13:59:30] App::__construct - REQUEST_METHOD: GET
[2025-06-10 13:59:30] App::__construct - SCRIPT_NAME: /WEB_project_presentation_generator/public/index.php
[2025-06-10 13:59:30] App::__construct - PHP_SELF: /WEB_project_presentation_generator/public/index.php
[2025-06-10 13:59:30] App::__construct - Selected controller: DashboardController
[2025-06-10 13:59:30] App::__construct - Selected method: viewWorkspace
[2025-06-10 13:59:30] App::__construct - Parameters: Array
(
    [0] => 19
)

[2025-06-10 13:59:30] App::__construct - Calling controller method with parameters
[2025-06-10 14:00:13] App::parseUrl - Parsed URL from REQUEST_URI: Array
(
    [0] => dashboard
    [1] => createWorkspace
)

[2025-06-10 14:00:13] App::parseUrl - Final URL segments: Array
(
    [0] => dashboard
    [1] => createWorkspace
)

[2025-06-10 14:00:13] App::__construct - REQUEST_URI: /WEB_project_presentation_generator/public/dashboard/createWorkspace
[2025-06-10 14:00:13] App::__construct - REQUEST_METHOD: GET
[2025-06-10 14:00:13] App::__construct - SCRIPT_NAME: /WEB_project_presentation_generator/public/index.php
[2025-06-10 14:00:13] App::__construct - PHP_SELF: /WEB_project_presentation_generator/public/index.php
[2025-06-10 14:00:13] App::__construct - Selected controller: DashboardController
[2025-06-10 14:00:13] App::__construct - Selected method: createWorkspace
[2025-06-10 14:00:13] App::__construct - Parameters: Array
(
)

[2025-06-10 14:00:13] App::__construct - Calling controller method with parameters
[2025-06-10 14:00:15] App::parseUrl - Parsed URL from REQUEST_URI: Array
(
    [0] => dashboard
    [1] => createWorkspace
)

[2025-06-10 14:00:15] App::parseUrl - Final URL segments: Array
(
    [0] => dashboard
    [1] => createWorkspace
)

[2025-06-10 14:00:15] App::__construct - REQUEST_URI: /WEB_project_presentation_generator/public/dashboard/createWorkspace
[2025-06-10 14:00:15] App::__construct - REQUEST_METHOD: POST
[2025-06-10 14:00:15] App::__construct - SCRIPT_NAME: /WEB_project_presentation_generator/public/index.php
[2025-06-10 14:00:15] App::__construct - PHP_SELF: /WEB_project_presentation_generator/public/index.php
[2025-06-10 14:00:15] App::__construct - Selected controller: DashboardController
[2025-06-10 14:00:15] App::__construct - Selected method: createWorkspace
[2025-06-10 14:00:15] App::__construct - Parameters: Array
(
)

[2025-06-10 14:00:15] App::__construct - Calling controller method with parameters
[2025-06-10 14:00:15] App::parseUrl - Parsed URL from REQUEST_URI: Array
(
    [0] => dashboard
)

[2025-06-10 14:00:15] App::parseUrl - Final URL segments: Array
(
    [0] => dashboard
)

[2025-06-10 14:00:15] App::__construct - REQUEST_URI: /WEB_project_presentation_generator/public/dashboard
[2025-06-10 14:00:15] App::__construct - REQUEST_METHOD: GET
[2025-06-10 14:00:15] App::__construct - SCRIPT_NAME: /WEB_project_presentation_generator/public/index.php
[2025-06-10 14:00:15] App::__construct - PHP_SELF: /WEB_project_presentation_generator/public/index.php
[2025-06-10 14:00:15] App::__construct - Selected controller: DashboardController
[2025-06-10 14:00:15] App::__construct - Parameters: Array
(
)

[2025-06-10 14:00:15] App::__construct - Calling controller method with parameters
[2025-06-10 14:00:17] App::parseUrl - Parsed URL from REQUEST_URI: Array
(
    [0] => dashboard
    [1] => viewWorkspace
    [2] => 28
)

[2025-06-10 14:00:17] App::parseUrl - Final URL segments: Array
(
    [0] => dashboard
    [1] => viewWorkspace
    [2] => 28
)

[2025-06-10 14:00:17] App::__construct - REQUEST_URI: /WEB_project_presentation_generator/public/dashboard/viewWorkspace/28
[2025-06-10 14:00:17] App::__construct - REQUEST_METHOD: GET
[2025-06-10 14:00:17] App::__construct - SCRIPT_NAME: /WEB_project_presentation_generator/public/index.php
[2025-06-10 14:00:17] App::__construct - PHP_SELF: /WEB_project_presentation_generator/public/index.php
[2025-06-10 14:00:17] App::__construct - Selected controller: DashboardController
[2025-06-10 14:00:17] App::__construct - Selected method: viewWorkspace
[2025-06-10 14:00:17] App::__construct - Parameters: Array
(
    [0] => 28
)

[2025-06-10 14:00:17] App::__construct - Calling controller method with parameters
[2025-06-10 14:00:18] App::parseUrl - Parsed URL from REQUEST_URI: Array
(
    [0] => dashboard
    [1] => shareWorkspace
    [2] => 28
)

[2025-06-10 14:00:18] App::parseUrl - Final URL segments: Array
(
    [0] => dashboard
    [1] => shareWorkspace
    [2] => 28
)

[2025-06-10 14:00:18] App::__construct - REQUEST_URI: /WEB_project_presentation_generator/public/dashboard/shareWorkspace/28
[2025-06-10 14:00:18] App::__construct - REQUEST_METHOD: GET
[2025-06-10 14:00:18] App::__construct - SCRIPT_NAME: /WEB_project_presentation_generator/public/index.php
[2025-06-10 14:00:18] App::__construct - PHP_SELF: /WEB_project_presentation_generator/public/index.php
[2025-06-10 14:00:18] App::__construct - Selected controller: DashboardController
[2025-06-10 14:00:18] App::__construct - Selected method: shareWorkspace
[2025-06-10 14:00:18] App::__construct - Parameters: Array
(
    [0] => 28
)

[2025-06-10 14:00:18] App::__construct - Calling controller method with parameters
[2025-06-10 14:00:22] App::parseUrl - Parsed URL from REQUEST_URI: Array
(
    [0] => dashboard
    [1] => shareWorkspace
    [2] => 28
)

[2025-06-10 14:00:22] App::parseUrl - Final URL segments: Array
(
    [0] => dashboard
    [1] => shareWorkspace
    [2] => 28
)

[2025-06-10 14:00:22] App::__construct - REQUEST_URI: /WEB_project_presentation_generator/public/dashboard/shareWorkspace/28
[2025-06-10 14:00:22] App::__construct - REQUEST_METHOD: POST
[2025-06-10 14:00:22] App::__construct - SCRIPT_NAME: /WEB_project_presentation_generator/public/index.php
[2025-06-10 14:00:22] App::__construct - PHP_SELF: /WEB_project_presentation_generator/public/index.php
[2025-06-10 14:00:22] App::__construct - Selected controller: DashboardController
[2025-06-10 14:00:22] App::__construct - Selected method: shareWorkspace
[2025-06-10 14:00:22] App::__construct - Parameters: Array
(
    [0] => 28
)

[2025-06-10 14:00:22] App::__construct - Calling controller method with parameters
[2025-06-10 14:00:22] App::parseUrl - Parsed URL from REQUEST_URI: Array
(
    [0] => dashboard
    [1] => workspace
    [2] => 28
)

[2025-06-10 14:00:22] App::parseUrl - Final URL segments: Array
(
    [0] => dashboard
    [1] => workspace
    [2] => 28
)

[2025-06-10 14:00:22] App::__construct - REQUEST_URI: /WEB_project_presentation_generator/public/dashboard/workspace/28?success=%D0%A0%D0%B0%D0%B1%D0%BE%D1%82%D0%BD%D0%BE%D1%82%D0%BE+%D0%BF%D1%80%D0%BE%D1%81%D1%82%D1%80%D0%B0%D0%BD%D1%81%D1%82%D0%B2%D0%BE+%D0%B5+%D1%81%D0%BF%D0%BE%D0%B4%D0%B5%D0%BB%D0%B5%D0%BD%D0%BE+%D1%83%D1%81%D0%BF%D0%B5%D1%88%D0%BD%D0%BE
[2025-06-10 14:00:22] App::__construct - REQUEST_METHOD: GET
[2025-06-10 14:00:22] App::__construct - SCRIPT_NAME: /WEB_project_presentation_generator/public/index.php
[2025-06-10 14:00:22] App::__construct - PHP_SELF: /WEB_project_presentation_generator/public/index.php
[2025-06-10 14:00:22] App::__construct - Selected controller: DashboardController
[2025-06-10 14:00:22] App::parseUrl - Parsed URL from REQUEST_URI: Array
(
    [0] => dashboard
)

[2025-06-10 14:00:22] App::parseUrl - Final URL segments: Array
(
    [0] => dashboard
)

[2025-06-10 14:00:22] App::__construct - REQUEST_URI: /WEB_project_presentation_generator/public/dashboard
[2025-06-10 14:00:22] App::__construct - REQUEST_METHOD: GET
[2025-06-10 14:00:22] App::__construct - SCRIPT_NAME: /WEB_project_presentation_generator/public/index.php
[2025-06-10 14:00:22] App::__construct - PHP_SELF: /WEB_project_presentation_generator/public/index.php
[2025-06-10 14:00:22] App::__construct - Selected controller: DashboardController
[2025-06-10 14:00:22] App::__construct - Parameters: Array
(
)

[2025-06-10 14:00:22] App::__construct - Calling controller method with parameters
[2025-06-10 14:00:24] App::parseUrl - Parsed URL from REQUEST_URI: Array
(
    [0] => dashboard
    [1] => viewWorkspace
    [2] => 19
)

[2025-06-10 14:00:24] App::parseUrl - Final URL segments: Array
(
    [0] => dashboard
    [1] => viewWorkspace
    [2] => 19
)

[2025-06-10 14:00:24] App::__construct - REQUEST_URI: /WEB_project_presentation_generator/public/dashboard/viewWorkspace/19
[2025-06-10 14:00:24] App::__construct - REQUEST_METHOD: GET
[2025-06-10 14:00:24] App::__construct - SCRIPT_NAME: /WEB_project_presentation_generator/public/index.php
[2025-06-10 14:00:24] App::__construct - PHP_SELF: /WEB_project_presentation_generator/public/index.php
[2025-06-10 14:00:24] App::__construct - Selected controller: DashboardController
[2025-06-10 14:00:24] App::__construct - Selected method: viewWorkspace
[2025-06-10 14:00:24] App::__construct - Parameters: Array
(
    [0] => 19
)

[2025-06-10 14:00:24] App::__construct - Calling controller method with parameters
[2025-06-10 14:00:27] App::parseUrl - Parsed URL from REQUEST_URI: Array
(
    [0] => dashboard
)

[2025-06-10 14:00:27] App::parseUrl - Final URL segments: Array
(
    [0] => dashboard
)

[2025-06-10 14:00:27] App::__construct - REQUEST_URI: /WEB_project_presentation_generator/public/dashboard
[2025-06-10 14:00:27] App::__construct - REQUEST_METHOD: GET
[2025-06-10 14:00:27] App::__construct - SCRIPT_NAME: /WEB_project_presentation_generator/public/index.php
[2025-06-10 14:00:27] App::__construct - PHP_SELF: /WEB_project_presentation_generator/public/index.php
[2025-06-10 14:00:27] App::__construct - Selected controller: DashboardController
[2025-06-10 14:00:27] App::__construct - Parameters: Array
(
)

[2025-06-10 14:00:27] App::__construct - Calling controller method with parameters
[2025-06-10 14:00:28] App::parseUrl - Parsed URL from REQUEST_URI: Array
(
    [0] => dashboard
    [1] => viewWorkspace
    [2] => 28
)

[2025-06-10 14:00:28] App::parseUrl - Final URL segments: Array
(
    [0] => dashboard
    [1] => viewWorkspace
    [2] => 28
)

[2025-06-10 14:00:28] App::__construct - REQUEST_URI: /WEB_project_presentation_generator/public/dashboard/viewWorkspace/28
[2025-06-10 14:00:28] App::__construct - REQUEST_METHOD: GET
[2025-06-10 14:00:28] App::__construct - SCRIPT_NAME: /WEB_project_presentation_generator/public/index.php
[2025-06-10 14:00:28] App::__construct - PHP_SELF: /WEB_project_presentation_generator/public/index.php
[2025-06-10 14:00:28] App::__construct - Selected controller: DashboardController
[2025-06-10 14:00:28] App::__construct - Selected method: viewWorkspace
[2025-06-10 14:00:28] App::__construct - Parameters: Array
(
    [0] => 28
)

[2025-06-10 14:00:28] App::__construct - Calling controller method with parameters
[2025-06-10 14:01:25] App::parseUrl - Parsed URL from REQUEST_URI: Array
(
    [0] => dashboard
)

[2025-06-10 14:01:25] App::parseUrl - Final URL segments: Array
(
    [0] => dashboard
)

[2025-06-10 14:01:25] App::__construct - REQUEST_URI: /WEB_project_presentation_generator/public/dashboard
[2025-06-10 14:01:25] App::__construct - REQUEST_METHOD: GET
[2025-06-10 14:01:25] App::__construct - SCRIPT_NAME: /WEB_project_presentation_generator/public/index.php
[2025-06-10 14:01:25] App::__construct - PHP_SELF: /WEB_project_presentation_generator/public/index.php
[2025-06-10 14:01:25] App::__construct - Selected controller: DashboardController
[2025-06-10 14:01:25] App::__construct - Parameters: Array
(
)

[2025-06-10 14:01:25] App::__construct - Calling controller method with parameters
[2025-06-10 14:01:26] App::parseUrl - Parsed URL from REQUEST_URI: Array
(
    [0] => dashboard
    [1] => viewWorkspace
    [2] => 28
)

[2025-06-10 14:01:26] App::parseUrl - Final URL segments: Array
(
    [0] => dashboard
    [1] => viewWorkspace
    [2] => 28
)

[2025-06-10 14:01:26] App::__construct - REQUEST_URI: /WEB_project_presentation_generator/public/dashboard/viewWorkspace/28
[2025-06-10 14:01:26] App::__construct - REQUEST_METHOD: GET
[2025-06-10 14:01:26] App::__construct - SCRIPT_NAME: /WEB_project_presentation_generator/public/index.php
[2025-06-10 14:01:26] App::__construct - PHP_SELF: /WEB_project_presentation_generator/public/index.php
[2025-06-10 14:01:26] App::__construct - Selected controller: DashboardController
[2025-06-10 14:01:27] App::__construct - Selected method: viewWorkspace
[2025-06-10 14:01:27] App::__construct - Parameters: Array
(
    [0] => 28
)

[2025-06-10 14:01:27] App::__construct - Calling controller method with parameters
[2025-06-10 14:01:28] App::parseUrl - Parsed URL from REQUEST_URI: Array
(
    [0] => dashboard
    [1] => viewWorkspace
    [2] => 28
)

[2025-06-10 14:01:28] App::parseUrl - Final URL segments: Array
(
    [0] => dashboard
    [1] => viewWorkspace
    [2] => 28
)

[2025-06-10 14:01:28] App::__construct - REQUEST_URI: /WEB_project_presentation_generator/public/dashboard/viewWorkspace/28
[2025-06-10 14:01:28] App::__construct - REQUEST_METHOD: GET
[2025-06-10 14:01:28] App::__construct - SCRIPT_NAME: /WEB_project_presentation_generator/public/index.php
[2025-06-10 14:01:28] App::__construct - PHP_SELF: /WEB_project_presentation_generator/public/index.php
[2025-06-10 14:01:28] App::__construct - Selected controller: DashboardController
[2025-06-10 14:01:28] App::__construct - Selected method: viewWorkspace
[2025-06-10 14:01:28] App::__construct - Parameters: Array
(
    [0] => 28
)

[2025-06-10 14:01:28] App::__construct - Calling controller method with parameters
[2025-06-10 14:02:46] App::parseUrl - Parsed URL from REQUEST_URI: Array
(
    [0] => dashboard
    [1] => viewWorkspace
    [2] => 28
)

[2025-06-10 14:02:46] App::parseUrl - Final URL segments: Array
(
    [0] => dashboard
    [1] => viewWorkspace
    [2] => 28
)

[2025-06-10 14:02:46] App::__construct - REQUEST_URI: /WEB_project_presentation_generator/public/dashboard/viewWorkspace/28
[2025-06-10 14:02:46] App::__construct - REQUEST_METHOD: GET
[2025-06-10 14:02:46] App::__construct - SCRIPT_NAME: /WEB_project_presentation_generator/public/index.php
[2025-06-10 14:02:46] App::__construct - PHP_SELF: /WEB_project_presentation_generator/public/index.php
[2025-06-10 14:02:46] App::__construct - Selected controller: DashboardController
[2025-06-10 14:02:46] App::__construct - Selected method: viewWorkspace
[2025-06-10 14:02:46] App::__construct - Parameters: Array
(
    [0] => 28
)

[2025-06-10 14:02:46] App::__construct - Calling controller method with parameters
[2025-06-10 14:02:54] App::parseUrl - Parsed URL from REQUEST_URI: Array
(
    [0] => dashboard
)

[2025-06-10 14:02:54] App::parseUrl - Final URL segments: Array
(
    [0] => dashboard
)

[2025-06-10 14:02:54] App::__construct - REQUEST_URI: /WEB_project_presentation_generator/public/dashboard
[2025-06-10 14:02:54] App::__construct - REQUEST_METHOD: GET
[2025-06-10 14:02:54] App::__construct - SCRIPT_NAME: /WEB_project_presentation_generator/public/index.php
[2025-06-10 14:02:54] App::__construct - PHP_SELF: /WEB_project_presentation_generator/public/index.php
[2025-06-10 14:02:54] App::__construct - Selected controller: DashboardController
[2025-06-10 14:02:54] App::__construct - Parameters: Array
(
)

[2025-06-10 14:02:54] App::__construct - Calling controller method with parameters
[2025-06-10 14:02:58] App::parseUrl - Parsed URL from REQUEST_URI: Array
(
    [0] => dashboard
    [1] => viewWorkspace
    [2] => 27
)

[2025-06-10 14:02:58] App::parseUrl - Final URL segments: Array
(
    [0] => dashboard
    [1] => viewWorkspace
    [2] => 27
)

[2025-06-10 14:02:58] App::__construct - REQUEST_URI: /WEB_project_presentation_generator/public/dashboard/viewWorkspace/27
[2025-06-10 14:02:58] App::__construct - REQUEST_METHOD: GET
[2025-06-10 14:02:58] App::__construct - SCRIPT_NAME: /WEB_project_presentation_generator/public/index.php
[2025-06-10 14:02:58] App::__construct - PHP_SELF: /WEB_project_presentation_generator/public/index.php
[2025-06-10 14:02:58] App::__construct - Selected controller: DashboardController
[2025-06-10 14:02:58] App::__construct - Selected method: viewWorkspace
[2025-06-10 14:02:58] App::__construct - Parameters: Array
(
    [0] => 27
)

[2025-06-10 14:02:58] App::__construct - Calling controller method with parameters
[2025-06-10 14:03:00] App::parseUrl - Parsed URL from REQUEST_URI: Array
(
    [0] => presentation
    [1] => viewPresentation
    [2] => 115
)

[2025-06-10 14:03:00] App::parseUrl - Final URL segments: Array
(
    [0] => presentation
    [1] => viewPresentation
    [2] => 115
)

[2025-06-10 14:03:00] App::__construct - REQUEST_URI: /WEB_project_presentation_generator/public/presentation/viewPresentation/115
[2025-06-10 14:03:00] App::__construct - REQUEST_METHOD: GET
[2025-06-10 14:03:00] App::__construct - SCRIPT_NAME: /WEB_project_presentation_generator/public/index.php
[2025-06-10 14:03:00] App::__construct - PHP_SELF: /WEB_project_presentation_generator/public/index.php
[2025-06-10 14:03:00] App::__construct - Selected controller: PresentationController
[2025-06-10 14:03:00] App::__construct - Selected method: viewPresentation
[2025-06-10 14:03:00] App::__construct - Parameters: Array
(
    [0] => 115
)

[2025-06-10 14:03:00] App::__construct - Calling controller method with parameters
[2025-06-10 14:03:02] App::parseUrl - Parsed URL from REQUEST_URI: Array
(
    [0] => presentation
    [1] => edit
    [2] => 115
)

[2025-06-10 14:03:02] App::parseUrl - Final URL segments: Array
(
    [0] => presentation
    [1] => edit
    [2] => 115
)

[2025-06-10 14:03:02] App::__construct - REQUEST_URI: /WEB_project_presentation_generator/public/presentation/edit/115
[2025-06-10 14:03:02] App::__construct - REQUEST_METHOD: GET
[2025-06-10 14:03:02] App::__construct - SCRIPT_NAME: /WEB_project_presentation_generator/public/index.php
[2025-06-10 14:03:02] App::__construct - PHP_SELF: /WEB_project_presentation_generator/public/index.php
[2025-06-10 14:03:02] App::__construct - Selected controller: PresentationController
[2025-06-10 14:03:02] App::__construct - Selected method: edit
[2025-06-10 14:03:02] App::__construct - Parameters: Array
(
    [0] => 115
)

[2025-06-10 14:03:02] App::__construct - Calling controller method with parameters
[2025-06-10 14:03:03] App::parseUrl - Parsed URL from REQUEST_URI: Array
(
    [0] => presentation
    [1] => viewPresentation
    [2] => 115
)

[2025-06-10 14:03:03] App::parseUrl - Final URL segments: Array
(
    [0] => presentation
    [1] => viewPresentation
    [2] => 115
)

[2025-06-10 14:03:03] App::__construct - REQUEST_URI: /WEB_project_presentation_generator/public/presentation/viewPresentation/115
[2025-06-10 14:03:03] App::__construct - REQUEST_METHOD: GET
[2025-06-10 14:03:03] App::__construct - SCRIPT_NAME: /WEB_project_presentation_generator/public/index.php
[2025-06-10 14:03:03] App::__construct - PHP_SELF: /WEB_project_presentation_generator/public/index.php
[2025-06-10 14:03:03] App::__construct - Selected controller: PresentationController
[2025-06-10 14:03:03] App::__construct - Selected method: viewPresentation
[2025-06-10 14:03:03] App::__construct - Parameters: Array
(
    [0] => 115
)

[2025-06-10 14:03:03] App::__construct - Calling controller method with parameters
[2025-06-10 14:03:14] App::parseUrl - Parsed URL from REQUEST_URI: Array
(
    [0] => presentation
    [1] => export
    [2] => 115
    [3] => html
)

[2025-06-10 14:03:14] App::parseUrl - Final URL segments: Array
(
    [0] => presentation
    [1] => export
    [2] => 115
    [3] => html
)

[2025-06-10 14:03:14] App::__construct - REQUEST_URI: /WEB_project_presentation_generator/public/presentation/export/115/html
[2025-06-10 14:03:14] App::__construct - REQUEST_METHOD: GET
[2025-06-10 14:03:14] App::__construct - SCRIPT_NAME: /WEB_project_presentation_generator/public/index.php
[2025-06-10 14:03:14] App::__construct - PHP_SELF: /WEB_project_presentation_generator/public/index.php
[2025-06-10 14:03:14] App::__construct - Selected controller: PresentationController
[2025-06-10 14:03:14] App::__construct - Selected method: export
[2025-06-10 14:03:14] App::__construct - Parameters: Array
(
    [0] => 115
    [1] => html
)

[2025-06-10 14:03:14] App::__construct - Calling controller method with parameters
[2025-06-10 14:03:27] App::parseUrl - Parsed URL from REQUEST_URI: Array
(
    [0] => dashboard
)

[2025-06-10 14:03:27] App::parseUrl - Final URL segments: Array
(
    [0] => dashboard
)

[2025-06-10 14:03:27] App::__construct - REQUEST_URI: /WEB_project_presentation_generator/public/dashboard
[2025-06-10 14:03:27] App::__construct - REQUEST_METHOD: GET
[2025-06-10 14:03:27] App::__construct - SCRIPT_NAME: /WEB_project_presentation_generator/public/index.php
[2025-06-10 14:03:27] App::__construct - PHP_SELF: /WEB_project_presentation_generator/public/index.php
[2025-06-10 14:03:27] App::__construct - Selected controller: DashboardController
[2025-06-10 14:03:27] App::__construct - Parameters: Array
(
)

[2025-06-10 14:03:27] App::__construct - Calling controller method with parameters
[2025-06-10 14:03:29] App::parseUrl - Parsed URL from REQUEST_URI: Array
(
    [0] => dashboard
    [1] => viewWorkspace
    [2] => 28
)

[2025-06-10 14:03:29] App::parseUrl - Final URL segments: Array
(
    [0] => dashboard
    [1] => viewWorkspace
    [2] => 28
)

[2025-06-10 14:03:29] App::__construct - REQUEST_URI: /WEB_project_presentation_generator/public/dashboard/viewWorkspace/28
[2025-06-10 14:03:29] App::__construct - REQUEST_METHOD: GET
[2025-06-10 14:03:29] App::__construct - SCRIPT_NAME: /WEB_project_presentation_generator/public/index.php
[2025-06-10 14:03:29] App::__construct - PHP_SELF: /WEB_project_presentation_generator/public/index.php
[2025-06-10 14:03:29] App::__construct - Selected controller: DashboardController
[2025-06-10 14:03:29] App::__construct - Selected method: viewWorkspace
[2025-06-10 14:03:29] App::__construct - Parameters: Array
(
    [0] => 28
)

[2025-06-10 14:03:29] App::__construct - Calling controller method with parameters
[2025-06-10 14:03:30] App::parseUrl - Parsed URL from REQUEST_URI: Array
(
    [0] => presentation
    [1] => create
    [2] => 28
)

[2025-06-10 14:03:30] App::parseUrl - Final URL segments: Array
(
    [0] => presentation
    [1] => create
    [2] => 28
)

[2025-06-10 14:03:30] App::__construct - REQUEST_URI: /WEB_project_presentation_generator/public/presentation/create/28
[2025-06-10 14:03:30] App::__construct - REQUEST_METHOD: GET
[2025-06-10 14:03:30] App::__construct - SCRIPT_NAME: /WEB_project_presentation_generator/public/index.php
[2025-06-10 14:03:30] App::__construct - PHP_SELF: /WEB_project_presentation_generator/public/index.php
[2025-06-10 14:03:30] App::__construct - Selected controller: PresentationController
[2025-06-10 14:03:30] App::__construct - Selected method: create
[2025-06-10 14:03:30] App::__construct - Parameters: Array
(
    [0] => 28
)

[2025-06-10 14:03:30] App::__construct - Calling controller method with parameters
[2025-06-10 14:03:36] App::parseUrl - Parsed URL from REQUEST_URI: Array
(
    [0] => presentation
    [1] => import
    [2] => 28
)

[2025-06-10 14:03:36] App::parseUrl - Final URL segments: Array
(
    [0] => presentation
    [1] => import
    [2] => 28
)

[2025-06-10 14:03:36] App::__construct - REQUEST_URI: /WEB_project_presentation_generator/public/presentation/import/28
[2025-06-10 14:03:36] App::__construct - REQUEST_METHOD: POST
[2025-06-10 14:03:36] App::__construct - SCRIPT_NAME: /WEB_project_presentation_generator/public/index.php
[2025-06-10 14:03:36] App::__construct - PHP_SELF: /WEB_project_presentation_generator/public/index.php
[2025-06-10 14:03:36] App::__construct - Selected controller: PresentationController
[2025-06-10 14:03:36] App::__construct - Selected method: import
[2025-06-10 14:03:36] App::__construct - Parameters: Array
(
    [0] => 28
)

[2025-06-10 14:03:36] App::__construct - Calling controller method with parameters
[2025-06-10 14:03:37] App::parseUrl - Parsed URL from REQUEST_URI: Array
(
    [0] => presentation
    [1] => viewPresentation
    [2] => 117
)

[2025-06-10 14:03:37] App::parseUrl - Final URL segments: Array
(
    [0] => presentation
    [1] => viewPresentation
    [2] => 117
)

[2025-06-10 14:03:37] App::__construct - REQUEST_URI: /WEB_project_presentation_generator/public/presentation/viewPresentation/117
[2025-06-10 14:03:37] App::__construct - REQUEST_METHOD: GET
[2025-06-10 14:03:37] App::__construct - SCRIPT_NAME: /WEB_project_presentation_generator/public/index.php
[2025-06-10 14:03:37] App::__construct - PHP_SELF: /WEB_project_presentation_generator/public/index.php
[2025-06-10 14:03:37] App::__construct - Selected controller: PresentationController
[2025-06-10 14:03:37] App::__construct - Selected method: viewPresentation
[2025-06-10 14:03:37] App::__construct - Parameters: Array
(
    [0] => 117
)

[2025-06-10 14:03:37] App::__construct - Calling controller method with parameters
[2025-06-10 14:22:21] App::parseUrl - Parsed URL from REQUEST_URI: Array
(
    [0] => auth
    [1] => login
)

[2025-06-10 14:22:21] App::parseUrl - Final URL segments: Array
(
    [0] => auth
    [1] => login
)

[2025-06-10 14:22:21] App::__construct - REQUEST_URI: /WEB_project_presentation_generator/public/auth/login
[2025-06-10 14:22:21] App::__construct - REQUEST_METHOD: GET
[2025-06-10 14:22:21] App::__construct - SCRIPT_NAME: /WEB_project_presentation_generator/public/index.php
[2025-06-10 14:22:21] App::__construct - PHP_SELF: /WEB_project_presentation_generator/public/index.php
[2025-06-10 14:22:21] App::__construct - Selected controller: AuthController
[2025-06-10 14:22:21] App::__construct - Selected method: login
[2025-06-10 14:22:21] App::__construct - Parameters: Array
(
)

[2025-06-10 14:22:21] App::__construct - Calling controller method with parameters
[2025-06-10 14:23:04] App::parseUrl - Parsed URL from REQUEST_URI: Array
(
    [0] => auth
    [1] => login
)

[2025-06-10 14:23:04] App::parseUrl - Final URL segments: Array
(
    [0] => auth
    [1] => login
)

[2025-06-10 14:23:04] App::__construct - REQUEST_URI: /WEB_project_presentation_generator/public/auth/login
[2025-06-10 14:23:04] App::__construct - REQUEST_METHOD: GET
[2025-06-10 14:23:04] App::__construct - SCRIPT_NAME: /WEB_project_presentation_generator/public/index.php
[2025-06-10 14:23:04] App::__construct - PHP_SELF: /WEB_project_presentation_generator/public/index.php
[2025-06-10 14:23:04] App::__construct - Selected controller: AuthController
[2025-06-10 14:23:04] App::__construct - Selected method: login
[2025-06-10 14:23:04] App::__construct - Parameters: Array
(
)

[2025-06-10 14:23:04] App::__construct - Calling controller method with parameters
[2025-06-10 14:23:07] App::parseUrl - Parsed URL from REQUEST_URI: Array
(
    [0] => 
)

[2025-06-10 14:23:07] App::__construct - REQUEST_URI: /WEB_project_presentation_generator/public/
[2025-06-10 14:23:07] App::__construct - REQUEST_METHOD: GET
[2025-06-10 14:23:07] App::__construct - SCRIPT_NAME: /WEB_project_presentation_generator/public/index.php
[2025-06-10 14:23:07] App::__construct - PHP_SELF: /WEB_project_presentation_generator/public/index.php
[2025-06-10 14:23:07] App::__construct - Selected controller: HomeController
[2025-06-10 14:23:07] App::__construct - Parameters: Array
(
)

[2025-06-10 14:23:07] App::__construct - Calling controller method with parameters
[2025-06-10 14:23:07] App::parseUrl - Parsed URL from REQUEST_URI: Array
(
    [0] => dashboard
)

[2025-06-10 14:23:07] App::parseUrl - Final URL segments: Array
(
    [0] => dashboard
)

[2025-06-10 14:23:07] App::__construct - REQUEST_URI: /WEB_project_presentation_generator/public/dashboard
[2025-06-10 14:23:07] App::__construct - REQUEST_METHOD: GET
[2025-06-10 14:23:07] App::__construct - SCRIPT_NAME: /WEB_project_presentation_generator/public/index.php
[2025-06-10 14:23:07] App::__construct - PHP_SELF: /WEB_project_presentation_generator/public/index.php
[2025-06-10 14:23:07] App::__construct - Selected controller: DashboardController
[2025-06-10 14:23:07] App::__construct - Parameters: Array
(
)

[2025-06-10 14:23:07] App::__construct - Calling controller method with parameters
[2025-06-10 14:23:18] App::parseUrl - Parsed URL from REQUEST_URI: Array
(
    [0] => presentation
    [1] => export
    [2] => 20
    [3] => xml
)

[2025-06-10 14:23:18] App::parseUrl - Final URL segments: Array
(
    [0] => presentation
    [1] => export
    [2] => 20
    [3] => xml
)

[2025-06-10 14:23:18] App::__construct - REQUEST_URI: /WEB_project_presentation_generator/public/presentation/export/20/xml
[2025-06-10 14:23:18] App::__construct - REQUEST_METHOD: GET
[2025-06-10 14:23:18] App::__construct - SCRIPT_NAME: /WEB_project_presentation_generator/public/index.php
[2025-06-10 14:23:18] App::__construct - PHP_SELF: /WEB_project_presentation_generator/public/index.php
[2025-06-10 14:23:18] App::__construct - Selected controller: PresentationController
[2025-06-10 14:23:18] App::__construct - Selected method: export
[2025-06-10 14:23:18] App::__construct - Parameters: Array
(
    [0] => 20
    [1] => xml
)

[2025-06-10 14:23:18] App::__construct - Calling controller method with parameters
[2025-06-10 14:23:37] App::parseUrl - Parsed URL from REQUEST_URI: Array
(
    [0] => auth
    [1] => login
)

[2025-06-10 14:23:37] App::parseUrl - Final URL segments: Array
(
    [0] => auth
    [1] => login
)

[2025-06-10 14:23:37] App::__construct - REQUEST_URI: /WEB_project_presentation_generator/public/auth/login
[2025-06-10 14:23:37] App::__construct - REQUEST_METHOD: GET
[2025-06-10 14:23:37] App::__construct - SCRIPT_NAME: /WEB_project_presentation_generator/public/index.php
[2025-06-10 14:23:37] App::__construct - PHP_SELF: /WEB_project_presentation_generator/public/index.php
[2025-06-10 14:23:37] App::__construct - Selected controller: AuthController
[2025-06-10 14:23:37] App::__construct - Selected method: login
[2025-06-10 14:23:37] App::__construct - Parameters: Array
(
)

[2025-06-10 14:23:37] App::__construct - Calling controller method with parameters
[2025-06-10 14:23:40] App::parseUrl - Parsed URL from REQUEST_URI: Array
(
    [0] => auth
)

[2025-06-10 14:23:40] App::parseUrl - Final URL segments: Array
(
    [0] => auth
)

[2025-06-10 14:23:40] App::__construct - REQUEST_URI: /WEB_project_presentation_generator/public/auth/
[2025-06-10 14:23:40] App::__construct - REQUEST_METHOD: GET
[2025-06-10 14:23:40] App::__construct - SCRIPT_NAME: /WEB_project_presentation_generator/public/index.php
[2025-06-10 14:23:40] App::__construct - PHP_SELF: /WEB_project_presentation_generator/public/index.php
[2025-06-10 14:23:40] App::__construct - Selected controller: AuthController
[2025-06-10 14:23:40] App::__construct - Parameters: Array
(
)

[2025-06-10 14:23:40] App::__construct - Calling controller method with parameters
[2025-06-10 14:25:39] App::parseUrl - Parsed URL from REQUEST_URI: Array
(
    [0] => dashboard
    [1] => viewWorkspace
    [2] => 15
)

[2025-06-10 14:25:39] App::parseUrl - Final URL segments: Array
(
    [0] => dashboard
    [1] => viewWorkspace
    [2] => 15
)

[2025-06-10 14:25:39] App::__construct - REQUEST_URI: /WEB_project_presentation_generator/public/dashboard/viewWorkspace/15
[2025-06-10 14:25:39] App::__construct - REQUEST_METHOD: GET
[2025-06-10 14:25:39] App::__construct - SCRIPT_NAME: /WEB_project_presentation_generator/public/index.php
[2025-06-10 14:25:39] App::__construct - PHP_SELF: /WEB_project_presentation_generator/public/index.php
[2025-06-10 14:25:39] App::__construct - Selected controller: DashboardController
[2025-06-10 14:25:39] App::__construct - Selected method: viewWorkspace
[2025-06-10 14:25:39] App::__construct - Parameters: Array
(
    [0] => 15
)

[2025-06-10 14:25:39] App::__construct - Calling controller method with parameters
[2025-06-10 14:25:42] App::parseUrl - Parsed URL from REQUEST_URI: Array
(
    [0] => dashboard
)

[2025-06-10 14:25:42] App::parseUrl - Final URL segments: Array
(
    [0] => dashboard
)

[2025-06-10 14:25:42] App::__construct - REQUEST_URI: /WEB_project_presentation_generator/public/dashboard/
[2025-06-10 14:25:42] App::__construct - REQUEST_METHOD: GET
[2025-06-10 14:25:42] App::__construct - SCRIPT_NAME: /WEB_project_presentation_generator/public/index.php
[2025-06-10 14:25:42] App::__construct - PHP_SELF: /WEB_project_presentation_generator/public/index.php
[2025-06-10 14:25:42] App::__construct - Selected controller: DashboardController
[2025-06-10 14:25:42] App::__construct - Parameters: Array
(
)

[2025-06-10 14:25:42] App::__construct - Calling controller method with parameters
[2025-06-10 14:25:54] App::parseUrl - Parsed URL from REQUEST_URI: Array
(
    [0] => 
)

[2025-06-10 14:25:54] App::__construct - REQUEST_URI: /WEB_project_presentation_generator/public/
[2025-06-10 14:25:54] App::__construct - REQUEST_METHOD: GET
[2025-06-10 14:25:54] App::__construct - SCRIPT_NAME: /WEB_project_presentation_generator/public/index.php
[2025-06-10 14:25:54] App::__construct - PHP_SELF: /WEB_project_presentation_generator/public/index.php
[2025-06-10 14:25:54] App::__construct - Selected controller: HomeController
[2025-06-10 14:25:54] App::__construct - Parameters: Array
(
)

[2025-06-10 14:25:54] App::__construct - Calling controller method with parameters
[2025-06-10 14:27:12] App::parseUrl - Parsed URL from REQUEST_URI: Array
(
    [0] => 
)

[2025-06-10 14:27:12] App::__construct - REQUEST_URI: /WEB_project_presentation_generator/public/
[2025-06-10 14:27:12] App::__construct - REQUEST_METHOD: GET
[2025-06-10 14:27:12] App::__construct - SCRIPT_NAME: /WEB_project_presentation_generator/public/index.php
[2025-06-10 14:27:12] App::__construct - PHP_SELF: /WEB_project_presentation_generator/public/index.php
[2025-06-10 14:27:12] App::__construct - Selected controller: HomeController
[2025-06-10 14:27:12] App::__construct - Parameters: Array
(
)

[2025-06-10 14:27:12] App::__construct - Calling controller method with parameters
[2025-06-10 14:27:13] App::parseUrl - Parsed URL from REQUEST_URI: Array
(
    [0] => 
)

[2025-06-10 14:27:13] App::__construct - REQUEST_URI: /WEB_project_presentation_generator/public/
[2025-06-10 14:27:13] App::__construct - REQUEST_METHOD: GET
[2025-06-10 14:27:13] App::__construct - SCRIPT_NAME: /WEB_project_presentation_generator/public/index.php
[2025-06-10 14:27:13] App::__construct - PHP_SELF: /WEB_project_presentation_generator/public/index.php
[2025-06-10 14:27:13] App::__construct - Selected controller: HomeController
[2025-06-10 14:27:13] App::__construct - Parameters: Array
(
)

[2025-06-10 14:27:13] App::__construct - Calling controller method with parameters
[2025-06-10 14:27:16] App::parseUrl - Parsed URL from REQUEST_URI: Array
(
    [0] => WEB_project_presentation_generator
)

[2025-06-10 14:27:16] App::parseUrl - Final URL segments: Array
(
)

[2025-06-10 14:27:16] App::__construct - REQUEST_URI: /WEB_project_presentation_generator/
[2025-06-10 14:27:16] App::__construct - REQUEST_METHOD: GET
[2025-06-10 14:27:16] App::__construct - SCRIPT_NAME: /WEB_project_presentation_generator/public/index.php
[2025-06-10 14:27:16] App::__construct - PHP_SELF: /WEB_project_presentation_generator/public/index.php
[2025-06-10 14:27:16] App::__construct - Parameters: Array
(
)

[2025-06-10 14:27:16] App::__construct - Calling controller method with parameters
[2025-06-10 14:27:19] App::parseUrl - Parsed URL from REQUEST_URI: Array
(
    [0] => WEB_project_presentation_generator
    [1] => auth
    [2] => logout
)

[2025-06-10 14:27:19] App::parseUrl - Final URL segments: Array
(
    [0] => auth
    [1] => logout
)

[2025-06-10 14:27:19] App::__construct - REQUEST_URI: /WEB_project_presentation_generator/auth/logout
[2025-06-10 14:27:19] App::__construct - REQUEST_METHOD: GET
[2025-06-10 14:27:19] App::__construct - SCRIPT_NAME: /WEB_project_presentation_generator/public/index.php
[2025-06-10 14:27:19] App::__construct - PHP_SELF: /WEB_project_presentation_generator/public/index.php
[2025-06-10 14:27:19] App::__construct - Selected controller: AuthController
[2025-06-10 14:27:19] App::__construct - Selected method: logout
[2025-06-10 14:27:19] App::__construct - Parameters: Array
(
)

[2025-06-10 14:27:19] App::__construct - Calling controller method with parameters
[2025-06-10 14:27:19] App::parseUrl - Parsed URL from REQUEST_URI: Array
(
    [0] => WEB_project_presentation_generator
    [1] => auth
    [2] => login
)

[2025-06-10 14:27:19] App::parseUrl - Final URL segments: Array
(
    [0] => auth
    [1] => login
)

[2025-06-10 14:27:19] App::__construct - REQUEST_URI: /WEB_project_presentation_generator/auth/login
[2025-06-10 14:27:19] App::__construct - REQUEST_METHOD: GET
[2025-06-10 14:27:19] App::__construct - SCRIPT_NAME: /WEB_project_presentation_generator/public/index.php
[2025-06-10 14:27:19] App::__construct - PHP_SELF: /WEB_project_presentation_generator/public/index.php
[2025-06-10 14:27:19] App::__construct - Selected controller: AuthController
[2025-06-10 14:27:19] App::__construct - Selected method: login
[2025-06-10 14:27:19] App::__construct - Parameters: Array
(
)

[2025-06-10 14:27:19] App::__construct - Calling controller method with parameters
[2025-06-10 14:27:22] App::parseUrl - Parsed URL from REQUEST_URI: Array
(
    [0] => WEB_project_presentation_generator
    [1] => auth
    [2] => login
)

[2025-06-10 14:27:22] App::parseUrl - Final URL segments: Array
(
    [0] => auth
    [1] => login
)

[2025-06-10 14:27:22] App::__construct - REQUEST_URI: /WEB_project_presentation_generator/auth/login
[2025-06-10 14:27:22] App::__construct - REQUEST_METHOD: GET
[2025-06-10 14:27:22] App::__construct - SCRIPT_NAME: /WEB_project_presentation_generator/public/index.php
[2025-06-10 14:27:22] App::__construct - PHP_SELF: /WEB_project_presentation_generator/public/index.php
[2025-06-10 14:27:22] App::__construct - Selected controller: AuthController
[2025-06-10 14:27:22] App::__construct - Selected method: login
[2025-06-10 14:27:22] App::__construct - Parameters: Array
(
)

[2025-06-10 14:27:22] App::__construct - Calling controller method with parameters
[2025-06-10 14:27:23] App::parseUrl - Parsed URL from REQUEST_URI: Array
(
    [0] => WEB_project_presentation_generator
    [1] => auth
    [2] => register
)

[2025-06-10 14:27:23] App::parseUrl - Final URL segments: Array
(
    [0] => auth
    [1] => register
)

[2025-06-10 14:27:23] App::__construct - REQUEST_URI: /WEB_project_presentation_generator/auth/register
[2025-06-10 14:27:23] App::__construct - REQUEST_METHOD: GET
[2025-06-10 14:27:23] App::__construct - SCRIPT_NAME: /WEB_project_presentation_generator/public/index.php
[2025-06-10 14:27:23] App::__construct - PHP_SELF: /WEB_project_presentation_generator/public/index.php
[2025-06-10 14:27:23] App::__construct - Selected controller: AuthController
[2025-06-10 14:27:23] App::__construct - Selected method: register
[2025-06-10 14:27:23] App::__construct - Parameters: Array
(
)

[2025-06-10 14:27:23] App::__construct - Calling controller method with parameters
[2025-06-10 14:27:25] App::parseUrl - Parsed URL from REQUEST_URI: Array
(
    [0] => WEB_project_presentation_generator
    [1] => auth
    [2] => login
)

[2025-06-10 14:27:25] App::parseUrl - Final URL segments: Array
(
    [0] => auth
    [1] => login
)

[2025-06-10 14:27:25] App::__construct - REQUEST_URI: /WEB_project_presentation_generator/auth/login
[2025-06-10 14:27:25] App::__construct - REQUEST_METHOD: GET
[2025-06-10 14:27:25] App::__construct - SCRIPT_NAME: /WEB_project_presentation_generator/public/index.php
[2025-06-10 14:27:25] App::__construct - PHP_SELF: /WEB_project_presentation_generator/public/index.php
[2025-06-10 14:27:25] App::__construct - Selected controller: AuthController
[2025-06-10 14:27:25] App::__construct - Selected method: login
[2025-06-10 14:27:25] App::__construct - Parameters: Array
(
)

[2025-06-10 14:27:25] App::__construct - Calling controller method with parameters
[2025-06-10 14:27:30] App::parseUrl - Parsed URL from REQUEST_URI: Array
(
    [0] => WEB_project_presentation_generator
    [1] => auth
    [2] => login
)

[2025-06-10 14:27:30] App::parseUrl - Final URL segments: Array
(
    [0] => auth
    [1] => login
)

[2025-06-10 14:27:30] App::__construct - REQUEST_URI: /WEB_project_presentation_generator/auth/login
[2025-06-10 14:27:30] App::__construct - REQUEST_METHOD: POST
[2025-06-10 14:27:30] App::__construct - SCRIPT_NAME: /WEB_project_presentation_generator/public/index.php
[2025-06-10 14:27:30] App::__construct - PHP_SELF: /WEB_project_presentation_generator/public/index.php
[2025-06-10 14:27:30] App::__construct - Selected controller: AuthController
[2025-06-10 14:27:30] App::__construct - Selected method: login
[2025-06-10 14:27:30] App::__construct - Parameters: Array
(
)

[2025-06-10 14:27:30] App::__construct - Calling controller method with parameters
[2025-06-10 14:27:30] App::parseUrl - Parsed URL from REQUEST_URI: Array
(
    [0] => WEB_project_presentation_generator
    [1] => home
    [2] => index
)

[2025-06-10 14:27:30] App::parseUrl - Final URL segments: Array
(
    [0] => home
    [1] => index
)

[2025-06-10 14:27:30] App::__construct - REQUEST_URI: /WEB_project_presentation_generator/home/index
[2025-06-10 14:27:30] App::__construct - REQUEST_METHOD: GET
[2025-06-10 14:27:30] App::__construct - SCRIPT_NAME: /WEB_project_presentation_generator/public/index.php
[2025-06-10 14:27:30] App::__construct - PHP_SELF: /WEB_project_presentation_generator/public/index.php
[2025-06-10 14:27:30] App::__construct - Selected controller: HomeController
[2025-06-10 14:27:30] App::__construct - Selected method: index
[2025-06-10 14:27:30] App::__construct - Parameters: Array
(
)

[2025-06-10 14:27:30] App::__construct - Calling controller method with parameters
[2025-06-10 14:27:59] App::parseUrl - Parsed URL from REQUEST_URI: Array
(
    [0] => WEB_project_presentation_generator
    [1] => home
    [2] => index
)

[2025-06-10 14:27:59] App::parseUrl - Final URL segments: Array
(
    [0] => home
    [1] => index
)

[2025-06-10 14:27:59] App::__construct - REQUEST_URI: /WEB_project_presentation_generator/home/index
[2025-06-10 14:27:59] App::__construct - REQUEST_METHOD: GET
[2025-06-10 14:27:59] App::__construct - SCRIPT_NAME: /WEB_project_presentation_generator/public/index.php
[2025-06-10 14:27:59] App::__construct - PHP_SELF: /WEB_project_presentation_generator/public/index.php
[2025-06-10 14:27:59] App::__construct - Selected controller: HomeController
[2025-06-10 14:27:59] App::__construct - Selected method: index
[2025-06-10 14:27:59] App::__construct - Parameters: Array
(
)

[2025-06-10 14:27:59] App::__construct - Calling controller method with parameters
[2025-06-10 14:28:03] App::parseUrl - Parsed URL from REQUEST_URI: Array
(
    [0] => WEB_project_presentation_generator
)

[2025-06-10 14:28:03] App::parseUrl - Final URL segments: Array
(
)

[2025-06-10 14:28:03] App::__construct - REQUEST_URI: /WEB_project_presentation_generator/
[2025-06-10 14:28:03] App::__construct - REQUEST_METHOD: GET
[2025-06-10 14:28:03] App::__construct - SCRIPT_NAME: /WEB_project_presentation_generator/public/index.php
[2025-06-10 14:28:03] App::__construct - PHP_SELF: /WEB_project_presentation_generator/public/index.php
[2025-06-10 14:28:03] App::__construct - Parameters: Array
(
)

[2025-06-10 14:28:03] App::__construct - Calling controller method with parameters
[2025-06-10 14:28:17] App::parseUrl - Parsed URL from REQUEST_URI: Array
(
    [0] => WEB_project_presentation_generator
    [1] => auth
    [2] => logout
)

[2025-06-10 14:28:17] App::parseUrl - Final URL segments: Array
(
    [0] => auth
    [1] => logout
)

[2025-06-10 14:28:17] App::__construct - REQUEST_URI: /WEB_project_presentation_generator/auth/logout
[2025-06-10 14:28:17] App::__construct - REQUEST_METHOD: GET
[2025-06-10 14:28:17] App::__construct - SCRIPT_NAME: /WEB_project_presentation_generator/public/index.php
[2025-06-10 14:28:17] App::__construct - PHP_SELF: /WEB_project_presentation_generator/public/index.php
[2025-06-10 14:28:17] App::__construct - Selected controller: AuthController
[2025-06-10 14:28:17] App::__construct - Selected method: logout
[2025-06-10 14:28:17] App::__construct - Parameters: Array
(
)

[2025-06-10 14:28:17] App::__construct - Calling controller method with parameters
[2025-06-10 14:28:17] App::parseUrl - Parsed URL from REQUEST_URI: Array
(
    [0] => WEB_project_presentation_generator
    [1] => auth
    [2] => login
)

[2025-06-10 14:28:17] App::parseUrl - Final URL segments: Array
(
    [0] => auth
    [1] => login
)

[2025-06-10 14:28:17] App::__construct - REQUEST_URI: /WEB_project_presentation_generator/auth/login
[2025-06-10 14:28:17] App::__construct - REQUEST_METHOD: GET
[2025-06-10 14:28:17] App::__construct - SCRIPT_NAME: /WEB_project_presentation_generator/public/index.php
[2025-06-10 14:28:17] App::__construct - PHP_SELF: /WEB_project_presentation_generator/public/index.php
[2025-06-10 14:28:17] App::__construct - Selected controller: AuthController
[2025-06-10 14:28:17] App::__construct - Selected method: login
[2025-06-10 14:28:17] App::__construct - Parameters: Array
(
)

[2025-06-10 14:28:17] App::__construct - Calling controller method with parameters
[2025-06-10 14:28:24] App::parseUrl - Parsed URL from REQUEST_URI: Array
(
    [0] => WEB_project_presentation_generator
    [1] => auth
    [2] => login
)

[2025-06-10 14:28:24] App::parseUrl - Final URL segments: Array
(
    [0] => auth
    [1] => login
)

[2025-06-10 14:28:24] App::__construct - REQUEST_URI: /WEB_project_presentation_generator/auth/login
[2025-06-10 14:28:24] App::__construct - REQUEST_METHOD: POST
[2025-06-10 14:28:24] App::__construct - SCRIPT_NAME: /WEB_project_presentation_generator/public/index.php
[2025-06-10 14:28:24] App::__construct - PHP_SELF: /WEB_project_presentation_generator/public/index.php
[2025-06-10 14:28:24] App::__construct - Selected controller: AuthController
[2025-06-10 14:28:24] App::__construct - Selected method: login
[2025-06-10 14:28:24] App::__construct - Parameters: Array
(
)

[2025-06-10 14:28:24] App::__construct - Calling controller method with parameters
[2025-06-10 14:28:32] App::parseUrl - Parsed URL from REQUEST_URI: Array
(
    [0] => WEB_project_presentation_generator
    [1] => auth
    [2] => login
)

[2025-06-10 14:28:32] App::parseUrl - Final URL segments: Array
(
    [0] => auth
    [1] => login
)

[2025-06-10 14:28:32] App::__construct - REQUEST_URI: /WEB_project_presentation_generator/auth/login
[2025-06-10 14:28:32] App::__construct - REQUEST_METHOD: POST
[2025-06-10 14:28:32] App::__construct - SCRIPT_NAME: /WEB_project_presentation_generator/public/index.php
[2025-06-10 14:28:32] App::__construct - PHP_SELF: /WEB_project_presentation_generator/public/index.php
[2025-06-10 14:28:32] App::__construct - Selected controller: AuthController
[2025-06-10 14:28:32] App::__construct - Selected method: login
[2025-06-10 14:28:32] App::__construct - Parameters: Array
(
)

[2025-06-10 14:28:32] App::__construct - Calling controller method with parameters
[2025-06-10 14:28:40] App::parseUrl - Parsed URL from REQUEST_URI: Array
(
    [0] => WEB_project_presentation_generator
    [1] => auth
    [2] => register
)

[2025-06-10 14:28:40] App::parseUrl - Final URL segments: Array
(
    [0] => auth
    [1] => register
)

[2025-06-10 14:28:40] App::__construct - REQUEST_URI: /WEB_project_presentation_generator/auth/register
[2025-06-10 14:28:40] App::__construct - REQUEST_METHOD: GET
[2025-06-10 14:28:40] App::__construct - SCRIPT_NAME: /WEB_project_presentation_generator/public/index.php
[2025-06-10 14:28:40] App::__construct - PHP_SELF: /WEB_project_presentation_generator/public/index.php
[2025-06-10 14:28:40] App::__construct - Selected controller: AuthController
[2025-06-10 14:28:40] App::__construct - Selected method: register
[2025-06-10 14:28:40] App::__construct - Parameters: Array
(
)

[2025-06-10 14:28:40] App::__construct - Calling controller method with parameters
[2025-06-10 14:28:48] App::parseUrl - Parsed URL from REQUEST_URI: Array
(
    [0] => WEB_project_presentation_generator
    [1] => auth
    [2] => login
)

[2025-06-10 14:28:48] App::parseUrl - Final URL segments: Array
(
    [0] => auth
    [1] => login
)

[2025-06-10 14:28:48] App::__construct - REQUEST_URI: /WEB_project_presentation_generator/auth/login
[2025-06-10 14:28:48] App::__construct - REQUEST_METHOD: GET
[2025-06-10 14:28:48] App::__construct - SCRIPT_NAME: /WEB_project_presentation_generator/public/index.php
[2025-06-10 14:28:48] App::__construct - PHP_SELF: /WEB_project_presentation_generator/public/index.php
[2025-06-10 14:28:48] App::__construct - Selected controller: AuthController
[2025-06-10 14:28:48] App::__construct - Selected method: login
[2025-06-10 14:28:48] App::__construct - Parameters: Array
(
)

[2025-06-10 14:28:48] App::__construct - Calling controller method with parameters
[2025-06-10 14:28:55] App::parseUrl - Parsed URL from REQUEST_URI: Array
(
    [0] => WEB_project_presentation_generator
    [1] => auth
    [2] => login
)

[2025-06-10 14:28:55] App::parseUrl - Final URL segments: Array
(
    [0] => auth
    [1] => login
)

[2025-06-10 14:28:55] App::__construct - REQUEST_URI: /WEB_project_presentation_generator/auth/login
[2025-06-10 14:28:55] App::__construct - REQUEST_METHOD: POST
[2025-06-10 14:28:55] App::__construct - SCRIPT_NAME: /WEB_project_presentation_generator/public/index.php
[2025-06-10 14:28:55] App::__construct - PHP_SELF: /WEB_project_presentation_generator/public/index.php
[2025-06-10 14:28:55] App::__construct - Selected controller: AuthController
[2025-06-10 14:28:55] App::__construct - Selected method: login
[2025-06-10 14:28:55] App::__construct - Parameters: Array
(
)

[2025-06-10 14:28:55] App::__construct - Calling controller method with parameters
[2025-06-10 14:28:55] App::parseUrl - Parsed URL from REQUEST_URI: Array
(
    [0] => WEB_project_presentation_generator
    [1] => home
    [2] => index
)

[2025-06-10 14:28:55] App::parseUrl - Final URL segments: Array
(
    [0] => home
    [1] => index
)

[2025-06-10 14:28:55] App::__construct - REQUEST_URI: /WEB_project_presentation_generator/home/index
[2025-06-10 14:28:55] App::__construct - REQUEST_METHOD: GET
[2025-06-10 14:28:55] App::__construct - SCRIPT_NAME: /WEB_project_presentation_generator/public/index.php
[2025-06-10 14:28:55] App::__construct - PHP_SELF: /WEB_project_presentation_generator/public/index.php
[2025-06-10 14:28:55] App::__construct - Selected controller: HomeController
[2025-06-10 14:28:55] App::__construct - Selected method: index
[2025-06-10 14:28:55] App::__construct - Parameters: Array
(
)

[2025-06-10 14:28:55] App::__construct - Calling controller method with parameters
[2025-06-10 14:29:27] App::parseUrl - Parsed URL from REQUEST_URI: Array
(
    [0] => WEB_project_presentation_generator
    [1] => home
    [2] => index
)

[2025-06-10 14:29:27] App::parseUrl - Final URL segments: Array
(
    [0] => home
    [1] => index
)

[2025-06-10 14:29:27] App::__construct - REQUEST_URI: /WEB_project_presentation_generator/home/index
[2025-06-10 14:29:27] App::__construct - REQUEST_METHOD: GET
[2025-06-10 14:29:27] App::__construct - SCRIPT_NAME: /WEB_project_presentation_generator/public/index.php
[2025-06-10 14:29:27] App::__construct - PHP_SELF: /WEB_project_presentation_generator/public/index.php
[2025-06-10 14:29:27] App::__construct - Selected controller: HomeController
[2025-06-10 14:29:27] App::__construct - Selected method: index
[2025-06-10 14:29:27] App::__construct - Parameters: Array
(
)

[2025-06-10 14:29:27] App::__construct - Calling controller method with parameters
[2025-06-10 14:30:29] App::parseUrl - Parsed URL from REQUEST_URI: Array
(
    [0] => WEB_project_presentation_generator
    [1] => home
    [2] => index
)

[2025-06-10 14:30:29] App::parseUrl - Final URL segments: Array
(
    [0] => home
    [1] => index
)

[2025-06-10 14:30:29] App::__construct - REQUEST_URI: /WEB_project_presentation_generator/home/index
[2025-06-10 14:30:29] App::__construct - REQUEST_METHOD: GET
[2025-06-10 14:30:29] App::__construct - SCRIPT_NAME: /WEB_project_presentation_generator/public/index.php
[2025-06-10 14:30:29] App::__construct - PHP_SELF: /WEB_project_presentation_generator/public/index.php
[2025-06-10 14:30:29] App::__construct - Selected controller: HomeController
[2025-06-10 14:30:29] App::__construct - Selected method: index
[2025-06-10 14:30:29] App::__construct - Parameters: Array
(
)

[2025-06-10 14:30:29] App::__construct - Calling controller method with parameters
[2025-06-10 14:30:44] App::parseUrl - Parsed URL from REQUEST_URI: Array
(
    [0] => WEB_project_presentation_generator
    [1] => home
    [2] => index
)

[2025-06-10 14:30:44] App::parseUrl - Final URL segments: Array
(
    [0] => home
    [1] => index
)

[2025-06-10 14:30:44] App::__construct - REQUEST_URI: /WEB_project_presentation_generator/home/index
[2025-06-10 14:30:44] App::__construct - REQUEST_METHOD: GET
[2025-06-10 14:30:44] App::__construct - SCRIPT_NAME: /WEB_project_presentation_generator/public/index.php
[2025-06-10 14:30:44] App::__construct - PHP_SELF: /WEB_project_presentation_generator/public/index.php
[2025-06-10 14:30:44] App::__construct - Selected controller: HomeController
[2025-06-10 14:30:44] App::__construct - Selected method: index
[2025-06-10 14:30:44] App::__construct - Parameters: Array
(
)

[2025-06-10 14:30:44] App::__construct - Calling controller method with parameters
[2025-06-10 14:31:39] App::parseUrl - Parsed URL from REQUEST_URI: Array
(
    [0] => WEB_project_presentation_generator
    [1] => home
    [2] => index
)

[2025-06-10 14:31:39] App::parseUrl - Final URL segments: Array
(
    [0] => home
    [1] => index
)

[2025-06-10 14:31:39] App::__construct - REQUEST_URI: /WEB_project_presentation_generator/home/index
[2025-06-10 14:31:39] App::__construct - REQUEST_METHOD: GET
[2025-06-10 14:31:39] App::__construct - SCRIPT_NAME: /WEB_project_presentation_generator/public/index.php
[2025-06-10 14:31:39] App::__construct - PHP_SELF: /WEB_project_presentation_generator/public/index.php
[2025-06-10 14:31:39] App::__construct - Selected controller: HomeController
[2025-06-10 14:31:39] App::__construct - Selected method: index
[2025-06-10 14:31:39] App::__construct - Parameters: Array
(
)

[2025-06-10 14:31:39] App::__construct - Calling controller method with parameters
[2025-06-10 14:32:08] App::parseUrl - Parsed URL from REQUEST_URI: Array
(
    [0] => WEB_project_presentation_generator
    [1] => home
    [2] => index
)

[2025-06-10 14:32:08] App::parseUrl - Final URL segments: Array
(
    [0] => home
    [1] => index
)

[2025-06-10 14:32:08] App::__construct - REQUEST_URI: /WEB_project_presentation_generator/home/index
[2025-06-10 14:32:08] App::__construct - REQUEST_METHOD: GET
[2025-06-10 14:32:08] App::__construct - SCRIPT_NAME: /WEB_project_presentation_generator/public/index.php
[2025-06-10 14:32:08] App::__construct - PHP_SELF: /WEB_project_presentation_generator/public/index.php
[2025-06-10 14:32:08] App::__construct - Selected controller: HomeController
[2025-06-10 14:32:08] App::__construct - Selected method: index
[2025-06-10 14:32:08] App::__construct - Parameters: Array
(
)

[2025-06-10 14:32:08] App::__construct - Calling controller method with parameters
[2025-06-10 14:33:42] App::parseUrl - Parsed URL from REQUEST_URI: Array
(
    [0] => WEB_project_presentation_generator
    [1] => home
    [2] => index
)

[2025-06-10 14:33:42] App::parseUrl - Final URL segments: Array
(
    [0] => home
    [1] => index
)

[2025-06-10 14:33:42] App::__construct - REQUEST_URI: /WEB_project_presentation_generator/home/index
[2025-06-10 14:33:42] App::__construct - REQUEST_METHOD: GET
[2025-06-10 14:33:42] App::__construct - SCRIPT_NAME: /WEB_project_presentation_generator/public/index.php
[2025-06-10 14:33:42] App::__construct - PHP_SELF: /WEB_project_presentation_generator/public/index.php
[2025-06-10 14:33:42] App::__construct - Selected controller: HomeController
[2025-06-10 14:33:42] App::__construct - Selected method: index
[2025-06-10 14:33:42] App::__construct - Parameters: Array
(
)

[2025-06-10 14:33:42] App::__construct - Calling controller method with parameters
[2025-06-10 14:40:32] App::parseUrl - Parsed URL from REQUEST_URI: Array
(
    [0] => presentation
    [1] => export
    [2] => 20
    [3] => xml
)

[2025-06-10 14:40:32] App::parseUrl - Final URL segments: Array
(
    [0] => presentation
    [1] => export
    [2] => 20
    [3] => xml
)

[2025-06-10 14:40:32] App::__construct - REQUEST_URI: /WEB_project_presentation_generator/public/presentation/export/20/xml
[2025-06-10 14:40:32] App::__construct - REQUEST_METHOD: GET
[2025-06-10 14:40:32] App::__construct - SCRIPT_NAME: /WEB_project_presentation_generator/public/index.php
[2025-06-10 14:40:32] App::__construct - PHP_SELF: /WEB_project_presentation_generator/public/index.php
[2025-06-10 14:40:32] App::__construct - Selected controller: PresentationController
[2025-06-10 14:40:32] App::__construct - Selected method: export
[2025-06-10 14:40:32] App::__construct - Parameters: Array
(
    [0] => 20
    [1] => xml
)

[2025-06-10 14:40:32] App::__construct - Calling controller method with parameters
[2025-06-10 14:41:15] App::parseUrl - Parsed URL from REQUEST_URI: Array
(
    [0] => auth
    [1] => login
)

[2025-06-10 14:41:15] App::parseUrl - Final URL segments: Array
(
    [0] => auth
    [1] => login
)

[2025-06-10 14:41:15] App::__construct - REQUEST_URI: /WEB_project_presentation_generator/public/auth/login
[2025-06-10 14:41:15] App::__construct - REQUEST_METHOD: GET
[2025-06-10 14:41:15] App::__construct - SCRIPT_NAME: /WEB_project_presentation_generator/public/index.php
[2025-06-10 14:41:15] App::__construct - PHP_SELF: /WEB_project_presentation_generator/public/index.php
[2025-06-10 14:41:15] App::__construct - Selected controller: AuthController
[2025-06-10 14:41:15] App::__construct - Selected method: login
[2025-06-10 14:41:15] App::__construct - Parameters: Array
(
)

[2025-06-10 14:41:15] App::__construct - Calling controller method with parameters
[2025-06-10 14:41:42] App::parseUrl - Parsed URL from REQUEST_URI: Array
(
    [0] => auth
    [1] => login
)

[2025-06-10 14:41:42] App::parseUrl - Final URL segments: Array
(
    [0] => auth
    [1] => login
)

[2025-06-10 14:41:42] App::__construct - REQUEST_URI: /WEB_project_presentation_generator/public/auth/login
[2025-06-10 14:41:42] App::__construct - REQUEST_METHOD: POST
[2025-06-10 14:41:42] App::__construct - SCRIPT_NAME: /WEB_project_presentation_generator/public/index.php
[2025-06-10 14:41:42] App::__construct - PHP_SELF: /WEB_project_presentation_generator/public/index.php
[2025-06-10 14:41:42] App::__construct - Selected controller: AuthController
[2025-06-10 14:41:42] App::__construct - Selected method: login
[2025-06-10 14:41:42] App::__construct - Parameters: Array
(
)

[2025-06-10 14:41:42] App::__construct - Calling controller method with parameters
[2025-06-10 14:41:42] App::parseUrl - Parsed URL from REQUEST_URI: Array
(
    [0] => home
    [1] => index
)

[2025-06-10 14:41:42] App::parseUrl - Final URL segments: Array
(
    [0] => home
    [1] => index
)

[2025-06-10 14:41:42] App::__construct - REQUEST_URI: /WEB_project_presentation_generator/public/home/index
[2025-06-10 14:41:42] App::__construct - REQUEST_METHOD: GET
[2025-06-10 14:41:42] App::__construct - SCRIPT_NAME: /WEB_project_presentation_generator/public/index.php
[2025-06-10 14:41:42] App::__construct - PHP_SELF: /WEB_project_presentation_generator/public/index.php
[2025-06-10 14:41:42] App::__construct - Selected controller: HomeController
[2025-06-10 14:41:42] App::__construct - Selected method: index
[2025-06-10 14:41:42] App::__construct - Parameters: Array
(
)

[2025-06-10 14:41:42] App::__construct - Calling controller method with parameters
[2025-06-10 14:41:42] App::parseUrl - Parsed URL from REQUEST_URI: Array
(
    [0] => dashboard
)

[2025-06-10 14:41:42] App::parseUrl - Final URL segments: Array
(
    [0] => dashboard
)

[2025-06-10 14:41:42] App::__construct - REQUEST_URI: /WEB_project_presentation_generator/public/dashboard
[2025-06-10 14:41:42] App::__construct - REQUEST_METHOD: GET
[2025-06-10 14:41:42] App::__construct - SCRIPT_NAME: /WEB_project_presentation_generator/public/index.php
[2025-06-10 14:41:42] App::__construct - PHP_SELF: /WEB_project_presentation_generator/public/index.php
[2025-06-10 14:41:42] App::__construct - Selected controller: DashboardController
[2025-06-10 14:41:42] App::__construct - Parameters: Array
(
)

[2025-06-10 14:41:42] App::__construct - Calling controller method with parameters
[2025-06-10 14:41:44] App::parseUrl - Parsed URL from REQUEST_URI: Array
(
    [0] => dashboard
    [1] => viewWorkspace
    [2] => 28
)

[2025-06-10 14:41:44] App::parseUrl - Final URL segments: Array
(
    [0] => dashboard
    [1] => viewWorkspace
    [2] => 28
)

[2025-06-10 14:41:44] App::__construct - REQUEST_URI: /WEB_project_presentation_generator/public/dashboard/viewWorkspace/28
[2025-06-10 14:41:44] App::__construct - REQUEST_METHOD: GET
[2025-06-10 14:41:44] App::__construct - SCRIPT_NAME: /WEB_project_presentation_generator/public/index.php
[2025-06-10 14:41:44] App::__construct - PHP_SELF: /WEB_project_presentation_generator/public/index.php
[2025-06-10 14:41:44] App::__construct - Selected controller: DashboardController
[2025-06-10 14:41:44] App::__construct - Selected method: viewWorkspace
[2025-06-10 14:41:44] App::__construct - Parameters: Array
(
    [0] => 28
)

[2025-06-10 14:41:44] App::__construct - Calling controller method with parameters
[2025-06-10 14:41:47] App::parseUrl - Parsed URL from REQUEST_URI: Array
(
    [0] => dashboard
)

[2025-06-10 14:41:47] App::parseUrl - Final URL segments: Array
(
    [0] => dashboard
)

[2025-06-10 14:41:47] App::__construct - REQUEST_URI: /WEB_project_presentation_generator/public/dashboard
[2025-06-10 14:41:47] App::__construct - REQUEST_METHOD: GET
[2025-06-10 14:41:47] App::__construct - SCRIPT_NAME: /WEB_project_presentation_generator/public/index.php
[2025-06-10 14:41:47] App::__construct - PHP_SELF: /WEB_project_presentation_generator/public/index.php
[2025-06-10 14:41:47] App::__construct - Selected controller: DashboardController
[2025-06-10 14:41:47] App::__construct - Parameters: Array
(
)

[2025-06-10 14:41:47] App::__construct - Calling controller method with parameters
[2025-06-10 14:45:12] App::parseUrl - Parsed URL from REQUEST_URI: Array
(
    [0] => dashboard
)

[2025-06-10 14:45:12] App::parseUrl - Final URL segments: Array
(
    [0] => dashboard
)

[2025-06-10 14:45:12] App::__construct - REQUEST_URI: /WEB_project_presentation_generator/public/dashboard
[2025-06-10 14:45:12] App::__construct - REQUEST_METHOD: GET
[2025-06-10 14:45:12] App::__construct - SCRIPT_NAME: /WEB_project_presentation_generator/public/index.php
[2025-06-10 14:45:12] App::__construct - PHP_SELF: /WEB_project_presentation_generator/public/index.php
[2025-06-10 14:45:12] App::__construct - Selected controller: DashboardController
[2025-06-10 14:45:12] App::__construct - Parameters: Array
(
)

[2025-06-10 14:45:12] App::__construct - Calling controller method with parameters
[2025-06-10 14:45:13] App::parseUrl - Parsed URL from REQUEST_URI: Array
(
    [0] => dashboard
    [1] => viewWorkspace
    [2] => 27
)

[2025-06-10 14:45:13] App::parseUrl - Final URL segments: Array
(
    [0] => dashboard
    [1] => viewWorkspace
    [2] => 27
)

[2025-06-10 14:45:13] App::__construct - REQUEST_URI: /WEB_project_presentation_generator/public/dashboard/viewWorkspace/27
[2025-06-10 14:45:13] App::__construct - REQUEST_METHOD: GET
[2025-06-10 14:45:13] App::__construct - SCRIPT_NAME: /WEB_project_presentation_generator/public/index.php
[2025-06-10 14:45:13] App::__construct - PHP_SELF: /WEB_project_presentation_generator/public/index.php
[2025-06-10 14:45:13] App::__construct - Selected controller: DashboardController
[2025-06-10 14:45:13] App::__construct - Selected method: viewWorkspace
[2025-06-10 14:45:13] App::__construct - Parameters: Array
(
    [0] => 27
)

[2025-06-10 14:45:13] App::__construct - Calling controller method with parameters
[2025-06-10 14:45:15] App::parseUrl - Parsed URL from REQUEST_URI: Array
(
    [0] => dashboard
)

[2025-06-10 14:45:15] App::parseUrl - Final URL segments: Array
(
    [0] => dashboard
)

[2025-06-10 14:45:15] App::__construct - REQUEST_URI: /WEB_project_presentation_generator/public/dashboard
[2025-06-10 14:45:15] App::__construct - REQUEST_METHOD: GET
[2025-06-10 14:45:15] App::__construct - SCRIPT_NAME: /WEB_project_presentation_generator/public/index.php
[2025-06-10 14:45:15] App::__construct - PHP_SELF: /WEB_project_presentation_generator/public/index.php
[2025-06-10 14:45:15] App::__construct - Selected controller: DashboardController
[2025-06-10 14:45:15] App::__construct - Parameters: Array
(
)

[2025-06-10 14:45:15] App::__construct - Calling controller method with parameters
[2025-06-10 14:45:16] App::parseUrl - Parsed URL from REQUEST_URI: Array
(
    [0] => dashboard
    [1] => viewWorkspace
    [2] => 28
)

[2025-06-10 14:45:16] App::parseUrl - Final URL segments: Array
(
    [0] => dashboard
    [1] => viewWorkspace
    [2] => 28
)

[2025-06-10 14:45:16] App::__construct - REQUEST_URI: /WEB_project_presentation_generator/public/dashboard/viewWorkspace/28
[2025-06-10 14:45:16] App::__construct - REQUEST_METHOD: GET
[2025-06-10 14:45:16] App::__construct - SCRIPT_NAME: /WEB_project_presentation_generator/public/index.php
[2025-06-10 14:45:16] App::__construct - PHP_SELF: /WEB_project_presentation_generator/public/index.php
[2025-06-10 14:45:16] App::__construct - Selected controller: DashboardController
[2025-06-10 14:45:16] App::__construct - Selected method: viewWorkspace
[2025-06-10 14:45:16] App::__construct - Parameters: Array
(
    [0] => 28
)

[2025-06-10 14:45:16] App::__construct - Calling controller method with parameters
[2025-06-10 14:45:18] App::parseUrl - Parsed URL from REQUEST_URI: Array
(
    [0] => presentation
    [1] => viewPresentation
    [2] => 117
)

[2025-06-10 14:45:18] App::parseUrl - Final URL segments: Array
(
    [0] => presentation
    [1] => viewPresentation
    [2] => 117
)

[2025-06-10 14:45:18] App::__construct - REQUEST_URI: /WEB_project_presentation_generator/public/presentation/viewPresentation/117
[2025-06-10 14:45:18] App::__construct - REQUEST_METHOD: GET
[2025-06-10 14:45:18] App::__construct - SCRIPT_NAME: /WEB_project_presentation_generator/public/index.php
[2025-06-10 14:45:18] App::__construct - PHP_SELF: /WEB_project_presentation_generator/public/index.php
[2025-06-10 14:45:18] App::__construct - Selected controller: PresentationController
[2025-06-10 14:45:18] App::__construct - Selected method: viewPresentation
[2025-06-10 14:45:18] App::__construct - Parameters: Array
(
    [0] => 117
)

[2025-06-10 14:45:18] App::__construct - Calling controller method with parameters
[2025-06-10 14:45:19] App::parseUrl - Parsed URL from REQUEST_URI: Array
(
    [0] => presentation
    [1] => review
    [2] => 117
)

[2025-06-10 14:45:19] App::parseUrl - Final URL segments: Array
(
    [0] => presentation
    [1] => review
    [2] => 117
)

[2025-06-10 14:45:19] App::__construct - REQUEST_URI: /WEB_project_presentation_generator/public/presentation/review/117
[2025-06-10 14:45:19] App::__construct - REQUEST_METHOD: GET
[2025-06-10 14:45:19] App::__construct - SCRIPT_NAME: /WEB_project_presentation_generator/public/index.php
[2025-06-10 14:45:19] App::__construct - PHP_SELF: /WEB_project_presentation_generator/public/index.php
[2025-06-10 14:45:19] App::__construct - Selected controller: PresentationController
[2025-06-10 14:45:19] App::__construct - Selected method: review
[2025-06-10 14:45:19] App::__construct - Parameters: Array
(
    [0] => 117
)

[2025-06-10 14:45:19] App::__construct - Calling controller method with parameters
[2025-06-10 14:45:56] App::parseUrl - Parsed URL from REQUEST_URI: Array
(
    [0] => presentation
    [1] => viewPresentation
    [2] => 117
)

[2025-06-10 14:45:56] App::parseUrl - Final URL segments: Array
(
    [0] => presentation
    [1] => viewPresentation
    [2] => 117
)

[2025-06-10 14:45:56] App::__construct - REQUEST_URI: /WEB_project_presentation_generator/public/presentation/viewPresentation/117
[2025-06-10 14:45:56] App::__construct - REQUEST_METHOD: GET
[2025-06-10 14:45:56] App::__construct - SCRIPT_NAME: /WEB_project_presentation_generator/public/index.php
[2025-06-10 14:45:56] App::__construct - PHP_SELF: /WEB_project_presentation_generator/public/index.php
[2025-06-10 14:45:56] App::__construct - Selected controller: PresentationController
[2025-06-10 14:45:56] App::__construct - Selected method: viewPresentation
[2025-06-10 14:45:56] App::__construct - Parameters: Array
(
    [0] => 117
)

[2025-06-10 14:45:56] App::__construct - Calling controller method with parameters
[2025-06-10 14:47:21] App::parseUrl - Parsed URL from REQUEST_URI: Array
(
    [0] => presentation
    [1] => review
    [2] => 117
)

[2025-06-10 14:47:21] App::parseUrl - Final URL segments: Array
(
    [0] => presentation
    [1] => review
    [2] => 117
)

[2025-06-10 14:47:21] App::__construct - REQUEST_URI: /WEB_project_presentation_generator/public/presentation/review/117
[2025-06-10 14:47:21] App::__construct - REQUEST_METHOD: GET
[2025-06-10 14:47:21] App::__construct - SCRIPT_NAME: /WEB_project_presentation_generator/public/index.php
[2025-06-10 14:47:21] App::__construct - PHP_SELF: /WEB_project_presentation_generator/public/index.php
[2025-06-10 14:47:21] App::__construct - Selected controller: PresentationController
[2025-06-10 14:47:21] App::__construct - Selected method: review
[2025-06-10 14:47:21] App::__construct - Parameters: Array
(
    [0] => 117
)

[2025-06-10 14:47:21] App::__construct - Calling controller method with parameters
[2025-06-10 14:48:21] App::parseUrl - Parsed URL from REQUEST_URI: Array
(
    [0] => presentation
    [1] => viewPresentation
    [2] => 117
)

[2025-06-10 14:48:21] App::parseUrl - Final URL segments: Array
(
    [0] => presentation
    [1] => viewPresentation
    [2] => 117
)

[2025-06-10 14:48:21] App::__construct - REQUEST_URI: /WEB_project_presentation_generator/public/presentation/viewPresentation/117
[2025-06-10 14:48:21] App::__construct - REQUEST_METHOD: GET
[2025-06-10 14:48:21] App::__construct - SCRIPT_NAME: /WEB_project_presentation_generator/public/index.php
[2025-06-10 14:48:21] App::__construct - PHP_SELF: /WEB_project_presentation_generator/public/index.php
[2025-06-10 14:48:21] App::__construct - Selected controller: PresentationController
[2025-06-10 14:48:21] App::__construct - Selected method: viewPresentation
[2025-06-10 14:48:21] App::__construct - Parameters: Array
(
    [0] => 117
)

[2025-06-10 14:48:21] App::__construct - Calling controller method with parameters
[2025-06-10 14:48:23] App::parseUrl - Parsed URL from REQUEST_URI: Array
(
    [0] => dashboard
)

[2025-06-10 14:48:23] App::parseUrl - Final URL segments: Array
(
    [0] => dashboard
)

[2025-06-10 14:48:23] App::__construct - REQUEST_URI: /WEB_project_presentation_generator/public/dashboard
[2025-06-10 14:48:23] App::__construct - REQUEST_METHOD: GET
[2025-06-10 14:48:23] App::__construct - SCRIPT_NAME: /WEB_project_presentation_generator/public/index.php
[2025-06-10 14:48:23] App::__construct - PHP_SELF: /WEB_project_presentation_generator/public/index.php
[2025-06-10 14:48:23] App::__construct - Selected controller: DashboardController
[2025-06-10 14:48:23] App::__construct - Parameters: Array
(
)

[2025-06-10 14:48:23] App::__construct - Calling controller method with parameters
[2025-06-10 14:48:25] App::parseUrl - Parsed URL from REQUEST_URI: Array
(
    [0] => auth
    [1] => logout
)

[2025-06-10 14:48:25] App::parseUrl - Final URL segments: Array
(
    [0] => auth
    [1] => logout
)

[2025-06-10 14:48:25] App::__construct - REQUEST_URI: /WEB_project_presentation_generator/public/auth/logout
[2025-06-10 14:48:25] App::__construct - REQUEST_METHOD: GET
[2025-06-10 14:48:25] App::__construct - SCRIPT_NAME: /WEB_project_presentation_generator/public/index.php
[2025-06-10 14:48:25] App::__construct - PHP_SELF: /WEB_project_presentation_generator/public/index.php
[2025-06-10 14:48:25] App::__construct - Selected controller: AuthController
[2025-06-10 14:48:25] App::__construct - Selected method: logout
[2025-06-10 14:48:25] App::__construct - Parameters: Array
(
)

[2025-06-10 14:48:25] App::__construct - Calling controller method with parameters
[2025-06-10 14:48:25] App::parseUrl - Parsed URL from REQUEST_URI: Array
(
    [0] => auth
    [1] => login
)

[2025-06-10 14:48:25] App::parseUrl - Final URL segments: Array
(
    [0] => auth
    [1] => login
)

[2025-06-10 14:48:25] App::__construct - REQUEST_URI: /WEB_project_presentation_generator/public/auth/login
[2025-06-10 14:48:25] App::__construct - REQUEST_METHOD: GET
[2025-06-10 14:48:25] App::__construct - SCRIPT_NAME: /WEB_project_presentation_generator/public/index.php
[2025-06-10 14:48:25] App::__construct - PHP_SELF: /WEB_project_presentation_generator/public/index.php
[2025-06-10 14:48:25] App::__construct - Selected controller: AuthController
[2025-06-10 14:48:25] App::__construct - Selected method: login
[2025-06-10 14:48:25] App::__construct - Parameters: Array
(
)

[2025-06-10 14:48:25] App::__construct - Calling controller method with parameters
[2025-06-10 14:48:31] App::parseUrl - Parsed URL from REQUEST_URI: Array
(
    [0] => auth
    [1] => login
)

[2025-06-10 14:48:31] App::parseUrl - Final URL segments: Array
(
    [0] => auth
    [1] => login
)

[2025-06-10 14:48:31] App::__construct - REQUEST_URI: /WEB_project_presentation_generator/public/auth/login
[2025-06-10 14:48:31] App::__construct - REQUEST_METHOD: POST
[2025-06-10 14:48:31] App::__construct - SCRIPT_NAME: /WEB_project_presentation_generator/public/index.php
[2025-06-10 14:48:31] App::__construct - PHP_SELF: /WEB_project_presentation_generator/public/index.php
[2025-06-10 14:48:31] App::__construct - Selected controller: AuthController
[2025-06-10 14:48:31] App::__construct - Selected method: login
[2025-06-10 14:48:31] App::__construct - Parameters: Array
(
)

[2025-06-10 14:48:31] App::__construct - Calling controller method with parameters
[2025-06-10 14:48:32] App::parseUrl - Parsed URL from REQUEST_URI: Array
(
    [0] => home
    [1] => index
)

[2025-06-10 14:48:32] App::parseUrl - Final URL segments: Array
(
    [0] => home
    [1] => index
)

[2025-06-10 14:48:32] App::__construct - REQUEST_URI: /WEB_project_presentation_generator/public/home/index
[2025-06-10 14:48:32] App::__construct - REQUEST_METHOD: GET
[2025-06-10 14:48:32] App::__construct - SCRIPT_NAME: /WEB_project_presentation_generator/public/index.php
[2025-06-10 14:48:32] App::__construct - PHP_SELF: /WEB_project_presentation_generator/public/index.php
[2025-06-10 14:48:32] App::__construct - Selected controller: HomeController
[2025-06-10 14:48:32] App::__construct - Selected method: index
[2025-06-10 14:48:32] App::__construct - Parameters: Array
(
)

[2025-06-10 14:48:32] App::__construct - Calling controller method with parameters
[2025-06-10 14:48:32] App::parseUrl - Parsed URL from REQUEST_URI: Array
(
    [0] => dashboard
)

[2025-06-10 14:48:32] App::parseUrl - Final URL segments: Array
(
    [0] => dashboard
)

[2025-06-10 14:48:32] App::__construct - REQUEST_URI: /WEB_project_presentation_generator/public/dashboard
[2025-06-10 14:48:32] App::__construct - REQUEST_METHOD: GET
[2025-06-10 14:48:32] App::__construct - SCRIPT_NAME: /WEB_project_presentation_generator/public/index.php
[2025-06-10 14:48:32] App::__construct - PHP_SELF: /WEB_project_presentation_generator/public/index.php
[2025-06-10 14:48:32] App::__construct - Selected controller: DashboardController
[2025-06-10 14:48:32] App::__construct - Parameters: Array
(
)

[2025-06-10 14:48:32] App::__construct - Calling controller method with parameters
[2025-06-10 14:48:42] App::parseUrl - Parsed URL from REQUEST_URI: Array
(
    [0] => dashboard
    [1] => viewWorkspace
    [2] => 20
)

[2025-06-10 14:48:42] App::parseUrl - Final URL segments: Array
(
    [0] => dashboard
    [1] => viewWorkspace
    [2] => 20
)

[2025-06-10 14:48:42] App::__construct - REQUEST_URI: /WEB_project_presentation_generator/public/dashboard/viewWorkspace/20
[2025-06-10 14:48:42] App::__construct - REQUEST_METHOD: GET
[2025-06-10 14:48:42] App::__construct - SCRIPT_NAME: /WEB_project_presentation_generator/public/index.php
[2025-06-10 14:48:42] App::__construct - PHP_SELF: /WEB_project_presentation_generator/public/index.php
[2025-06-10 14:48:42] App::__construct - Selected controller: DashboardController
[2025-06-10 14:48:42] App::__construct - Selected method: viewWorkspace
[2025-06-10 14:48:42] App::__construct - Parameters: Array
(
    [0] => 20
)

[2025-06-10 14:48:42] App::__construct - Calling controller method with parameters
[2025-06-10 14:48:44] App::parseUrl - Parsed URL from REQUEST_URI: Array
(
    [0] => presentation
    [1] => viewPresentation
    [2] => 24
)

[2025-06-10 14:48:44] App::parseUrl - Final URL segments: Array
(
    [0] => presentation
    [1] => viewPresentation
    [2] => 24
)

[2025-06-10 14:48:44] App::__construct - REQUEST_URI: /WEB_project_presentation_generator/public/presentation/viewPresentation/24
[2025-06-10 14:48:44] App::__construct - REQUEST_METHOD: GET
[2025-06-10 14:48:44] App::__construct - SCRIPT_NAME: /WEB_project_presentation_generator/public/index.php
[2025-06-10 14:48:44] App::__construct - PHP_SELF: /WEB_project_presentation_generator/public/index.php
[2025-06-10 14:48:44] App::__construct - Selected controller: PresentationController
[2025-06-10 14:48:44] App::__construct - Selected method: viewPresentation
[2025-06-10 14:48:44] App::__construct - Parameters: Array
(
    [0] => 24
)

[2025-06-10 14:48:44] App::__construct - Calling controller method with parameters
[2025-06-10 14:48:46] App::parseUrl - Parsed URL from REQUEST_URI: Array
(
    [0] => presentation
    [1] => review
    [2] => 24
)

[2025-06-10 14:48:46] App::parseUrl - Final URL segments: Array
(
    [0] => presentation
    [1] => review
    [2] => 24
)

[2025-06-10 14:48:46] App::__construct - REQUEST_URI: /WEB_project_presentation_generator/public/presentation/review/24
[2025-06-10 14:48:46] App::__construct - REQUEST_METHOD: GET
[2025-06-10 14:48:46] App::__construct - SCRIPT_NAME: /WEB_project_presentation_generator/public/index.php
[2025-06-10 14:48:46] App::__construct - PHP_SELF: /WEB_project_presentation_generator/public/index.php
[2025-06-10 14:48:46] App::__construct - Selected controller: PresentationController
[2025-06-10 14:48:46] App::__construct - Selected method: review
[2025-06-10 14:48:46] App::__construct - Parameters: Array
(
    [0] => 24
)

[2025-06-10 14:48:46] App::__construct - Calling controller method with parameters
[2025-06-10 14:48:54] App::parseUrl - Parsed URL from REQUEST_URI: Array
(
    [0] => presentation
    [1] => viewPresentation
    [2] => 24
)

[2025-06-10 14:48:54] App::parseUrl - Final URL segments: Array
(
    [0] => presentation
    [1] => viewPresentation
    [2] => 24
)

[2025-06-10 14:48:54] App::__construct - REQUEST_URI: /WEB_project_presentation_generator/public/presentation/viewPresentation/24
[2025-06-10 14:48:54] App::__construct - REQUEST_METHOD: GET
[2025-06-10 14:48:54] App::__construct - SCRIPT_NAME: /WEB_project_presentation_generator/public/index.php
[2025-06-10 14:48:54] App::__construct - PHP_SELF: /WEB_project_presentation_generator/public/index.php
[2025-06-10 14:48:54] App::__construct - Selected controller: PresentationController
[2025-06-10 14:48:54] App::__construct - Selected method: viewPresentation
[2025-06-10 14:48:54] App::__construct - Parameters: Array
(
    [0] => 24
)

[2025-06-10 14:48:54] App::__construct - Calling controller method with parameters
[2025-06-10 14:49:32] App::parseUrl - Parsed URL from REQUEST_URI: Array
(
    [0] => presentation
    [1] => edit
    [2] => 24
)

[2025-06-10 14:49:32] App::parseUrl - Final URL segments: Array
(
    [0] => presentation
    [1] => edit
    [2] => 24
)

[2025-06-10 14:49:32] App::__construct - REQUEST_URI: /WEB_project_presentation_generator/public/presentation/edit/24
[2025-06-10 14:49:32] App::__construct - REQUEST_METHOD: GET
[2025-06-10 14:49:32] App::__construct - SCRIPT_NAME: /WEB_project_presentation_generator/public/index.php
[2025-06-10 14:49:32] App::__construct - PHP_SELF: /WEB_project_presentation_generator/public/index.php
[2025-06-10 14:49:32] App::__construct - Selected controller: PresentationController
[2025-06-10 14:49:32] App::__construct - Selected method: edit
[2025-06-10 14:49:32] App::__construct - Parameters: Array
(
    [0] => 24
)

[2025-06-10 14:49:32] App::__construct - Calling controller method with parameters
[2025-06-10 14:49:36] App::parseUrl - Parsed URL from REQUEST_URI: Array
(
    [0] => presentation
    [1] => edit
    [2] => 24
)

[2025-06-10 14:49:36] App::parseUrl - Final URL segments: Array
(
    [0] => presentation
    [1] => edit
    [2] => 24
)

[2025-06-10 14:49:36] App::__construct - REQUEST_URI: /WEB_project_presentation_generator/public/presentation/edit/24
[2025-06-10 14:49:36] App::__construct - REQUEST_METHOD: POST
[2025-06-10 14:49:36] App::__construct - SCRIPT_NAME: /WEB_project_presentation_generator/public/index.php
[2025-06-10 14:49:36] App::__construct - PHP_SELF: /WEB_project_presentation_generator/public/index.php
[2025-06-10 14:49:36] App::__construct - Selected controller: PresentationController
[2025-06-10 14:49:36] App::__construct - Selected method: edit
[2025-06-10 14:49:36] App::__construct - Parameters: Array
(
    [0] => 24
)

[2025-06-10 14:49:36] App::__construct - Calling controller method with parameters
[2025-06-10 14:49:36] App::parseUrl - Parsed URL from REQUEST_URI: Array
(
    [0] => presentation
    [1] => viewPresentation
    [2] => 24
)

[2025-06-10 14:49:36] App::parseUrl - Final URL segments: Array
(
    [0] => presentation
    [1] => viewPresentation
    [2] => 24
)

[2025-06-10 14:49:36] App::__construct - REQUEST_URI: /WEB_project_presentation_generator/public/presentation/viewPresentation/24
[2025-06-10 14:49:36] App::__construct - REQUEST_METHOD: GET
[2025-06-10 14:49:36] App::__construct - SCRIPT_NAME: /WEB_project_presentation_generator/public/index.php
[2025-06-10 14:49:36] App::__construct - PHP_SELF: /WEB_project_presentation_generator/public/index.php
[2025-06-10 14:49:36] App::__construct - Selected controller: PresentationController
[2025-06-10 14:49:36] App::__construct - Selected method: viewPresentation
[2025-06-10 14:49:36] App::__construct - Parameters: Array
(
    [0] => 24
)

[2025-06-10 14:49:36] App::__construct - Calling controller method with parameters
[2025-06-10 14:49:44] App::parseUrl - Parsed URL from REQUEST_URI: Array
(
    [0] => presentation
    [1] => edit
    [2] => 24
)

[2025-06-10 14:49:44] App::parseUrl - Final URL segments: Array
(
    [0] => presentation
    [1] => edit
    [2] => 24
)

[2025-06-10 14:49:44] App::__construct - REQUEST_URI: /WEB_project_presentation_generator/public/presentation/edit/24
[2025-06-10 14:49:44] App::__construct - REQUEST_METHOD: GET
[2025-06-10 14:49:44] App::__construct - SCRIPT_NAME: /WEB_project_presentation_generator/public/index.php
[2025-06-10 14:49:44] App::__construct - PHP_SELF: /WEB_project_presentation_generator/public/index.php
[2025-06-10 14:49:44] App::__construct - Selected controller: PresentationController
[2025-06-10 14:49:44] App::__construct - Selected method: edit
[2025-06-10 14:49:44] App::__construct - Parameters: Array
(
    [0] => 24
)

[2025-06-10 14:49:44] App::__construct - Calling controller method with parameters
[2025-06-10 14:49:48] App::parseUrl - Parsed URL from REQUEST_URI: Array
(
    [0] => presentation
    [1] => edit
    [2] => 24
)

[2025-06-10 14:49:48] App::parseUrl - Final URL segments: Array
(
    [0] => presentation
    [1] => edit
    [2] => 24
)

[2025-06-10 14:49:48] App::__construct - REQUEST_URI: /WEB_project_presentation_generator/public/presentation/edit/24
[2025-06-10 14:49:48] App::__construct - REQUEST_METHOD: POST
[2025-06-10 14:49:48] App::__construct - SCRIPT_NAME: /WEB_project_presentation_generator/public/index.php
[2025-06-10 14:49:48] App::__construct - PHP_SELF: /WEB_project_presentation_generator/public/index.php
[2025-06-10 14:49:48] App::__construct - Selected controller: PresentationController
[2025-06-10 14:49:48] App::__construct - Selected method: edit
[2025-06-10 14:49:48] App::__construct - Parameters: Array
(
    [0] => 24
)

[2025-06-10 14:49:48] App::__construct - Calling controller method with parameters
[2025-06-10 14:49:48] App::parseUrl - Parsed URL from REQUEST_URI: Array
(
    [0] => presentation
    [1] => viewPresentation
    [2] => 24
)

[2025-06-10 14:49:48] App::parseUrl - Final URL segments: Array
(
    [0] => presentation
    [1] => viewPresentation
    [2] => 24
)

[2025-06-10 14:49:48] App::__construct - REQUEST_URI: /WEB_project_presentation_generator/public/presentation/viewPresentation/24
[2025-06-10 14:49:48] App::__construct - REQUEST_METHOD: GET
[2025-06-10 14:49:48] App::__construct - SCRIPT_NAME: /WEB_project_presentation_generator/public/index.php
[2025-06-10 14:49:48] App::__construct - PHP_SELF: /WEB_project_presentation_generator/public/index.php
[2025-06-10 14:49:48] App::__construct - Selected controller: PresentationController
[2025-06-10 14:49:48] App::__construct - Selected method: viewPresentation
[2025-06-10 14:49:48] App::__construct - Parameters: Array
(
    [0] => 24
)

[2025-06-10 14:49:48] App::__construct - Calling controller method with parameters
[2025-06-10 15:08:37] App::parseUrl - Parsed URL from REQUEST_URI: Array
(
    [0] => slides
    [1] => updateOrder
)

[2025-06-10 15:08:37] App::parseUrl - Final URL segments: Array
(
    [0] => slides
    [1] => updateOrder
)

[2025-06-10 15:08:37] App::__construct - REQUEST_URI: /WEB_project_presentation_generator/public/slides/updateOrder
[2025-06-10 15:08:37] App::__construct - REQUEST_METHOD: POST
[2025-06-10 15:08:37] App::__construct - SCRIPT_NAME: /WEB_project_presentation_generator/public/index.php
[2025-06-10 15:08:37] App::__construct - PHP_SELF: /WEB_project_presentation_generator/public/index.php
[2025-06-10 15:08:37] App::__construct - Selected controller: SlideController
[2025-06-10 15:08:37] App::__construct - Selected method: updateOrder
[2025-06-10 15:08:37] App::__construct - Parameters: Array
(
)

[2025-06-10 15:08:37] App::__construct - Calling controller method with parameters
[2025-06-11 11:12:30] App::parseUrl - Parsed URL from REQUEST_URI: Array
(
    [0] => auth
    [1] => login
)

[2025-06-11 11:12:30] App::parseUrl - Final URL segments: Array
(
    [0] => auth
    [1] => login
)

[2025-06-11 11:12:30] App::__construct - REQUEST_URI: /WEB_project_presentation_generator/public/auth/login
[2025-06-11 11:12:30] App::__construct - REQUEST_METHOD: GET
[2025-06-11 11:12:30] App::__construct - SCRIPT_NAME: /WEB_project_presentation_generator/public/index.php
[2025-06-11 11:12:30] App::__construct - PHP_SELF: /WEB_project_presentation_generator/public/index.php
[2025-06-11 11:12:30] App::__construct - Selected controller: AuthController
[2025-06-11 11:12:30] App::__construct - Selected method: login
[2025-06-11 11:12:30] App::__construct - Parameters: Array
(
)

[2025-06-11 11:12:30] App::__construct - Calling controller method with parameters
[2025-06-11 11:12:55] App::parseUrl - Parsed URL from REQUEST_URI: Array
(
    [0] => auth
    [1] => login
)

[2025-06-11 11:12:55] App::parseUrl - Final URL segments: Array
(
    [0] => auth
    [1] => login
)

[2025-06-11 11:12:55] App::__construct - REQUEST_URI: /WEB_project_presentation_generator/public/auth/login
[2025-06-11 11:12:55] App::__construct - REQUEST_METHOD: POST
[2025-06-11 11:12:55] App::__construct - SCRIPT_NAME: /WEB_project_presentation_generator/public/index.php
[2025-06-11 11:12:55] App::__construct - PHP_SELF: /WEB_project_presentation_generator/public/index.php
[2025-06-11 11:12:55] App::__construct - Selected controller: AuthController
[2025-06-11 11:12:55] App::__construct - Selected method: login
[2025-06-11 11:12:55] App::__construct - Parameters: Array
(
)

[2025-06-11 11:12:55] App::__construct - Calling controller method with parameters
[2025-06-11 11:13:09] App::parseUrl - Parsed URL from REQUEST_URI: Array
(
    [0] => auth
    [1] => login
)

[2025-06-11 11:13:09] App::parseUrl - Final URL segments: Array
(
    [0] => auth
    [1] => login
)

[2025-06-11 11:13:09] App::__construct - REQUEST_URI: /WEB_project_presentation_generator/public/auth/login
[2025-06-11 11:13:09] App::__construct - REQUEST_METHOD: POST
[2025-06-11 11:13:09] App::__construct - SCRIPT_NAME: /WEB_project_presentation_generator/public/index.php
[2025-06-11 11:13:09] App::__construct - PHP_SELF: /WEB_project_presentation_generator/public/index.php
[2025-06-11 11:13:09] App::__construct - Selected controller: AuthController
[2025-06-11 11:13:09] App::__construct - Selected method: login
[2025-06-11 11:13:09] App::__construct - Parameters: Array
(
)

[2025-06-11 11:13:09] App::__construct - Calling controller method with parameters
[2025-06-11 11:13:10] App::parseUrl - Parsed URL from REQUEST_URI: Array
(
    [0] => home
    [1] => index
)

[2025-06-11 11:13:10] App::parseUrl - Final URL segments: Array
(
    [0] => home
    [1] => index
)

[2025-06-11 11:13:10] App::__construct - REQUEST_URI: /WEB_project_presentation_generator/public/home/index
[2025-06-11 11:13:10] App::__construct - REQUEST_METHOD: GET
[2025-06-11 11:13:10] App::__construct - SCRIPT_NAME: /WEB_project_presentation_generator/public/index.php
[2025-06-11 11:13:10] App::__construct - PHP_SELF: /WEB_project_presentation_generator/public/index.php
[2025-06-11 11:13:10] App::__construct - Selected controller: HomeController
[2025-06-11 11:13:10] App::__construct - Selected method: index
[2025-06-11 11:13:10] App::__construct - Parameters: Array
(
)

[2025-06-11 11:13:10] App::__construct - Calling controller method with parameters
[2025-06-11 11:13:10] App::parseUrl - Parsed URL from REQUEST_URI: Array
(
    [0] => dashboard
)

[2025-06-11 11:13:10] App::parseUrl - Final URL segments: Array
(
    [0] => dashboard
)

[2025-06-11 11:13:10] App::__construct - REQUEST_URI: /WEB_project_presentation_generator/public/dashboard
[2025-06-11 11:13:10] App::__construct - REQUEST_METHOD: GET
[2025-06-11 11:13:10] App::__construct - SCRIPT_NAME: /WEB_project_presentation_generator/public/index.php
[2025-06-11 11:13:10] App::__construct - PHP_SELF: /WEB_project_presentation_generator/public/index.php
[2025-06-11 11:13:10] App::__construct - Selected controller: DashboardController
[2025-06-11 11:13:10] App::__construct - Parameters: Array
(
)

[2025-06-11 11:13:10] App::__construct - Calling controller method with parameters
[2025-06-11 11:13:35] App::parseUrl - Parsed URL from REQUEST_URI: Array
(
    [0] => dashboard
    [1] => viewWorkspace
    [2] => 29
)

[2025-06-11 11:13:35] App::parseUrl - Final URL segments: Array
(
    [0] => dashboard
    [1] => viewWorkspace
    [2] => 29
)

[2025-06-11 11:13:35] App::__construct - REQUEST_URI: /WEB_project_presentation_generator/public/dashboard/viewWorkspace/29
[2025-06-11 11:13:35] App::__construct - REQUEST_METHOD: GET
[2025-06-11 11:13:35] App::__construct - SCRIPT_NAME: /WEB_project_presentation_generator/public/index.php
[2025-06-11 11:13:35] App::__construct - PHP_SELF: /WEB_project_presentation_generator/public/index.php
[2025-06-11 11:13:35] App::__construct - Selected controller: DashboardController
[2025-06-11 11:13:35] App::__construct - Selected method: viewWorkspace
[2025-06-11 11:13:35] App::__construct - Parameters: Array
(
    [0] => 29
)

[2025-06-11 11:13:35] App::__construct - Calling controller method with parameters
[2025-06-11 11:13:38] App::parseUrl - Parsed URL from REQUEST_URI: Array
(
    [0] => dashboard
)

[2025-06-11 11:13:38] App::parseUrl - Final URL segments: Array
(
    [0] => dashboard
)

[2025-06-11 11:13:38] App::__construct - REQUEST_URI: /WEB_project_presentation_generator/public/dashboard
[2025-06-11 11:13:38] App::__construct - REQUEST_METHOD: GET
[2025-06-11 11:13:38] App::__construct - SCRIPT_NAME: /WEB_project_presentation_generator/public/index.php
[2025-06-11 11:13:38] App::__construct - PHP_SELF: /WEB_project_presentation_generator/public/index.php
[2025-06-11 11:13:38] App::__construct - Selected controller: DashboardController
[2025-06-11 11:13:38] App::__construct - Parameters: Array
(
)

[2025-06-11 11:13:38] App::__construct - Calling controller method with parameters
[2025-06-11 11:13:40] App::parseUrl - Parsed URL from REQUEST_URI: Array
(
    [0] => dashboard
    [1] => viewWorkspace
    [2] => 29
)

[2025-06-11 11:13:40] App::parseUrl - Final URL segments: Array
(
    [0] => dashboard
    [1] => viewWorkspace
    [2] => 29
)

[2025-06-11 11:13:40] App::__construct - REQUEST_URI: /WEB_project_presentation_generator/public/dashboard/viewWorkspace/29
[2025-06-11 11:13:40] App::__construct - REQUEST_METHOD: GET
[2025-06-11 11:13:40] App::__construct - SCRIPT_NAME: /WEB_project_presentation_generator/public/index.php
[2025-06-11 11:13:40] App::__construct - PHP_SELF: /WEB_project_presentation_generator/public/index.php
[2025-06-11 11:13:40] App::__construct - Selected controller: DashboardController
[2025-06-11 11:13:40] App::__construct - Selected method: viewWorkspace
[2025-06-11 11:13:40] App::__construct - Parameters: Array
(
    [0] => 29
)

[2025-06-11 11:13:40] App::__construct - Calling controller method with parameters
[2025-06-11 11:13:42] App::parseUrl - Parsed URL from REQUEST_URI: Array
(
    [0] => dashboard
)

[2025-06-11 11:13:42] App::parseUrl - Final URL segments: Array
(
    [0] => dashboard
)

[2025-06-11 11:13:42] App::__construct - REQUEST_URI: /WEB_project_presentation_generator/public/dashboard
[2025-06-11 11:13:42] App::__construct - REQUEST_METHOD: GET
[2025-06-11 11:13:42] App::__construct - SCRIPT_NAME: /WEB_project_presentation_generator/public/index.php
[2025-06-11 11:13:42] App::__construct - PHP_SELF: /WEB_project_presentation_generator/public/index.php
[2025-06-11 11:13:42] App::__construct - Selected controller: DashboardController
[2025-06-11 11:13:42] App::__construct - Parameters: Array
(
)

[2025-06-11 11:13:42] App::__construct - Calling controller method with parameters
[2025-06-11 11:15:04] App::parseUrl - Parsed URL from REQUEST_URI: Array
(
    [0] => dashboard
    [1] => viewWorkspace
    [2] => 14
)

[2025-06-11 11:15:04] App::parseUrl - Final URL segments: Array
(
    [0] => dashboard
    [1] => viewWorkspace
    [2] => 14
)

[2025-06-11 11:15:04] App::__construct - REQUEST_URI: /WEB_project_presentation_generator/public/dashboard/viewWorkspace/14
[2025-06-11 11:15:04] App::__construct - REQUEST_METHOD: GET
[2025-06-11 11:15:04] App::__construct - SCRIPT_NAME: /WEB_project_presentation_generator/public/index.php
[2025-06-11 11:15:04] App::__construct - PHP_SELF: /WEB_project_presentation_generator/public/index.php
[2025-06-11 11:15:04] App::__construct - Selected controller: DashboardController
[2025-06-11 11:15:04] App::__construct - Selected method: viewWorkspace
[2025-06-11 11:15:04] App::__construct - Parameters: Array
(
    [0] => 14
)

[2025-06-11 11:15:04] App::__construct - Calling controller method with parameters
[2025-06-11 11:15:08] App::parseUrl - Parsed URL from REQUEST_URI: Array
(
    [0] => presentation
    [1] => viewPresentation
    [2] => 13
)

[2025-06-11 11:15:08] App::parseUrl - Final URL segments: Array
(
    [0] => presentation
    [1] => viewPresentation
    [2] => 13
)

[2025-06-11 11:15:08] App::__construct - REQUEST_URI: /WEB_project_presentation_generator/public/presentation/viewPresentation/13
[2025-06-11 11:15:08] App::__construct - REQUEST_METHOD: GET
[2025-06-11 11:15:08] App::__construct - SCRIPT_NAME: /WEB_project_presentation_generator/public/index.php
[2025-06-11 11:15:08] App::__construct - PHP_SELF: /WEB_project_presentation_generator/public/index.php
[2025-06-11 11:15:08] App::__construct - Selected controller: PresentationController
[2025-06-11 11:15:08] App::__construct - Selected method: viewPresentation
[2025-06-11 11:15:08] App::__construct - Parameters: Array
(
    [0] => 13
)

[2025-06-11 11:15:08] App::__construct - Calling controller method with parameters
[2025-06-11 11:17:32] App::parseUrl - Parsed URL from REQUEST_URI: Array
(
    [0] => presentation
    [1] => viewPresentation
    [2] => 13
)

[2025-06-11 11:17:32] App::parseUrl - Final URL segments: Array
(
    [0] => presentation
    [1] => viewPresentation
    [2] => 13
)

[2025-06-11 11:17:32] App::__construct - REQUEST_URI: /WEB_project_presentation_generator/public/presentation/viewPresentation/13
[2025-06-11 11:17:32] App::__construct - REQUEST_METHOD: GET
[2025-06-11 11:17:32] App::__construct - SCRIPT_NAME: /WEB_project_presentation_generator/public/index.php
[2025-06-11 11:17:32] App::__construct - PHP_SELF: /WEB_project_presentation_generator/public/index.php
[2025-06-11 11:17:32] App::__construct - Selected controller: PresentationController
[2025-06-11 11:17:32] App::__construct - Selected method: viewPresentation
[2025-06-11 11:17:32] App::__construct - Parameters: Array
(
    [0] => 13
)

[2025-06-11 11:17:32] App::__construct - Calling controller method with parameters
[2025-06-11 11:17:35] App::parseUrl - Parsed URL from REQUEST_URI: Array
(
    [0] => dashboard
)

[2025-06-11 11:17:35] App::parseUrl - Final URL segments: Array
(
    [0] => dashboard
)

[2025-06-11 11:17:35] App::__construct - REQUEST_URI: /WEB_project_presentation_generator/public/dashboard
[2025-06-11 11:17:35] App::__construct - REQUEST_METHOD: GET
[2025-06-11 11:17:35] App::__construct - SCRIPT_NAME: /WEB_project_presentation_generator/public/index.php
[2025-06-11 11:17:35] App::__construct - PHP_SELF: /WEB_project_presentation_generator/public/index.php
[2025-06-11 11:17:35] App::__construct - Selected controller: DashboardController
[2025-06-11 11:17:35] App::__construct - Parameters: Array
(
)

[2025-06-11 11:17:35] App::__construct - Calling controller method with parameters
[2025-06-11 11:17:36] App::parseUrl - Parsed URL from REQUEST_URI: Array
(
    [0] => dashboard
    [1] => viewWorkspace
    [2] => 29
)

[2025-06-11 11:17:36] App::parseUrl - Final URL segments: Array
(
    [0] => dashboard
    [1] => viewWorkspace
    [2] => 29
)

[2025-06-11 11:17:36] App::__construct - REQUEST_URI: /WEB_project_presentation_generator/public/dashboard/viewWorkspace/29
[2025-06-11 11:17:36] App::__construct - REQUEST_METHOD: GET
[2025-06-11 11:17:36] App::__construct - SCRIPT_NAME: /WEB_project_presentation_generator/public/index.php
[2025-06-11 11:17:36] App::__construct - PHP_SELF: /WEB_project_presentation_generator/public/index.php
[2025-06-11 11:17:36] App::__construct - Selected controller: DashboardController
[2025-06-11 11:17:36] App::__construct - Selected method: viewWorkspace
[2025-06-11 11:17:36] App::__construct - Parameters: Array
(
    [0] => 29
)

[2025-06-11 11:17:36] App::__construct - Calling controller method with parameters
[2025-06-11 11:17:38] App::parseUrl - Parsed URL from REQUEST_URI: Array
(
    [0] => presentation
    [1] => viewPresentation
    [2] => 120
)

[2025-06-11 11:17:38] App::parseUrl - Final URL segments: Array
(
    [0] => presentation
    [1] => viewPresentation
    [2] => 120
)

[2025-06-11 11:17:38] App::__construct - REQUEST_URI: /WEB_project_presentation_generator/public/presentation/viewPresentation/120
[2025-06-11 11:17:38] App::__construct - REQUEST_METHOD: GET
[2025-06-11 11:17:38] App::__construct - SCRIPT_NAME: /WEB_project_presentation_generator/public/index.php
[2025-06-11 11:17:38] App::__construct - PHP_SELF: /WEB_project_presentation_generator/public/index.php
[2025-06-11 11:17:38] App::__construct - Selected controller: PresentationController
[2025-06-11 11:17:38] App::__construct - Selected method: viewPresentation
[2025-06-11 11:17:38] App::__construct - Parameters: Array
(
    [0] => 120
)

[2025-06-11 11:17:38] App::__construct - Calling controller method with parameters
[2025-06-11 11:17:41] App::parseUrl - Parsed URL from REQUEST_URI: Array
(
    [0] => dashboard
)

[2025-06-11 11:17:41] App::parseUrl - Final URL segments: Array
(
    [0] => dashboard
)

[2025-06-11 11:17:41] App::__construct - REQUEST_URI: /WEB_project_presentation_generator/public/dashboard
[2025-06-11 11:17:41] App::__construct - REQUEST_METHOD: GET
[2025-06-11 11:17:41] App::__construct - SCRIPT_NAME: /WEB_project_presentation_generator/public/index.php
[2025-06-11 11:17:41] App::__construct - PHP_SELF: /WEB_project_presentation_generator/public/index.php
[2025-06-11 11:17:41] App::__construct - Selected controller: DashboardController
[2025-06-11 11:17:41] App::__construct - Parameters: Array
(
)

[2025-06-11 11:17:41] App::__construct - Calling controller method with parameters
[2025-06-11 11:17:44] App::parseUrl - Parsed URL from REQUEST_URI: Array
(
    [0] => dashboard
    [1] => viewWorkspace
    [2] => 14
)

[2025-06-11 11:17:44] App::parseUrl - Final URL segments: Array
(
    [0] => dashboard
    [1] => viewWorkspace
    [2] => 14
)

[2025-06-11 11:17:44] App::__construct - REQUEST_URI: /WEB_project_presentation_generator/public/dashboard/viewWorkspace/14
[2025-06-11 11:17:44] App::__construct - REQUEST_METHOD: GET
[2025-06-11 11:17:44] App::__construct - SCRIPT_NAME: /WEB_project_presentation_generator/public/index.php
[2025-06-11 11:17:44] App::__construct - PHP_SELF: /WEB_project_presentation_generator/public/index.php
[2025-06-11 11:17:44] App::__construct - Selected controller: DashboardController
[2025-06-11 11:17:44] App::__construct - Selected method: viewWorkspace
[2025-06-11 11:17:44] App::__construct - Parameters: Array
(
    [0] => 14
)

[2025-06-11 11:17:44] App::__construct - Calling controller method with parameters
[2025-06-11 11:17:45] App::parseUrl - Parsed URL from REQUEST_URI: Array
(
    [0] => presentation
    [1] => viewPresentation
    [2] => 13
)

[2025-06-11 11:17:45] App::parseUrl - Final URL segments: Array
(
    [0] => presentation
    [1] => viewPresentation
    [2] => 13
)

[2025-06-11 11:17:45] App::__construct - REQUEST_URI: /WEB_project_presentation_generator/public/presentation/viewPresentation/13
[2025-06-11 11:17:45] App::__construct - REQUEST_METHOD: GET
[2025-06-11 11:17:45] App::__construct - SCRIPT_NAME: /WEB_project_presentation_generator/public/index.php
[2025-06-11 11:17:45] App::__construct - PHP_SELF: /WEB_project_presentation_generator/public/index.php
[2025-06-11 11:17:45] App::__construct - Selected controller: PresentationController
[2025-06-11 11:17:45] App::__construct - Selected method: viewPresentation
[2025-06-11 11:17:45] App::__construct - Parameters: Array
(
    [0] => 13
)

[2025-06-11 11:17:45] App::__construct - Calling controller method with parameters
[2025-06-11 11:24:37] App::parseUrl - Parsed URL from REQUEST_URI: Array
(
    [0] => presentation
    [1] => viewPresentation
    [2] => 13
)

[2025-06-11 11:24:37] App::parseUrl - Final URL segments: Array
(
    [0] => presentation
    [1] => viewPresentation
    [2] => 13
)

[2025-06-11 11:24:37] App::__construct - REQUEST_URI: /WEB_project_presentation_generator/public/presentation/viewPresentation/13
[2025-06-11 11:24:37] App::__construct - REQUEST_METHOD: GET
[2025-06-11 11:24:37] App::__construct - SCRIPT_NAME: /WEB_project_presentation_generator/public/index.php
[2025-06-11 11:24:37] App::__construct - PHP_SELF: /WEB_project_presentation_generator/public/index.php
[2025-06-11 11:24:37] App::__construct - Selected controller: PresentationController
[2025-06-11 11:24:37] App::__construct - Selected method: viewPresentation
[2025-06-11 11:24:37] App::__construct - Parameters: Array
(
    [0] => 13
)

[2025-06-11 11:24:37] App::__construct - Calling controller method with parameters
[2025-06-11 11:24:41] App::parseUrl - Parsed URL from REQUEST_URI: Array
(
    [0] => dashboard
)

[2025-06-11 11:24:41] App::parseUrl - Final URL segments: Array
(
    [0] => dashboard
)

[2025-06-11 11:24:41] App::__construct - REQUEST_URI: /WEB_project_presentation_generator/public/dashboard
[2025-06-11 11:24:41] App::__construct - REQUEST_METHOD: GET
[2025-06-11 11:24:41] App::__construct - SCRIPT_NAME: /WEB_project_presentation_generator/public/index.php
[2025-06-11 11:24:41] App::__construct - PHP_SELF: /WEB_project_presentation_generator/public/index.php
[2025-06-11 11:24:41] App::__construct - Selected controller: DashboardController
[2025-06-11 11:24:41] App::__construct - Parameters: Array
(
)

[2025-06-11 11:24:41] App::__construct - Calling controller method with parameters
[2025-06-11 11:24:43] App::parseUrl - Parsed URL from REQUEST_URI: Array
(
    [0] => dashboard
    [1] => viewWorkspace
    [2] => 29
)

[2025-06-11 11:24:43] App::parseUrl - Final URL segments: Array
(
    [0] => dashboard
    [1] => viewWorkspace
    [2] => 29
)

[2025-06-11 11:24:43] App::__construct - REQUEST_URI: /WEB_project_presentation_generator/public/dashboard/viewWorkspace/29
[2025-06-11 11:24:43] App::__construct - REQUEST_METHOD: GET
[2025-06-11 11:24:43] App::__construct - SCRIPT_NAME: /WEB_project_presentation_generator/public/index.php
[2025-06-11 11:24:43] App::__construct - PHP_SELF: /WEB_project_presentation_generator/public/index.php
[2025-06-11 11:24:43] App::__construct - Selected controller: DashboardController
[2025-06-11 11:24:43] App::__construct - Selected method: viewWorkspace
[2025-06-11 11:24:43] App::__construct - Parameters: Array
(
    [0] => 29
)

[2025-06-11 11:24:43] App::__construct - Calling controller method with parameters
[2025-06-11 11:24:44] App::parseUrl - Parsed URL from REQUEST_URI: Array
(
    [0] => presentation
    [1] => viewPresentation
    [2] => 120
)

[2025-06-11 11:24:44] App::parseUrl - Final URL segments: Array
(
    [0] => presentation
    [1] => viewPresentation
    [2] => 120
)

[2025-06-11 11:24:44] App::__construct - REQUEST_URI: /WEB_project_presentation_generator/public/presentation/viewPresentation/120
[2025-06-11 11:24:44] App::__construct - REQUEST_METHOD: GET
[2025-06-11 11:24:44] App::__construct - SCRIPT_NAME: /WEB_project_presentation_generator/public/index.php
[2025-06-11 11:24:44] App::__construct - PHP_SELF: /WEB_project_presentation_generator/public/index.php
[2025-06-11 11:24:44] App::__construct - Selected controller: PresentationController
[2025-06-11 11:24:44] App::__construct - Selected method: viewPresentation
[2025-06-11 11:24:44] App::__construct - Parameters: Array
(
    [0] => 120
)

[2025-06-11 11:24:44] App::__construct - Calling controller method with parameters
[2025-06-11 11:24:46] App::parseUrl - Parsed URL from REQUEST_URI: Array
(
    [0] => dashboard
)

[2025-06-11 11:24:46] App::parseUrl - Final URL segments: Array
(
    [0] => dashboard
)

[2025-06-11 11:24:46] App::__construct - REQUEST_URI: /WEB_project_presentation_generator/public/dashboard
[2025-06-11 11:24:46] App::__construct - REQUEST_METHOD: GET
[2025-06-11 11:24:46] App::__construct - SCRIPT_NAME: /WEB_project_presentation_generator/public/index.php
[2025-06-11 11:24:46] App::__construct - PHP_SELF: /WEB_project_presentation_generator/public/index.php
[2025-06-11 11:24:46] App::__construct - Selected controller: DashboardController
[2025-06-11 11:24:46] App::__construct - Parameters: Array
(
)

[2025-06-11 11:24:46] App::__construct - Calling controller method with parameters
[2025-06-11 11:27:32] App::parseUrl - Parsed URL from REQUEST_URI: Array
(
    [0] => dashboard
    [1] => viewWorkspace
    [2] => 14
)

[2025-06-11 11:27:32] App::parseUrl - Final URL segments: Array
(
    [0] => dashboard
    [1] => viewWorkspace
    [2] => 14
)

[2025-06-11 11:27:32] App::__construct - REQUEST_URI: /WEB_project_presentation_generator/public/dashboard/viewWorkspace/14
[2025-06-11 11:27:32] App::__construct - REQUEST_METHOD: GET
[2025-06-11 11:27:32] App::__construct - SCRIPT_NAME: /WEB_project_presentation_generator/public/index.php
[2025-06-11 11:27:32] App::__construct - PHP_SELF: /WEB_project_presentation_generator/public/index.php
[2025-06-11 11:27:32] App::__construct - Selected controller: DashboardController
[2025-06-11 11:27:32] App::__construct - Selected method: viewWorkspace
[2025-06-11 11:27:32] App::__construct - Parameters: Array
(
    [0] => 14
)

[2025-06-11 11:27:32] App::__construct - Calling controller method with parameters
[2025-06-11 11:27:33] App::parseUrl - Parsed URL from REQUEST_URI: Array
(
    [0] => dashboard
    [1] => viewWorkspace
    [2] => 14
)

[2025-06-11 11:27:33] App::parseUrl - Final URL segments: Array
(
    [0] => dashboard
    [1] => viewWorkspace
    [2] => 14
)

[2025-06-11 11:27:33] App::__construct - REQUEST_URI: /WEB_project_presentation_generator/public/dashboard/viewWorkspace/14
[2025-06-11 11:27:33] App::__construct - REQUEST_METHOD: GET
[2025-06-11 11:27:33] App::__construct - SCRIPT_NAME: /WEB_project_presentation_generator/public/index.php
[2025-06-11 11:27:33] App::__construct - PHP_SELF: /WEB_project_presentation_generator/public/index.php
[2025-06-11 11:27:33] App::__construct - Selected controller: DashboardController
[2025-06-11 11:27:33] App::__construct - Selected method: viewWorkspace
[2025-06-11 11:27:33] App::__construct - Parameters: Array
(
    [0] => 14
)

[2025-06-11 11:27:33] App::__construct - Calling controller method with parameters
[2025-06-11 11:27:34] App::parseUrl - Parsed URL from REQUEST_URI: Array
(
    [0] => presentation
    [1] => viewPresentation
    [2] => 13
)

[2025-06-11 11:27:34] App::parseUrl - Final URL segments: Array
(
    [0] => presentation
    [1] => viewPresentation
    [2] => 13
)

[2025-06-11 11:27:34] App::__construct - REQUEST_URI: /WEB_project_presentation_generator/public/presentation/viewPresentation/13
[2025-06-11 11:27:34] App::__construct - REQUEST_METHOD: GET
[2025-06-11 11:27:34] App::__construct - SCRIPT_NAME: /WEB_project_presentation_generator/public/index.php
[2025-06-11 11:27:34] App::__construct - PHP_SELF: /WEB_project_presentation_generator/public/index.php
[2025-06-11 11:27:34] App::__construct - Selected controller: PresentationController
[2025-06-11 11:27:34] App::__construct - Selected method: viewPresentation
[2025-06-11 11:27:34] App::__construct - Parameters: Array
(
    [0] => 13
)

[2025-06-11 11:27:34] App::__construct - Calling controller method with parameters
[2025-06-11 11:28:47] App::parseUrl - Parsed URL from REQUEST_URI: Array
(
    [0] => presentation
    [1] => viewPresentation
    [2] => 13
)

[2025-06-11 11:28:47] App::parseUrl - Final URL segments: Array
(
    [0] => presentation
    [1] => viewPresentation
    [2] => 13
)

[2025-06-11 11:28:47] App::__construct - REQUEST_URI: /WEB_project_presentation_generator/public/presentation/viewPresentation/13
[2025-06-11 11:28:47] App::__construct - REQUEST_METHOD: GET
[2025-06-11 11:28:47] App::__construct - SCRIPT_NAME: /WEB_project_presentation_generator/public/index.php
[2025-06-11 11:28:47] App::__construct - PHP_SELF: /WEB_project_presentation_generator/public/index.php
[2025-06-11 11:28:47] App::__construct - Selected controller: PresentationController
[2025-06-11 11:28:47] App::__construct - Selected method: viewPresentation
[2025-06-11 11:28:47] App::__construct - Parameters: Array
(
    [0] => 13
)

[2025-06-11 11:28:47] App::__construct - Calling controller method with parameters
[2025-06-11 11:28:50] App::parseUrl - Parsed URL from REQUEST_URI: Array
(
    [0] => presentation
    [1] => review
    [2] => 13
)

[2025-06-11 11:28:50] App::parseUrl - Final URL segments: Array
(
    [0] => presentation
    [1] => review
    [2] => 13
)

[2025-06-11 11:28:50] App::__construct - REQUEST_URI: /WEB_project_presentation_generator/public/presentation/review/13
[2025-06-11 11:28:50] App::__construct - REQUEST_METHOD: GET
[2025-06-11 11:28:50] App::__construct - SCRIPT_NAME: /WEB_project_presentation_generator/public/index.php
[2025-06-11 11:28:50] App::__construct - PHP_SELF: /WEB_project_presentation_generator/public/index.php
[2025-06-11 11:28:50] App::__construct - Selected controller: PresentationController
[2025-06-11 11:28:50] App::__construct - Selected method: review
[2025-06-11 11:28:50] App::__construct - Parameters: Array
(
    [0] => 13
)

[2025-06-11 11:28:50] App::__construct - Calling controller method with parameters
[2025-06-11 11:29:00] App::parseUrl - Parsed URL from REQUEST_URI: Array
(
    [0] => presentation
    [1] => viewPresentation
    [2] => 13
)

[2025-06-11 11:29:00] App::parseUrl - Final URL segments: Array
(
    [0] => presentation
    [1] => viewPresentation
    [2] => 13
)

[2025-06-11 11:29:00] App::__construct - REQUEST_URI: /WEB_project_presentation_generator/public/presentation/viewPresentation/13
[2025-06-11 11:29:00] App::__construct - REQUEST_METHOD: GET
[2025-06-11 11:29:00] App::__construct - SCRIPT_NAME: /WEB_project_presentation_generator/public/index.php
[2025-06-11 11:29:00] App::__construct - PHP_SELF: /WEB_project_presentation_generator/public/index.php
[2025-06-11 11:29:00] App::__construct - Selected controller: PresentationController
[2025-06-11 11:29:00] App::__construct - Selected method: viewPresentation
[2025-06-11 11:29:00] App::__construct - Parameters: Array
(
    [0] => 13
)

[2025-06-11 11:29:00] App::__construct - Calling controller method with parameters
[2025-06-11 11:29:27] App::parseUrl - Parsed URL from REQUEST_URI: Array
(
    [0] => presentation
    [1] => review
    [2] => 13
)

[2025-06-11 11:29:27] App::parseUrl - Final URL segments: Array
(
    [0] => presentation
    [1] => review
    [2] => 13
)

[2025-06-11 11:29:27] App::__construct - REQUEST_URI: /WEB_project_presentation_generator/public/presentation/review/13
[2025-06-11 11:29:27] App::__construct - REQUEST_METHOD: GET
[2025-06-11 11:29:27] App::__construct - SCRIPT_NAME: /WEB_project_presentation_generator/public/index.php
[2025-06-11 11:29:27] App::__construct - PHP_SELF: /WEB_project_presentation_generator/public/index.php
[2025-06-11 11:29:27] App::__construct - Selected controller: PresentationController
[2025-06-11 11:29:27] App::__construct - Selected method: review
[2025-06-11 11:29:27] App::__construct - Parameters: Array
(
    [0] => 13
)

[2025-06-11 11:29:27] App::__construct - Calling controller method with parameters
[2025-06-11 11:29:28] App::parseUrl - Parsed URL from REQUEST_URI: Array
(
    [0] => presentation
    [1] => viewPresentation
    [2] => 13
)

[2025-06-11 11:29:28] App::parseUrl - Final URL segments: Array
(
    [0] => presentation
    [1] => viewPresentation
    [2] => 13
)

[2025-06-11 11:29:28] App::__construct - REQUEST_URI: /WEB_project_presentation_generator/public/presentation/viewPresentation/13
[2025-06-11 11:29:28] App::__construct - REQUEST_METHOD: GET
[2025-06-11 11:29:28] App::__construct - SCRIPT_NAME: /WEB_project_presentation_generator/public/index.php
[2025-06-11 11:29:28] App::__construct - PHP_SELF: /WEB_project_presentation_generator/public/index.php
[2025-06-11 11:29:28] App::__construct - Selected controller: PresentationController
[2025-06-11 11:29:28] App::__construct - Selected method: viewPresentation
[2025-06-11 11:29:28] App::__construct - Parameters: Array
(
    [0] => 13
)

[2025-06-11 11:29:28] App::__construct - Calling controller method with parameters
[2025-06-11 11:29:29] App::parseUrl - Parsed URL from REQUEST_URI: Array
(
    [0] => dashboard
)

[2025-06-11 11:29:29] App::parseUrl - Final URL segments: Array
(
    [0] => dashboard
)

[2025-06-11 11:29:29] App::__construct - REQUEST_URI: /WEB_project_presentation_generator/public/dashboard
[2025-06-11 11:29:29] App::__construct - REQUEST_METHOD: GET
[2025-06-11 11:29:29] App::__construct - SCRIPT_NAME: /WEB_project_presentation_generator/public/index.php
[2025-06-11 11:29:29] App::__construct - PHP_SELF: /WEB_project_presentation_generator/public/index.php
[2025-06-11 11:29:29] App::__construct - Selected controller: DashboardController
[2025-06-11 11:29:29] App::__construct - Parameters: Array
(
)

[2025-06-11 11:29:29] App::__construct - Calling controller method with parameters
[2025-06-11 11:29:32] App::parseUrl - Parsed URL from REQUEST_URI: Array
(
    [0] => dashboard
    [1] => viewWorkspace
    [2] => 14
)

[2025-06-11 11:29:32] App::parseUrl - Final URL segments: Array
(
    [0] => dashboard
    [1] => viewWorkspace
    [2] => 14
)

[2025-06-11 11:29:32] App::__construct - REQUEST_URI: /WEB_project_presentation_generator/public/dashboard/viewWorkspace/14
[2025-06-11 11:29:32] App::__construct - REQUEST_METHOD: GET
[2025-06-11 11:29:32] App::__construct - SCRIPT_NAME: /WEB_project_presentation_generator/public/index.php
[2025-06-11 11:29:32] App::__construct - PHP_SELF: /WEB_project_presentation_generator/public/index.php
[2025-06-11 11:29:32] App::__construct - Selected controller: DashboardController
[2025-06-11 11:29:32] App::__construct - Selected method: viewWorkspace
[2025-06-11 11:29:32] App::__construct - Parameters: Array
(
    [0] => 14
)

[2025-06-11 11:29:32] App::__construct - Calling controller method with parameters
[2025-06-11 11:29:33] App::parseUrl - Parsed URL from REQUEST_URI: Array
(
    [0] => presentation
    [1] => viewPresentation
    [2] => 13
)

[2025-06-11 11:29:33] App::parseUrl - Final URL segments: Array
(
    [0] => presentation
    [1] => viewPresentation
    [2] => 13
)

[2025-06-11 11:29:33] App::__construct - REQUEST_URI: /WEB_project_presentation_generator/public/presentation/viewPresentation/13
[2025-06-11 11:29:33] App::__construct - REQUEST_METHOD: GET
[2025-06-11 11:29:33] App::__construct - SCRIPT_NAME: /WEB_project_presentation_generator/public/index.php
[2025-06-11 11:29:33] App::__construct - PHP_SELF: /WEB_project_presentation_generator/public/index.php
[2025-06-11 11:29:33] App::__construct - Selected controller: PresentationController
[2025-06-11 11:29:33] App::__construct - Selected method: viewPresentation
[2025-06-11 11:29:33] App::__construct - Parameters: Array
(
    [0] => 13
)

[2025-06-11 11:29:33] App::__construct - Calling controller method with parameters
[2025-06-11 11:29:52] App::parseUrl - Parsed URL from REQUEST_URI: Array
(
    [0] => auth
    [1] => login
)

[2025-06-11 11:29:52] App::parseUrl - Final URL segments: Array
(
    [0] => auth
    [1] => login
)

[2025-06-11 11:29:52] App::__construct - REQUEST_URI: /WEB_project_presentation_generator/public/auth/login
[2025-06-11 11:29:52] App::__construct - REQUEST_METHOD: GET
[2025-06-11 11:29:52] App::__construct - SCRIPT_NAME: /WEB_project_presentation_generator/public/index.php
[2025-06-11 11:29:52] App::__construct - PHP_SELF: /WEB_project_presentation_generator/public/index.php
[2025-06-11 11:29:52] App::__construct - Selected controller: AuthController
[2025-06-11 11:29:52] App::__construct - Selected method: login
[2025-06-11 11:29:52] App::__construct - Parameters: Array
(
)

[2025-06-11 11:29:52] App::__construct - Calling controller method with parameters
[2025-06-11 11:29:59] App::parseUrl - Parsed URL from REQUEST_URI: Array
(
    [0] => auth
    [1] => login
)

[2025-06-11 11:29:59] App::parseUrl - Final URL segments: Array
(
    [0] => auth
    [1] => login
)

[2025-06-11 11:29:59] App::__construct - REQUEST_URI: /WEB_project_presentation_generator/public/auth/login
[2025-06-11 11:29:59] App::__construct - REQUEST_METHOD: POST
[2025-06-11 11:29:59] App::__construct - SCRIPT_NAME: /WEB_project_presentation_generator/public/index.php
[2025-06-11 11:29:59] App::__construct - PHP_SELF: /WEB_project_presentation_generator/public/index.php
[2025-06-11 11:29:59] App::__construct - Selected controller: AuthController
[2025-06-11 11:29:59] App::__construct - Selected method: login
[2025-06-11 11:29:59] App::__construct - Parameters: Array
(
)

[2025-06-11 11:29:59] App::__construct - Calling controller method with parameters
[2025-06-11 11:29:59] App::parseUrl - Parsed URL from REQUEST_URI: Array
(
    [0] => home
    [1] => index
)

[2025-06-11 11:29:59] App::parseUrl - Final URL segments: Array
(
    [0] => home
    [1] => index
)

[2025-06-11 11:29:59] App::__construct - REQUEST_URI: /WEB_project_presentation_generator/public/home/index
[2025-06-11 11:29:59] App::__construct - REQUEST_METHOD: GET
[2025-06-11 11:29:59] App::__construct - SCRIPT_NAME: /WEB_project_presentation_generator/public/index.php
[2025-06-11 11:29:59] App::__construct - PHP_SELF: /WEB_project_presentation_generator/public/index.php
[2025-06-11 11:29:59] App::__construct - Selected controller: HomeController
[2025-06-11 11:29:59] App::__construct - Selected method: index
[2025-06-11 11:29:59] App::__construct - Parameters: Array
(
)

[2025-06-11 11:29:59] App::__construct - Calling controller method with parameters
[2025-06-11 11:30:00] App::parseUrl - Parsed URL from REQUEST_URI: Array
(
    [0] => dashboard
)

[2025-06-11 11:30:00] App::parseUrl - Final URL segments: Array
(
    [0] => dashboard
)

[2025-06-11 11:30:00] App::__construct - REQUEST_URI: /WEB_project_presentation_generator/public/dashboard
[2025-06-11 11:30:00] App::__construct - REQUEST_METHOD: GET
[2025-06-11 11:30:00] App::__construct - SCRIPT_NAME: /WEB_project_presentation_generator/public/index.php
[2025-06-11 11:30:00] App::__construct - PHP_SELF: /WEB_project_presentation_generator/public/index.php
[2025-06-11 11:30:00] App::__construct - Selected controller: DashboardController
[2025-06-11 11:30:00] App::__construct - Parameters: Array
(
)

[2025-06-11 11:30:00] App::__construct - Calling controller method with parameters
[2025-06-11 11:30:03] App::parseUrl - Parsed URL from REQUEST_URI: Array
(
    [0] => dashboard
    [1] => viewWorkspace
    [2] => 14
)

[2025-06-11 11:30:03] App::parseUrl - Final URL segments: Array
(
    [0] => dashboard
    [1] => viewWorkspace
    [2] => 14
)

[2025-06-11 11:30:03] App::__construct - REQUEST_URI: /WEB_project_presentation_generator/public/dashboard/viewWorkspace/14
[2025-06-11 11:30:03] App::__construct - REQUEST_METHOD: GET
[2025-06-11 11:30:03] App::__construct - SCRIPT_NAME: /WEB_project_presentation_generator/public/index.php
[2025-06-11 11:30:03] App::__construct - PHP_SELF: /WEB_project_presentation_generator/public/index.php
[2025-06-11 11:30:03] App::__construct - Selected controller: DashboardController
[2025-06-11 11:30:03] App::__construct - Selected method: viewWorkspace
[2025-06-11 11:30:03] App::__construct - Parameters: Array
(
    [0] => 14
)

[2025-06-11 11:30:03] App::__construct - Calling controller method with parameters
[2025-06-11 11:30:04] App::parseUrl - Parsed URL from REQUEST_URI: Array
(
    [0] => presentation
    [1] => viewPresentation
    [2] => 13
)

[2025-06-11 11:30:04] App::parseUrl - Final URL segments: Array
(
    [0] => presentation
    [1] => viewPresentation
    [2] => 13
)

[2025-06-11 11:30:04] App::__construct - REQUEST_URI: /WEB_project_presentation_generator/public/presentation/viewPresentation/13
[2025-06-11 11:30:04] App::__construct - REQUEST_METHOD: GET
[2025-06-11 11:30:04] App::__construct - SCRIPT_NAME: /WEB_project_presentation_generator/public/index.php
[2025-06-11 11:30:04] App::__construct - PHP_SELF: /WEB_project_presentation_generator/public/index.php
[2025-06-11 11:30:04] App::__construct - Selected controller: PresentationController
[2025-06-11 11:30:04] App::__construct - Selected method: viewPresentation
[2025-06-11 11:30:04] App::__construct - Parameters: Array
(
    [0] => 13
)

[2025-06-11 11:30:04] App::__construct - Calling controller method with parameters
[2025-06-11 11:30:07] App::parseUrl - Parsed URL from REQUEST_URI: Array
(
    [0] => slide
    [1] => edit
    [2] => 20
)

[2025-06-11 11:30:07] App::parseUrl - Final URL segments: Array
(
    [0] => slide
    [1] => edit
    [2] => 20
)

[2025-06-11 11:30:07] App::__construct - REQUEST_URI: /WEB_project_presentation_generator/public/slide/edit/20
[2025-06-11 11:30:07] App::__construct - REQUEST_METHOD: GET
[2025-06-11 11:30:07] App::__construct - SCRIPT_NAME: /WEB_project_presentation_generator/public/index.php
[2025-06-11 11:30:07] App::__construct - PHP_SELF: /WEB_project_presentation_generator/public/index.php
[2025-06-11 11:30:07] App::__construct - Selected controller: SlideController
[2025-06-11 11:30:07] App::__construct - Selected method: edit
[2025-06-11 11:30:07] App::__construct - Parameters: Array
(
    [0] => 20
)

[2025-06-11 11:30:07] App::__construct - Calling controller method with parameters
[2025-06-11 11:30:13] App::parseUrl - Parsed URL from REQUEST_URI: Array
(
    [0] => slides
    [1] => edit
    [2] => 20
)

[2025-06-11 11:30:13] App::parseUrl - Final URL segments: Array
(
    [0] => slides
    [1] => edit
    [2] => 20
)

[2025-06-11 11:30:13] App::__construct - REQUEST_URI: /WEB_project_presentation_generator/public/slides/edit/20
[2025-06-11 11:30:13] App::__construct - REQUEST_METHOD: POST
[2025-06-11 11:30:13] App::__construct - SCRIPT_NAME: /WEB_project_presentation_generator/public/index.php
[2025-06-11 11:30:13] App::__construct - PHP_SELF: /WEB_project_presentation_generator/public/index.php
[2025-06-11 11:30:13] App::__construct - Selected controller: SlideController
[2025-06-11 11:30:13] App::__construct - Selected method: edit
[2025-06-11 11:30:13] App::__construct - Parameters: Array
(
    [0] => 20
)

[2025-06-11 11:30:13] App::__construct - Calling controller method with parameters
[2025-06-11 11:30:14] App::parseUrl - Parsed URL from REQUEST_URI: Array
(
    [0] => presentation
    [1] => viewPresentation
    [2] => 13
)

[2025-06-11 11:30:14] App::parseUrl - Final URL segments: Array
(
    [0] => presentation
    [1] => viewPresentation
    [2] => 13
)

[2025-06-11 11:30:14] App::__construct - REQUEST_URI: /WEB_project_presentation_generator/public/presentation/viewPresentation/13
[2025-06-11 11:30:14] App::__construct - REQUEST_METHOD: GET
[2025-06-11 11:30:14] App::__construct - SCRIPT_NAME: /WEB_project_presentation_generator/public/index.php
[2025-06-11 11:30:14] App::__construct - PHP_SELF: /WEB_project_presentation_generator/public/index.php
[2025-06-11 11:30:14] App::__construct - Selected controller: PresentationController
[2025-06-11 11:30:14] App::__construct - Selected method: viewPresentation
[2025-06-11 11:30:14] App::__construct - Parameters: Array
(
    [0] => 13
)

[2025-06-11 11:30:14] App::__construct - Calling controller method with parameters
[2025-06-11 11:30:16] App::parseUrl - Parsed URL from REQUEST_URI: Array
(
    [0] => slide
    [1] => edit
    [2] => 23
)

[2025-06-11 11:30:16] App::parseUrl - Final URL segments: Array
(
    [0] => slide
    [1] => edit
    [2] => 23
)

[2025-06-11 11:30:16] App::__construct - REQUEST_URI: /WEB_project_presentation_generator/public/slide/edit/23
[2025-06-11 11:30:16] App::__construct - REQUEST_METHOD: GET
[2025-06-11 11:30:16] App::__construct - SCRIPT_NAME: /WEB_project_presentation_generator/public/index.php
[2025-06-11 11:30:16] App::__construct - PHP_SELF: /WEB_project_presentation_generator/public/index.php
[2025-06-11 11:30:16] App::__construct - Selected controller: SlideController
[2025-06-11 11:30:16] App::__construct - Selected method: edit
[2025-06-11 11:30:16] App::__construct - Parameters: Array
(
    [0] => 23
)

[2025-06-11 11:30:16] App::__construct - Calling controller method with parameters
[2025-06-11 11:30:20] App::parseUrl - Parsed URL from REQUEST_URI: Array
(
    [0] => slides
    [1] => edit
    [2] => 23
)

[2025-06-11 11:30:20] App::parseUrl - Final URL segments: Array
(
    [0] => slides
    [1] => edit
    [2] => 23
)

[2025-06-11 11:30:20] App::__construct - REQUEST_URI: /WEB_project_presentation_generator/public/slides/edit/23
[2025-06-11 11:30:20] App::__construct - REQUEST_METHOD: POST
[2025-06-11 11:30:20] App::__construct - SCRIPT_NAME: /WEB_project_presentation_generator/public/index.php
[2025-06-11 11:30:20] App::__construct - PHP_SELF: /WEB_project_presentation_generator/public/index.php
[2025-06-11 11:30:20] App::__construct - Selected controller: SlideController
[2025-06-11 11:30:20] App::__construct - Selected method: edit
[2025-06-11 11:30:20] App::__construct - Parameters: Array
(
    [0] => 23
)

[2025-06-11 11:30:20] App::__construct - Calling controller method with parameters
[2025-06-11 11:30:21] App::parseUrl - Parsed URL from REQUEST_URI: Array
(
    [0] => presentation
    [1] => viewPresentation
    [2] => 13
)

[2025-06-11 11:30:21] App::parseUrl - Final URL segments: Array
(
    [0] => presentation
    [1] => viewPresentation
    [2] => 13
)

[2025-06-11 11:30:21] App::__construct - REQUEST_URI: /WEB_project_presentation_generator/public/presentation/viewPresentation/13
[2025-06-11 11:30:21] App::__construct - REQUEST_METHOD: GET
[2025-06-11 11:30:21] App::__construct - SCRIPT_NAME: /WEB_project_presentation_generator/public/index.php
[2025-06-11 11:30:21] App::__construct - PHP_SELF: /WEB_project_presentation_generator/public/index.php
[2025-06-11 11:30:21] App::__construct - Selected controller: PresentationController
[2025-06-11 11:30:21] App::__construct - Selected method: viewPresentation
[2025-06-11 11:30:21] App::__construct - Parameters: Array
(
    [0] => 13
)

[2025-06-11 11:30:21] App::__construct - Calling controller method with parameters
[2025-06-11 11:30:25] App::parseUrl - Parsed URL from REQUEST_URI: Array
(
    [0] => presentation
    [1] => viewPresentation
    [2] => 13
)

[2025-06-11 11:30:25] App::parseUrl - Final URL segments: Array
(
    [0] => presentation
    [1] => viewPresentation
    [2] => 13
)

[2025-06-11 11:30:25] App::__construct - REQUEST_URI: /WEB_project_presentation_generator/public/presentation/viewPresentation/13
[2025-06-11 11:30:25] App::__construct - REQUEST_METHOD: GET
[2025-06-11 11:30:25] App::__construct - SCRIPT_NAME: /WEB_project_presentation_generator/public/index.php
[2025-06-11 11:30:25] App::__construct - PHP_SELF: /WEB_project_presentation_generator/public/index.php
[2025-06-11 11:30:25] App::__construct - Selected controller: PresentationController
[2025-06-11 11:30:25] App::__construct - Selected method: viewPresentation
[2025-06-11 11:30:25] App::__construct - Parameters: Array
(
    [0] => 13
)

[2025-06-11 11:30:25] App::__construct - Calling controller method with parameters
[2025-06-11 11:30:30] App::parseUrl - Parsed URL from REQUEST_URI: Array
(
    [0] => presentation
    [1] => export
    [2] => 13
    [3] => html
)

[2025-06-11 11:30:30] App::parseUrl - Final URL segments: Array
(
    [0] => presentation
    [1] => export
    [2] => 13
    [3] => html
)

[2025-06-11 11:30:30] App::__construct - REQUEST_URI: /WEB_project_presentation_generator/public/presentation/export/13/html
[2025-06-11 11:30:30] App::__construct - REQUEST_METHOD: GET
[2025-06-11 11:30:30] App::__construct - SCRIPT_NAME: /WEB_project_presentation_generator/public/index.php
[2025-06-11 11:30:30] App::__construct - PHP_SELF: /WEB_project_presentation_generator/public/index.php
[2025-06-11 11:30:30] App::__construct - Selected controller: PresentationController
[2025-06-11 11:30:30] App::__construct - Selected method: export
[2025-06-11 11:30:30] App::__construct - Parameters: Array
(
    [0] => 13
    [1] => html
)

[2025-06-11 11:30:30] App::__construct - Calling controller method with parameters
[2025-06-11 11:30:32] App::parseUrl - Parsed URL from REQUEST_URI: Array
(
    [0] => dashboard
)

[2025-06-11 11:30:32] App::parseUrl - Final URL segments: Array
(
    [0] => dashboard
)

[2025-06-11 11:30:32] App::__construct - REQUEST_URI: /WEB_project_presentation_generator/public/dashboard
[2025-06-11 11:30:32] App::__construct - REQUEST_METHOD: GET
[2025-06-11 11:30:32] App::__construct - SCRIPT_NAME: /WEB_project_presentation_generator/public/index.php
[2025-06-11 11:30:32] App::__construct - PHP_SELF: /WEB_project_presentation_generator/public/index.php
[2025-06-11 11:30:32] App::__construct - Selected controller: DashboardController
[2025-06-11 11:30:32] App::__construct - Parameters: Array
(
)

[2025-06-11 11:30:32] App::__construct - Calling controller method with parameters
[2025-06-11 11:30:33] App::parseUrl - Parsed URL from REQUEST_URI: Array
(
    [0] => dashboard
    [1] => viewWorkspace
    [2] => 15
)

[2025-06-11 11:30:33] App::parseUrl - Final URL segments: Array
(
    [0] => dashboard
    [1] => viewWorkspace
    [2] => 15
)

[2025-06-11 11:30:33] App::__construct - REQUEST_URI: /WEB_project_presentation_generator/public/dashboard/viewWorkspace/15
[2025-06-11 11:30:33] App::__construct - REQUEST_METHOD: GET
[2025-06-11 11:30:33] App::__construct - SCRIPT_NAME: /WEB_project_presentation_generator/public/index.php
[2025-06-11 11:30:33] App::__construct - PHP_SELF: /WEB_project_presentation_generator/public/index.php
[2025-06-11 11:30:33] App::__construct - Selected controller: DashboardController
[2025-06-11 11:30:33] App::__construct - Selected method: viewWorkspace
[2025-06-11 11:30:33] App::__construct - Parameters: Array
(
    [0] => 15
)

[2025-06-11 11:30:33] App::__construct - Calling controller method with parameters
[2025-06-11 11:30:36] App::parseUrl - Parsed URL from REQUEST_URI: Array
(
    [0] => presentation
    [1] => viewPresentation
    [2] => 12
)

[2025-06-11 11:30:36] App::parseUrl - Final URL segments: Array
(
    [0] => presentation
    [1] => viewPresentation
    [2] => 12
)

[2025-06-11 11:30:36] App::__construct - REQUEST_URI: /WEB_project_presentation_generator/public/presentation/viewPresentation/12
[2025-06-11 11:30:36] App::__construct - REQUEST_METHOD: GET
[2025-06-11 11:30:36] App::__construct - SCRIPT_NAME: /WEB_project_presentation_generator/public/index.php
[2025-06-11 11:30:36] App::__construct - PHP_SELF: /WEB_project_presentation_generator/public/index.php
[2025-06-11 11:30:36] App::__construct - Selected controller: PresentationController
[2025-06-11 11:30:36] App::__construct - Selected method: viewPresentation
[2025-06-11 11:30:36] App::__construct - Parameters: Array
(
    [0] => 12
)

[2025-06-11 11:30:36] App::__construct - Calling controller method with parameters
[2025-06-11 11:30:38] App::parseUrl - Parsed URL from REQUEST_URI: Array
(
    [0] => dashboard
)

[2025-06-11 11:30:38] App::parseUrl - Final URL segments: Array
(
    [0] => dashboard
)

[2025-06-11 11:30:38] App::__construct - REQUEST_URI: /WEB_project_presentation_generator/public/dashboard
[2025-06-11 11:30:38] App::__construct - REQUEST_METHOD: GET
[2025-06-11 11:30:38] App::__construct - SCRIPT_NAME: /WEB_project_presentation_generator/public/index.php
[2025-06-11 11:30:38] App::__construct - PHP_SELF: /WEB_project_presentation_generator/public/index.php
[2025-06-11 11:30:38] App::__construct - Selected controller: DashboardController
[2025-06-11 11:30:38] App::__construct - Parameters: Array
(
)

[2025-06-11 11:30:38] App::__construct - Calling controller method with parameters
[2025-06-11 11:30:40] App::parseUrl - Parsed URL from REQUEST_URI: Array
(
    [0] => dashboard
    [1] => viewWorkspace
    [2] => 15
)

[2025-06-11 11:30:40] App::parseUrl - Final URL segments: Array
(
    [0] => dashboard
    [1] => viewWorkspace
    [2] => 15
)

[2025-06-11 11:30:40] App::__construct - REQUEST_URI: /WEB_project_presentation_generator/public/dashboard/viewWorkspace/15
[2025-06-11 11:30:40] App::__construct - REQUEST_METHOD: GET
[2025-06-11 11:30:40] App::__construct - SCRIPT_NAME: /WEB_project_presentation_generator/public/index.php
[2025-06-11 11:30:40] App::__construct - PHP_SELF: /WEB_project_presentation_generator/public/index.php
[2025-06-11 11:30:40] App::__construct - Selected controller: DashboardController
[2025-06-11 11:30:40] App::__construct - Selected method: viewWorkspace
[2025-06-11 11:30:40] App::__construct - Parameters: Array
(
    [0] => 15
)

[2025-06-11 11:30:40] App::__construct - Calling controller method with parameters
[2025-06-11 11:30:41] App::parseUrl - Parsed URL from REQUEST_URI: Array
(
    [0] => presentation
    [1] => viewPresentation
    [2] => 17
)

[2025-06-11 11:30:41] App::parseUrl - Final URL segments: Array
(
    [0] => presentation
    [1] => viewPresentation
    [2] => 17
)

[2025-06-11 11:30:41] App::__construct - REQUEST_URI: /WEB_project_presentation_generator/public/presentation/viewPresentation/17
[2025-06-11 11:30:41] App::__construct - REQUEST_METHOD: GET
[2025-06-11 11:30:41] App::__construct - SCRIPT_NAME: /WEB_project_presentation_generator/public/index.php
[2025-06-11 11:30:41] App::__construct - PHP_SELF: /WEB_project_presentation_generator/public/index.php
[2025-06-11 11:30:41] App::__construct - Selected controller: PresentationController
[2025-06-11 11:30:41] App::__construct - Selected method: viewPresentation
[2025-06-11 11:30:41] App::__construct - Parameters: Array
(
    [0] => 17
)

[2025-06-11 11:30:41] App::__construct - Calling controller method with parameters
[2025-06-11 11:30:43] App::parseUrl - Parsed URL from REQUEST_URI: Array
(
    [0] => dashboard
)

[2025-06-11 11:30:43] App::parseUrl - Final URL segments: Array
(
    [0] => dashboard
)

[2025-06-11 11:30:43] App::__construct - REQUEST_URI: /WEB_project_presentation_generator/public/dashboard
[2025-06-11 11:30:43] App::__construct - REQUEST_METHOD: GET
[2025-06-11 11:30:43] App::__construct - SCRIPT_NAME: /WEB_project_presentation_generator/public/index.php
[2025-06-11 11:30:43] App::__construct - PHP_SELF: /WEB_project_presentation_generator/public/index.php
[2025-06-11 11:30:43] App::__construct - Selected controller: DashboardController
[2025-06-11 11:30:43] App::__construct - Parameters: Array
(
)

[2025-06-11 11:30:43] App::__construct - Calling controller method with parameters
[2025-06-11 11:30:44] App::parseUrl - Parsed URL from REQUEST_URI: Array
(
    [0] => dashboard
    [1] => viewWorkspace
    [2] => 15
)

[2025-06-11 11:30:44] App::parseUrl - Final URL segments: Array
(
    [0] => dashboard
    [1] => viewWorkspace
    [2] => 15
)

[2025-06-11 11:30:44] App::__construct - REQUEST_URI: /WEB_project_presentation_generator/public/dashboard/viewWorkspace/15
[2025-06-11 11:30:44] App::__construct - REQUEST_METHOD: GET
[2025-06-11 11:30:44] App::__construct - SCRIPT_NAME: /WEB_project_presentation_generator/public/index.php
[2025-06-11 11:30:44] App::__construct - PHP_SELF: /WEB_project_presentation_generator/public/index.php
[2025-06-11 11:30:44] App::__construct - Selected controller: DashboardController
[2025-06-11 11:30:44] App::__construct - Selected method: viewWorkspace
[2025-06-11 11:30:44] App::__construct - Parameters: Array
(
    [0] => 15
)

[2025-06-11 11:30:44] App::__construct - Calling controller method with parameters
[2025-06-11 11:30:46] App::parseUrl - Parsed URL from REQUEST_URI: Array
(
    [0] => presentation
    [1] => viewPresentation
    [2] => 116
)

[2025-06-11 11:30:46] App::parseUrl - Final URL segments: Array
(
    [0] => presentation
    [1] => viewPresentation
    [2] => 116
)

[2025-06-11 11:30:46] App::__construct - REQUEST_URI: /WEB_project_presentation_generator/public/presentation/viewPresentation/116
[2025-06-11 11:30:46] App::__construct - REQUEST_METHOD: GET
[2025-06-11 11:30:46] App::__construct - SCRIPT_NAME: /WEB_project_presentation_generator/public/index.php
[2025-06-11 11:30:46] App::__construct - PHP_SELF: /WEB_project_presentation_generator/public/index.php
[2025-06-11 11:30:46] App::__construct - Selected controller: PresentationController
[2025-06-11 11:30:46] App::__construct - Selected method: viewPresentation
[2025-06-11 11:30:46] App::__construct - Parameters: Array
(
    [0] => 116
)

[2025-06-11 11:30:46] App::__construct - Calling controller method with parameters
[2025-06-11 11:30:51] App::parseUrl - Parsed URL from REQUEST_URI: Array
(
    [0] => dashboard
)

[2025-06-11 11:30:51] App::parseUrl - Final URL segments: Array
(
    [0] => dashboard
)

[2025-06-11 11:30:51] App::__construct - REQUEST_URI: /WEB_project_presentation_generator/public/dashboard
[2025-06-11 11:30:51] App::__construct - REQUEST_METHOD: GET
[2025-06-11 11:30:51] App::__construct - SCRIPT_NAME: /WEB_project_presentation_generator/public/index.php
[2025-06-11 11:30:51] App::__construct - PHP_SELF: /WEB_project_presentation_generator/public/index.php
[2025-06-11 11:30:51] App::__construct - Selected controller: DashboardController
[2025-06-11 11:30:51] App::__construct - Parameters: Array
(
)

[2025-06-11 11:30:51] App::__construct - Calling controller method with parameters
[2025-06-11 11:30:58] App::parseUrl - Parsed URL from REQUEST_URI: Array
(
    [0] => dashboard
    [1] => viewWorkspace
    [2] => 28
)

[2025-06-11 11:30:58] App::parseUrl - Final URL segments: Array
(
    [0] => dashboard
    [1] => viewWorkspace
    [2] => 28
)

[2025-06-11 11:30:58] App::__construct - REQUEST_URI: /WEB_project_presentation_generator/public/dashboard/viewWorkspace/28
[2025-06-11 11:30:58] App::__construct - REQUEST_METHOD: GET
[2025-06-11 11:30:58] App::__construct - SCRIPT_NAME: /WEB_project_presentation_generator/public/index.php
[2025-06-11 11:30:58] App::__construct - PHP_SELF: /WEB_project_presentation_generator/public/index.php
[2025-06-11 11:30:58] App::__construct - Selected controller: DashboardController
[2025-06-11 11:30:58] App::__construct - Selected method: viewWorkspace
[2025-06-11 11:30:58] App::__construct - Parameters: Array
(
    [0] => 28
)

[2025-06-11 11:30:58] App::__construct - Calling controller method with parameters
[2025-06-11 11:30:58] App::parseUrl - Parsed URL from REQUEST_URI: Array
(
    [0] => presentation
    [1] => viewPresentation
    [2] => 117
)

[2025-06-11 11:30:58] App::parseUrl - Final URL segments: Array
(
    [0] => presentation
    [1] => viewPresentation
    [2] => 117
)

[2025-06-11 11:30:58] App::__construct - REQUEST_URI: /WEB_project_presentation_generator/public/presentation/viewPresentation/117
[2025-06-11 11:30:58] App::__construct - REQUEST_METHOD: GET
[2025-06-11 11:30:58] App::__construct - SCRIPT_NAME: /WEB_project_presentation_generator/public/index.php
[2025-06-11 11:30:58] App::__construct - PHP_SELF: /WEB_project_presentation_generator/public/index.php
[2025-06-11 11:30:58] App::__construct - Selected controller: PresentationController
[2025-06-11 11:30:58] App::__construct - Selected method: viewPresentation
[2025-06-11 11:30:58] App::__construct - Parameters: Array
(
    [0] => 117
)

[2025-06-11 11:30:58] App::__construct - Calling controller method with parameters
[2025-06-11 11:31:06] App::parseUrl - Parsed URL from REQUEST_URI: Array
(
    [0] => presentation
    [1] => export
    [2] => 117
    [3] => xml
)

[2025-06-11 11:31:06] App::parseUrl - Final URL segments: Array
(
    [0] => presentation
    [1] => export
    [2] => 117
    [3] => xml
)

[2025-06-11 11:31:06] App::__construct - REQUEST_URI: /WEB_project_presentation_generator/public/presentation/export/117/xml
[2025-06-11 11:31:06] App::__construct - REQUEST_METHOD: GET
[2025-06-11 11:31:06] App::__construct - SCRIPT_NAME: /WEB_project_presentation_generator/public/index.php
[2025-06-11 11:31:06] App::__construct - PHP_SELF: /WEB_project_presentation_generator/public/index.php
[2025-06-11 11:31:06] App::__construct - Selected controller: PresentationController
[2025-06-11 11:31:06] App::__construct - Selected method: export
[2025-06-11 11:31:06] App::__construct - Parameters: Array
(
    [0] => 117
    [1] => xml
)

[2025-06-11 11:31:06] App::__construct - Calling controller method with parameters
[2025-06-11 11:31:24] App::parseUrl - Parsed URL from REQUEST_URI: Array
(
    [0] => dashboard
)

[2025-06-11 11:31:24] App::parseUrl - Final URL segments: Array
(
    [0] => dashboard
)

[2025-06-11 11:31:24] App::__construct - REQUEST_URI: /WEB_project_presentation_generator/public/dashboard
[2025-06-11 11:31:24] App::__construct - REQUEST_METHOD: GET
[2025-06-11 11:31:24] App::__construct - SCRIPT_NAME: /WEB_project_presentation_generator/public/index.php
[2025-06-11 11:31:24] App::__construct - PHP_SELF: /WEB_project_presentation_generator/public/index.php
[2025-06-11 11:31:24] App::__construct - Selected controller: DashboardController
[2025-06-11 11:31:24] App::__construct - Parameters: Array
(
)

[2025-06-11 11:31:24] App::__construct - Calling controller method with parameters
[2025-06-11 11:31:26] App::parseUrl - Parsed URL from REQUEST_URI: Array
(
    [0] => dashboard
    [1] => viewWorkspace
    [2] => 15
)

[2025-06-11 11:31:26] App::parseUrl - Final URL segments: Array
(
    [0] => dashboard
    [1] => viewWorkspace
    [2] => 15
)

[2025-06-11 11:31:26] App::__construct - REQUEST_URI: /WEB_project_presentation_generator/public/dashboard/viewWorkspace/15
[2025-06-11 11:31:26] App::__construct - REQUEST_METHOD: GET
[2025-06-11 11:31:26] App::__construct - SCRIPT_NAME: /WEB_project_presentation_generator/public/index.php
[2025-06-11 11:31:26] App::__construct - PHP_SELF: /WEB_project_presentation_generator/public/index.php
[2025-06-11 11:31:26] App::__construct - Selected controller: DashboardController
[2025-06-11 11:31:26] App::__construct - Selected method: viewWorkspace
[2025-06-11 11:31:26] App::__construct - Parameters: Array
(
    [0] => 15
)

[2025-06-11 11:31:26] App::__construct - Calling controller method with parameters
[2025-06-11 11:31:28] App::parseUrl - Parsed URL from REQUEST_URI: Array
(
    [0] => presentation
    [1] => create
    [2] => 15
)

[2025-06-11 11:31:28] App::parseUrl - Final URL segments: Array
(
    [0] => presentation
    [1] => create
    [2] => 15
)

[2025-06-11 11:31:28] App::__construct - REQUEST_URI: /WEB_project_presentation_generator/public/presentation/create/15
[2025-06-11 11:31:28] App::__construct - REQUEST_METHOD: GET
[2025-06-11 11:31:28] App::__construct - SCRIPT_NAME: /WEB_project_presentation_generator/public/index.php
[2025-06-11 11:31:28] App::__construct - PHP_SELF: /WEB_project_presentation_generator/public/index.php
[2025-06-11 11:31:28] App::__construct - Selected controller: PresentationController
[2025-06-11 11:31:28] App::__construct - Selected method: create
[2025-06-11 11:31:28] App::__construct - Parameters: Array
(
    [0] => 15
)

[2025-06-11 11:31:28] App::__construct - Calling controller method with parameters
[2025-06-11 11:31:37] App::parseUrl - Parsed URL from REQUEST_URI: Array
(
    [0] => presentation
    [1] => import
    [2] => 15
)

[2025-06-11 11:31:37] App::parseUrl - Final URL segments: Array
(
    [0] => presentation
    [1] => import
    [2] => 15
)

[2025-06-11 11:31:37] App::__construct - REQUEST_URI: /WEB_project_presentation_generator/public/presentation/import/15
[2025-06-11 11:31:37] App::__construct - REQUEST_METHOD: POST
[2025-06-11 11:31:37] App::__construct - SCRIPT_NAME: /WEB_project_presentation_generator/public/index.php
[2025-06-11 11:31:37] App::__construct - PHP_SELF: /WEB_project_presentation_generator/public/index.php
[2025-06-11 11:31:37] App::__construct - Selected controller: PresentationController
[2025-06-11 11:31:37] App::__construct - Selected method: import
[2025-06-11 11:31:37] App::__construct - Parameters: Array
(
    [0] => 15
)

[2025-06-11 11:31:37] App::__construct - Calling controller method with parameters
[2025-06-11 11:31:37] App::parseUrl - Parsed URL from REQUEST_URI: Array
(
    [0] => presentation
    [1] => viewPresentation
    [2] => 121
)

[2025-06-11 11:31:37] App::parseUrl - Final URL segments: Array
(
    [0] => presentation
    [1] => viewPresentation
    [2] => 121
)

[2025-06-11 11:31:37] App::__construct - REQUEST_URI: /WEB_project_presentation_generator/public/presentation/viewPresentation/121
[2025-06-11 11:31:37] App::__construct - REQUEST_METHOD: GET
[2025-06-11 11:31:37] App::__construct - SCRIPT_NAME: /WEB_project_presentation_generator/public/index.php
[2025-06-11 11:31:37] App::__construct - PHP_SELF: /WEB_project_presentation_generator/public/index.php
[2025-06-11 11:31:37] App::__construct - Selected controller: PresentationController
[2025-06-11 11:31:37] App::__construct - Selected method: viewPresentation
[2025-06-11 11:31:37] App::__construct - Parameters: Array
(
    [0] => 121
)

[2025-06-11 11:31:37] App::__construct - Calling controller method with parameters
[2025-06-11 11:31:43] App::parseUrl - Parsed URL from REQUEST_URI: Array
(
    [0] => dashboard
)

[2025-06-11 11:31:43] App::parseUrl - Final URL segments: Array
(
    [0] => dashboard
)

[2025-06-11 11:31:43] App::__construct - REQUEST_URI: /WEB_project_presentation_generator/public/dashboard
[2025-06-11 11:31:43] App::__construct - REQUEST_METHOD: GET
[2025-06-11 11:31:43] App::__construct - SCRIPT_NAME: /WEB_project_presentation_generator/public/index.php
[2025-06-11 11:31:43] App::__construct - PHP_SELF: /WEB_project_presentation_generator/public/index.php
[2025-06-11 11:31:43] App::__construct - Selected controller: DashboardController
[2025-06-11 11:31:43] App::__construct - Parameters: Array
(
)

[2025-06-11 11:31:43] App::__construct - Calling controller method with parameters
[2025-06-11 11:31:45] App::parseUrl - Parsed URL from REQUEST_URI: Array
(
    [0] => dashboard
    [1] => viewWorkspace
    [2] => 15
)

[2025-06-11 11:31:45] App::parseUrl - Final URL segments: Array
(
    [0] => dashboard
    [1] => viewWorkspace
    [2] => 15
)

[2025-06-11 11:31:45] App::__construct - REQUEST_URI: /WEB_project_presentation_generator/public/dashboard/viewWorkspace/15
[2025-06-11 11:31:45] App::__construct - REQUEST_METHOD: GET
[2025-06-11 11:31:45] App::__construct - SCRIPT_NAME: /WEB_project_presentation_generator/public/index.php
[2025-06-11 11:31:45] App::__construct - PHP_SELF: /WEB_project_presentation_generator/public/index.php
[2025-06-11 11:31:45] App::__construct - Selected controller: DashboardController
[2025-06-11 11:31:45] App::__construct - Selected method: viewWorkspace
[2025-06-11 11:31:45] App::__construct - Parameters: Array
(
    [0] => 15
)

[2025-06-11 11:31:45] App::__construct - Calling controller method with parameters
[2025-06-11 11:31:49] App::parseUrl - Parsed URL from REQUEST_URI: Array
(
    [0] => dashboard
)

[2025-06-11 11:31:49] App::parseUrl - Final URL segments: Array
(
    [0] => dashboard
)

[2025-06-11 11:31:49] App::__construct - REQUEST_URI: /WEB_project_presentation_generator/public/dashboard
[2025-06-11 11:31:49] App::__construct - REQUEST_METHOD: GET
[2025-06-11 11:31:49] App::__construct - SCRIPT_NAME: /WEB_project_presentation_generator/public/index.php
[2025-06-11 11:31:49] App::__construct - PHP_SELF: /WEB_project_presentation_generator/public/index.php
[2025-06-11 11:31:49] App::__construct - Selected controller: DashboardController
[2025-06-11 11:31:49] App::__construct - Parameters: Array
(
)

[2025-06-11 11:31:49] App::__construct - Calling controller method with parameters
[2025-06-11 11:31:50] App::parseUrl - Parsed URL from REQUEST_URI: Array
(
    [0] => dashboard
    [1] => viewWorkspace
    [2] => 29
)

[2025-06-11 11:31:50] App::parseUrl - Final URL segments: Array
(
    [0] => dashboard
    [1] => viewWorkspace
    [2] => 29
)

[2025-06-11 11:31:50] App::__construct - REQUEST_URI: /WEB_project_presentation_generator/public/dashboard/viewWorkspace/29
[2025-06-11 11:31:50] App::__construct - REQUEST_METHOD: GET
[2025-06-11 11:31:50] App::__construct - SCRIPT_NAME: /WEB_project_presentation_generator/public/index.php
[2025-06-11 11:31:50] App::__construct - PHP_SELF: /WEB_project_presentation_generator/public/index.php
[2025-06-11 11:31:50] App::__construct - Selected controller: DashboardController
[2025-06-11 11:31:50] App::__construct - Selected method: viewWorkspace
[2025-06-11 11:31:50] App::__construct - Parameters: Array
(
    [0] => 29
)

[2025-06-11 11:31:50] App::__construct - Calling controller method with parameters
[2025-06-11 11:31:55] App::parseUrl - Parsed URL from REQUEST_URI: Array
(
    [0] => presentation
    [1] => create
    [2] => 29
)

[2025-06-11 11:31:55] App::parseUrl - Final URL segments: Array
(
    [0] => presentation
    [1] => create
    [2] => 29
)

[2025-06-11 11:31:55] App::__construct - REQUEST_URI: /WEB_project_presentation_generator/public/presentation/create/29
[2025-06-11 11:31:55] App::__construct - REQUEST_METHOD: GET
[2025-06-11 11:31:55] App::__construct - SCRIPT_NAME: /WEB_project_presentation_generator/public/index.php
[2025-06-11 11:31:55] App::__construct - PHP_SELF: /WEB_project_presentation_generator/public/index.php
[2025-06-11 11:31:55] App::__construct - Selected controller: PresentationController
[2025-06-11 11:31:55] App::__construct - Selected method: create
[2025-06-11 11:31:55] App::__construct - Parameters: Array
(
    [0] => 29
)

[2025-06-11 11:31:55] App::__construct - Calling controller method with parameters
[2025-06-11 11:32:06] App::parseUrl - Parsed URL from REQUEST_URI: Array
(
    [0] => presentation
    [1] => import
    [2] => 29
)

[2025-06-11 11:32:06] App::parseUrl - Final URL segments: Array
(
    [0] => presentation
    [1] => import
    [2] => 29
)

[2025-06-11 11:32:06] App::__construct - REQUEST_URI: /WEB_project_presentation_generator/public/presentation/import/29
[2025-06-11 11:32:06] App::__construct - REQUEST_METHOD: POST
[2025-06-11 11:32:06] App::__construct - SCRIPT_NAME: /WEB_project_presentation_generator/public/index.php
[2025-06-11 11:32:06] App::__construct - PHP_SELF: /WEB_project_presentation_generator/public/index.php
[2025-06-11 11:32:06] App::__construct - Selected controller: PresentationController
[2025-06-11 11:32:06] App::__construct - Selected method: import
[2025-06-11 11:32:06] App::__construct - Parameters: Array
(
    [0] => 29
)

[2025-06-11 11:32:06] App::__construct - Calling controller method with parameters
[2025-06-11 11:32:06] App::parseUrl - Parsed URL from REQUEST_URI: Array
(
    [0] => presentation
    [1] => viewPresentation
    [2] => 122
)

[2025-06-11 11:32:06] App::parseUrl - Final URL segments: Array
(
    [0] => presentation
    [1] => viewPresentation
    [2] => 122
)

[2025-06-11 11:32:06] App::__construct - REQUEST_URI: /WEB_project_presentation_generator/public/presentation/viewPresentation/122
[2025-06-11 11:32:06] App::__construct - REQUEST_METHOD: GET
[2025-06-11 11:32:06] App::__construct - SCRIPT_NAME: /WEB_project_presentation_generator/public/index.php
[2025-06-11 11:32:06] App::__construct - PHP_SELF: /WEB_project_presentation_generator/public/index.php
[2025-06-11 11:32:06] App::__construct - Selected controller: PresentationController
[2025-06-11 11:32:06] App::__construct - Selected method: viewPresentation
[2025-06-11 11:32:06] App::__construct - Parameters: Array
(
    [0] => 122
)

[2025-06-11 11:32:06] App::__construct - Calling controller method with parameters
[2025-06-11 11:32:10] App::parseUrl - Parsed URL from REQUEST_URI: Array
(
    [0] => dashboard
)

[2025-06-11 11:32:10] App::parseUrl - Final URL segments: Array
(
    [0] => dashboard
)

[2025-06-11 11:32:11] App::__construct - REQUEST_URI: /WEB_project_presentation_generator/public/dashboard
[2025-06-11 11:32:11] App::__construct - REQUEST_METHOD: GET
[2025-06-11 11:32:11] App::__construct - SCRIPT_NAME: /WEB_project_presentation_generator/public/index.php
[2025-06-11 11:32:11] App::__construct - PHP_SELF: /WEB_project_presentation_generator/public/index.php
[2025-06-11 11:32:11] App::__construct - Selected controller: DashboardController
[2025-06-11 11:32:11] App::__construct - Parameters: Array
(
)

[2025-06-11 11:32:11] App::__construct - Calling controller method with parameters
[2025-06-11 11:38:22] App::parseUrl - Parsed URL from REQUEST_URI: Array
(
    [0] => presentation
    [1] => viewPresentation
    [2] => 121
)

[2025-06-11 11:38:22] App::parseUrl - Final URL segments: Array
(
    [0] => presentation
    [1] => viewPresentation
    [2] => 121
)

[2025-06-11 11:38:22] App::__construct - REQUEST_URI: /WEB_project_presentation_generator/public/presentation/viewPresentation/121
[2025-06-11 11:38:22] App::__construct - REQUEST_METHOD: GET
[2025-06-11 11:38:22] App::__construct - SCRIPT_NAME: /WEB_project_presentation_generator/public/index.php
[2025-06-11 11:38:22] App::__construct - PHP_SELF: /WEB_project_presentation_generator/public/index.php
[2025-06-11 11:38:22] App::__construct - Selected controller: PresentationController
[2025-06-11 11:38:22] App::__construct - Selected method: viewPresentation
[2025-06-11 11:38:22] App::__construct - Parameters: Array
(
    [0] => 121
)

[2025-06-11 11:38:22] App::__construct - Calling controller method with parameters
[2025-06-11 11:38:23] App::parseUrl - Parsed URL from REQUEST_URI: Array
(
    [0] => slides
    [1] => updateOrder
)

[2025-06-11 11:38:23] App::parseUrl - Final URL segments: Array
(
    [0] => slides
    [1] => updateOrder
)

[2025-06-11 11:38:23] App::__construct - REQUEST_URI: /WEB_project_presentation_generator/public/slides/updateOrder
[2025-06-11 11:38:23] App::__construct - REQUEST_METHOD: POST
[2025-06-11 11:38:23] App::__construct - SCRIPT_NAME: /WEB_project_presentation_generator/public/index.php
[2025-06-11 11:38:23] App::__construct - PHP_SELF: /WEB_project_presentation_generator/public/index.php
[2025-06-11 11:38:23] App::__construct - Selected controller: SlideController
[2025-06-11 11:38:23] App::__construct - Selected method: updateOrder
[2025-06-11 11:38:23] App::__construct - Parameters: Array
(
)

[2025-06-11 11:38:23] App::__construct - Calling controller method with parameters
[2025-06-11 11:38:24] App::parseUrl - Parsed URL from REQUEST_URI: Array
(
    [0] => slides
    [1] => updateOrder
)

[2025-06-11 11:38:24] App::parseUrl - Final URL segments: Array
(
    [0] => slides
    [1] => updateOrder
)

[2025-06-11 11:38:24] App::__construct - REQUEST_URI: /WEB_project_presentation_generator/public/slides/updateOrder
[2025-06-11 11:38:24] App::__construct - REQUEST_METHOD: POST
[2025-06-11 11:38:24] App::__construct - SCRIPT_NAME: /WEB_project_presentation_generator/public/index.php
[2025-06-11 11:38:24] App::__construct - PHP_SELF: /WEB_project_presentation_generator/public/index.php
[2025-06-11 11:38:24] App::__construct - Selected controller: SlideController
[2025-06-11 11:38:24] App::__construct - Selected method: updateOrder
[2025-06-11 11:38:24] App::__construct - Parameters: Array
(
)

[2025-06-11 11:38:24] App::__construct - Calling controller method with parameters
[2025-06-11 11:38:31] App::parseUrl - Parsed URL from REQUEST_URI: Array
(
    [0] => presentation
    [1] => viewPresentation
    [2] => 121
)

[2025-06-11 11:38:31] App::parseUrl - Final URL segments: Array
(
    [0] => presentation
    [1] => viewPresentation
    [2] => 121
)

[2025-06-11 11:38:31] App::__construct - REQUEST_URI: /WEB_project_presentation_generator/public/presentation/viewPresentation/121
[2025-06-11 11:38:31] App::__construct - REQUEST_METHOD: GET
[2025-06-11 11:38:31] App::__construct - SCRIPT_NAME: /WEB_project_presentation_generator/public/index.php
[2025-06-11 11:38:31] App::__construct - PHP_SELF: /WEB_project_presentation_generator/public/index.php
[2025-06-11 11:38:31] App::__construct - Selected controller: PresentationController
[2025-06-11 11:38:31] App::__construct - Selected method: viewPresentation
[2025-06-11 11:38:31] App::__construct - Parameters: Array
(
    [0] => 121
)

[2025-06-11 11:38:31] App::__construct - Calling controller method with parameters
[2025-06-11 11:38:42] App::parseUrl - Parsed URL from REQUEST_URI: Array
(
    [0] => slides
    [1] => updateOrder
)

[2025-06-11 11:38:42] App::parseUrl - Final URL segments: Array
(
    [0] => slides
    [1] => updateOrder
)

[2025-06-11 11:38:42] App::__construct - REQUEST_URI: /WEB_project_presentation_generator/public/slides/updateOrder
[2025-06-11 11:38:42] App::__construct - REQUEST_METHOD: POST
[2025-06-11 11:38:42] App::__construct - SCRIPT_NAME: /WEB_project_presentation_generator/public/index.php
[2025-06-11 11:38:42] App::__construct - PHP_SELF: /WEB_project_presentation_generator/public/index.php
[2025-06-11 11:38:42] App::__construct - Selected controller: SlideController
[2025-06-11 11:38:42] App::__construct - Selected method: updateOrder
[2025-06-11 11:38:42] App::__construct - Parameters: Array
(
)

[2025-06-11 11:38:42] App::__construct - Calling controller method with parameters
[2025-06-11 11:38:43] App::parseUrl - Parsed URL from REQUEST_URI: Array
(
    [0] => slides
    [1] => updateOrder
)

[2025-06-11 11:38:43] App::parseUrl - Final URL segments: Array
(
    [0] => slides
    [1] => updateOrder
)

[2025-06-11 11:38:43] App::__construct - REQUEST_URI: /WEB_project_presentation_generator/public/slides/updateOrder
[2025-06-11 11:38:43] App::__construct - REQUEST_METHOD: POST
[2025-06-11 11:38:43] App::__construct - SCRIPT_NAME: /WEB_project_presentation_generator/public/index.php
[2025-06-11 11:38:43] App::__construct - PHP_SELF: /WEB_project_presentation_generator/public/index.php
[2025-06-11 11:38:43] App::__construct - Selected controller: SlideController
[2025-06-11 11:38:43] App::__construct - Selected method: updateOrder
[2025-06-11 11:38:43] App::__construct - Parameters: Array
(
)

[2025-06-11 11:38:43] App::__construct - Calling controller method with parameters
[2025-06-11 11:38:45] App::parseUrl - Parsed URL from REQUEST_URI: Array
(
    [0] => presentation
    [1] => viewPresentation
    [2] => 121
)

[2025-06-11 11:38:45] App::parseUrl - Final URL segments: Array
(
    [0] => presentation
    [1] => viewPresentation
    [2] => 121
)

[2025-06-11 11:38:45] App::__construct - REQUEST_URI: /WEB_project_presentation_generator/public/presentation/viewPresentation/121
[2025-06-11 11:38:45] App::__construct - REQUEST_METHOD: GET
[2025-06-11 11:38:45] App::__construct - SCRIPT_NAME: /WEB_project_presentation_generator/public/index.php
[2025-06-11 11:38:45] App::__construct - PHP_SELF: /WEB_project_presentation_generator/public/index.php
[2025-06-11 11:38:45] App::__construct - Selected controller: PresentationController
[2025-06-11 11:38:45] App::__construct - Selected method: viewPresentation
[2025-06-11 11:38:45] App::__construct - Parameters: Array
(
    [0] => 121
)

[2025-06-11 11:38:45] App::__construct - Calling controller method with parameters
[2025-06-11 11:49:06] App::parseUrl - Parsed URL from REQUEST_URI: Array
(
    [0] => dashboard
)

[2025-06-11 11:49:06] App::parseUrl - Final URL segments: Array
(
    [0] => dashboard
)

[2025-06-11 11:49:06] App::__construct - REQUEST_URI: /WEB_project_presentation_generator/public/dashboard
[2025-06-11 11:49:06] App::__construct - REQUEST_METHOD: GET
[2025-06-11 11:49:06] App::__construct - SCRIPT_NAME: /WEB_project_presentation_generator/public/index.php
[2025-06-11 11:49:06] App::__construct - PHP_SELF: /WEB_project_presentation_generator/public/index.php
[2025-06-11 11:49:06] App::__construct - Selected controller: DashboardController
[2025-06-11 11:49:06] App::__construct - Parameters: Array
(
)

[2025-06-11 11:49:06] App::__construct - Calling controller method with parameters
[2025-06-11 11:49:07] App::parseUrl - Parsed URL from REQUEST_URI: Array
(
    [0] => dashboard
    [1] => viewWorkspace
    [2] => 28
)

[2025-06-11 11:49:07] App::parseUrl - Final URL segments: Array
(
    [0] => dashboard
    [1] => viewWorkspace
    [2] => 28
)

[2025-06-11 11:49:07] App::__construct - REQUEST_URI: /WEB_project_presentation_generator/public/dashboard/viewWorkspace/28
[2025-06-11 11:49:07] App::__construct - REQUEST_METHOD: GET
[2025-06-11 11:49:07] App::__construct - SCRIPT_NAME: /WEB_project_presentation_generator/public/index.php
[2025-06-11 11:49:07] App::__construct - PHP_SELF: /WEB_project_presentation_generator/public/index.php
[2025-06-11 11:49:07] App::__construct - Selected controller: DashboardController
[2025-06-11 11:49:07] App::__construct - Selected method: viewWorkspace
[2025-06-11 11:49:07] App::__construct - Parameters: Array
(
    [0] => 28
)

[2025-06-11 11:49:07] App::__construct - Calling controller method with parameters
[2025-06-11 11:49:08] App::parseUrl - Parsed URL from REQUEST_URI: Array
(
    [0] => dashboard
)

[2025-06-11 11:49:08] App::parseUrl - Final URL segments: Array
(
    [0] => dashboard
)

[2025-06-11 11:49:08] App::__construct - REQUEST_URI: /WEB_project_presentation_generator/public/dashboard
[2025-06-11 11:49:08] App::__construct - REQUEST_METHOD: GET
[2025-06-11 11:49:08] App::__construct - SCRIPT_NAME: /WEB_project_presentation_generator/public/index.php
[2025-06-11 11:49:08] App::__construct - PHP_SELF: /WEB_project_presentation_generator/public/index.php
[2025-06-11 11:49:08] App::__construct - Selected controller: DashboardController
[2025-06-11 11:49:08] App::__construct - Parameters: Array
(
)

[2025-06-11 11:49:08] App::__construct - Calling controller method with parameters
[2025-06-11 11:49:13] App::parseUrl - Parsed URL from REQUEST_URI: Array
(
    [0] => dashboard
    [1] => createWorkspace
)

[2025-06-11 11:49:13] App::parseUrl - Final URL segments: Array
(
    [0] => dashboard
    [1] => createWorkspace
)

[2025-06-11 11:49:13] App::__construct - REQUEST_URI: /WEB_project_presentation_generator/public/dashboard/createWorkspace
[2025-06-11 11:49:13] App::__construct - REQUEST_METHOD: GET
[2025-06-11 11:49:13] App::__construct - SCRIPT_NAME: /WEB_project_presentation_generator/public/index.php
[2025-06-11 11:49:13] App::__construct - PHP_SELF: /WEB_project_presentation_generator/public/index.php
[2025-06-11 11:49:13] App::__construct - Selected controller: DashboardController
[2025-06-11 11:49:13] App::__construct - Selected method: createWorkspace
[2025-06-11 11:49:13] App::__construct - Parameters: Array
(
)

[2025-06-11 11:49:13] App::__construct - Calling controller method with parameters
[2025-06-11 11:49:15] App::parseUrl - Parsed URL from REQUEST_URI: Array
(
    [0] => dashboard
    [1] => createWorkspace
)

[2025-06-11 11:49:15] App::parseUrl - Final URL segments: Array
(
    [0] => dashboard
    [1] => createWorkspace
)

[2025-06-11 11:49:15] App::__construct - REQUEST_URI: /WEB_project_presentation_generator/public/dashboard/createWorkspace
[2025-06-11 11:49:15] App::__construct - REQUEST_METHOD: POST
[2025-06-11 11:49:15] App::__construct - SCRIPT_NAME: /WEB_project_presentation_generator/public/index.php
[2025-06-11 11:49:15] App::__construct - PHP_SELF: /WEB_project_presentation_generator/public/index.php
[2025-06-11 11:49:15] App::__construct - Selected controller: DashboardController
[2025-06-11 11:49:15] App::__construct - Selected method: createWorkspace
[2025-06-11 11:49:15] App::__construct - Parameters: Array
(
)

[2025-06-11 11:49:15] App::__construct - Calling controller method with parameters
[2025-06-11 11:49:15] App::parseUrl - Parsed URL from REQUEST_URI: Array
(
    [0] => dashboard
)

[2025-06-11 11:49:15] App::parseUrl - Final URL segments: Array
(
    [0] => dashboard
)

[2025-06-11 11:49:15] App::__construct - REQUEST_URI: /WEB_project_presentation_generator/public/dashboard
[2025-06-11 11:49:15] App::__construct - REQUEST_METHOD: GET
[2025-06-11 11:49:15] App::__construct - SCRIPT_NAME: /WEB_project_presentation_generator/public/index.php
[2025-06-11 11:49:15] App::__construct - PHP_SELF: /WEB_project_presentation_generator/public/index.php
[2025-06-11 11:49:15] App::__construct - Selected controller: DashboardController
[2025-06-11 11:49:15] App::__construct - Parameters: Array
(
)

[2025-06-11 11:49:15] App::__construct - Calling controller method with parameters
[2025-06-11 11:49:17] App::parseUrl - Parsed URL from REQUEST_URI: Array
(
    [0] => dashboard
    [1] => viewWorkspace
    [2] => 28
)

[2025-06-11 11:49:17] App::parseUrl - Final URL segments: Array
(
    [0] => dashboard
    [1] => viewWorkspace
    [2] => 28
)

[2025-06-11 11:49:17] App::__construct - REQUEST_URI: /WEB_project_presentation_generator/public/dashboard/viewWorkspace/28
[2025-06-11 11:49:17] App::__construct - REQUEST_METHOD: GET
[2025-06-11 11:49:17] App::__construct - SCRIPT_NAME: /WEB_project_presentation_generator/public/index.php
[2025-06-11 11:49:17] App::__construct - PHP_SELF: /WEB_project_presentation_generator/public/index.php
[2025-06-11 11:49:17] App::__construct - Selected controller: DashboardController
[2025-06-11 11:49:17] App::__construct - Selected method: viewWorkspace
[2025-06-11 11:49:17] App::__construct - Parameters: Array
(
    [0] => 28
)

[2025-06-11 11:49:17] App::__construct - Calling controller method with parameters
[2025-06-11 11:49:19] App::parseUrl - Parsed URL from REQUEST_URI: Array
(
    [0] => dashboard
)

[2025-06-11 11:49:19] App::parseUrl - Final URL segments: Array
(
    [0] => dashboard
)

[2025-06-11 11:49:19] App::__construct - REQUEST_URI: /WEB_project_presentation_generator/public/dashboard
[2025-06-11 11:49:19] App::__construct - REQUEST_METHOD: GET
[2025-06-11 11:49:19] App::__construct - SCRIPT_NAME: /WEB_project_presentation_generator/public/index.php
[2025-06-11 11:49:19] App::__construct - PHP_SELF: /WEB_project_presentation_generator/public/index.php
[2025-06-11 11:49:19] App::__construct - Selected controller: DashboardController
[2025-06-11 11:49:19] App::__construct - Parameters: Array
(
)

[2025-06-11 11:49:19] App::__construct - Calling controller method with parameters
[2025-06-11 11:49:20] App::parseUrl - Parsed URL from REQUEST_URI: Array
(
    [0] => dashboard
    [1] => viewWorkspace
    [2] => 30
)

[2025-06-11 11:49:20] App::parseUrl - Final URL segments: Array
(
    [0] => dashboard
    [1] => viewWorkspace
    [2] => 30
)

[2025-06-11 11:49:20] App::__construct - REQUEST_URI: /WEB_project_presentation_generator/public/dashboard/viewWorkspace/30
[2025-06-11 11:49:20] App::__construct - REQUEST_METHOD: GET
[2025-06-11 11:49:20] App::__construct - SCRIPT_NAME: /WEB_project_presentation_generator/public/index.php
[2025-06-11 11:49:20] App::__construct - PHP_SELF: /WEB_project_presentation_generator/public/index.php
[2025-06-11 11:49:20] App::__construct - Selected controller: DashboardController
[2025-06-11 11:49:20] App::__construct - Selected method: viewWorkspace
[2025-06-11 11:49:20] App::__construct - Parameters: Array
(
    [0] => 30
)

[2025-06-11 11:49:20] App::__construct - Calling controller method with parameters
[2025-06-11 11:49:21] App::parseUrl - Parsed URL from REQUEST_URI: Array
(
    [0] => presentation
    [1] => create
    [2] => 30
)

[2025-06-11 11:49:21] App::parseUrl - Final URL segments: Array
(
    [0] => presentation
    [1] => create
    [2] => 30
)

[2025-06-11 11:49:21] App::__construct - REQUEST_URI: /WEB_project_presentation_generator/public/presentation/create/30
[2025-06-11 11:49:21] App::__construct - REQUEST_METHOD: GET
[2025-06-11 11:49:21] App::__construct - SCRIPT_NAME: /WEB_project_presentation_generator/public/index.php
[2025-06-11 11:49:21] App::__construct - PHP_SELF: /WEB_project_presentation_generator/public/index.php
[2025-06-11 11:49:21] App::__construct - Selected controller: PresentationController
[2025-06-11 11:49:21] App::__construct - Selected method: create
[2025-06-11 11:49:21] App::__construct - Parameters: Array
(
    [0] => 30
)

[2025-06-11 11:49:21] App::__construct - Calling controller method with parameters
[2025-06-11 11:49:24] App::parseUrl - Parsed URL from REQUEST_URI: Array
(
    [0] => presentation
    [1] => create
    [2] => 30
)

[2025-06-11 11:49:24] App::parseUrl - Final URL segments: Array
(
    [0] => presentation
    [1] => create
    [2] => 30
)

[2025-06-11 11:49:24] App::__construct - REQUEST_URI: /WEB_project_presentation_generator/public/presentation/create/30
[2025-06-11 11:49:24] App::__construct - REQUEST_METHOD: POST
[2025-06-11 11:49:24] App::__construct - SCRIPT_NAME: /WEB_project_presentation_generator/public/index.php
[2025-06-11 11:49:24] App::__construct - PHP_SELF: /WEB_project_presentation_generator/public/index.php
[2025-06-11 11:49:24] App::__construct - Selected controller: PresentationController
[2025-06-11 11:49:24] App::__construct - Selected method: create
[2025-06-11 11:49:24] App::__construct - Parameters: Array
(
    [0] => 30
)

[2025-06-11 11:49:24] App::__construct - Calling controller method with parameters
[2025-06-11 11:49:24] App::parseUrl - Parsed URL from REQUEST_URI: Array
(
    [0] => presentation
    [1] => viewPresentation
    [2] => 123
)

[2025-06-11 11:49:24] App::parseUrl - Final URL segments: Array
(
    [0] => presentation
    [1] => viewPresentation
    [2] => 123
)

[2025-06-11 11:49:24] App::__construct - REQUEST_URI: /WEB_project_presentation_generator/public/presentation/viewPresentation/123
[2025-06-11 11:49:24] App::__construct - REQUEST_METHOD: GET
[2025-06-11 11:49:24] App::__construct - SCRIPT_NAME: /WEB_project_presentation_generator/public/index.php
[2025-06-11 11:49:24] App::__construct - PHP_SELF: /WEB_project_presentation_generator/public/index.php
[2025-06-11 11:49:24] App::__construct - Selected controller: PresentationController
[2025-06-11 11:49:24] App::__construct - Selected method: viewPresentation
[2025-06-11 11:49:24] App::__construct - Parameters: Array
(
    [0] => 123
)

[2025-06-11 11:49:24] App::__construct - Calling controller method with parameters
[2025-06-11 11:49:25] App::parseUrl - Parsed URL from REQUEST_URI: Array
(
    [0] => dashboard
)

[2025-06-11 11:49:25] App::parseUrl - Final URL segments: Array
(
    [0] => dashboard
)

[2025-06-11 11:49:25] App::__construct - REQUEST_URI: /WEB_project_presentation_generator/public/dashboard
[2025-06-11 11:49:25] App::__construct - REQUEST_METHOD: GET
[2025-06-11 11:49:25] App::__construct - SCRIPT_NAME: /WEB_project_presentation_generator/public/index.php
[2025-06-11 11:49:25] App::__construct - PHP_SELF: /WEB_project_presentation_generator/public/index.php
[2025-06-11 11:49:25] App::__construct - Selected controller: DashboardController
[2025-06-11 11:49:25] App::__construct - Parameters: Array
(
)

[2025-06-11 11:49:25] App::__construct - Calling controller method with parameters
[2025-06-11 11:49:27] App::parseUrl - Parsed URL from REQUEST_URI: Array
(
    [0] => dashboard
    [1] => viewWorkspace
    [2] => 30
)

[2025-06-11 11:49:27] App::parseUrl - Final URL segments: Array
(
    [0] => dashboard
    [1] => viewWorkspace
    [2] => 30
)

[2025-06-11 11:49:27] App::__construct - REQUEST_URI: /WEB_project_presentation_generator/public/dashboard/viewWorkspace/30
[2025-06-11 11:49:27] App::__construct - REQUEST_METHOD: GET
[2025-06-11 11:49:27] App::__construct - SCRIPT_NAME: /WEB_project_presentation_generator/public/index.php
[2025-06-11 11:49:27] App::__construct - PHP_SELF: /WEB_project_presentation_generator/public/index.php
[2025-06-11 11:49:27] App::__construct - Selected controller: DashboardController
[2025-06-11 11:49:27] App::__construct - Selected method: viewWorkspace
[2025-06-11 11:49:27] App::__construct - Parameters: Array
(
    [0] => 30
)

[2025-06-11 11:49:27] App::__construct - Calling controller method with parameters
[2025-06-11 11:49:29] App::parseUrl - Parsed URL from REQUEST_URI: Array
(
    [0] => dashboard
    [1] => shareWorkspace
    [2] => 30
)

[2025-06-11 11:49:29] App::parseUrl - Final URL segments: Array
(
    [0] => dashboard
    [1] => shareWorkspace
    [2] => 30
)

[2025-06-11 11:49:29] App::__construct - REQUEST_URI: /WEB_project_presentation_generator/public/dashboard/shareWorkspace/30
[2025-06-11 11:49:29] App::__construct - REQUEST_METHOD: GET
[2025-06-11 11:49:29] App::__construct - SCRIPT_NAME: /WEB_project_presentation_generator/public/index.php
[2025-06-11 11:49:29] App::__construct - PHP_SELF: /WEB_project_presentation_generator/public/index.php
[2025-06-11 11:49:29] App::__construct - Selected controller: DashboardController
[2025-06-11 11:49:29] App::__construct - Selected method: shareWorkspace
[2025-06-11 11:49:29] App::__construct - Parameters: Array
(
    [0] => 30
)

[2025-06-11 11:49:29] App::__construct - Calling controller method with parameters
[2025-06-11 11:49:30] App::parseUrl - Parsed URL from REQUEST_URI: Array
(
    [0] => dashboard
    [1] => removeMember
    [2] => 30
)

[2025-06-11 11:49:30] App::parseUrl - Final URL segments: Array
(
    [0] => dashboard
    [1] => removeMember
    [2] => 30
)

[2025-06-11 11:49:30] App::__construct - REQUEST_URI: /WEB_project_presentation_generator/public/dashboard/removeMember/30
[2025-06-11 11:49:30] App::__construct - REQUEST_METHOD: POST
[2025-06-11 11:49:30] App::__construct - SCRIPT_NAME: /WEB_project_presentation_generator/public/index.php
[2025-06-11 11:49:30] App::__construct - PHP_SELF: /WEB_project_presentation_generator/public/index.php
[2025-06-11 11:49:30] App::__construct - Selected controller: DashboardController
[2025-06-11 11:49:30] App::__construct - Selected method: removeMember
[2025-06-11 11:49:30] App::__construct - Parameters: Array
(
    [0] => 30
)

[2025-06-11 11:49:30] App::__construct - Calling controller method with parameters
[2025-06-11 11:49:30] App::parseUrl - Parsed URL from REQUEST_URI: Array
(
    [0] => dashboard
    [1] => shareWorkspace
    [2] => 30
)

[2025-06-11 11:49:30] App::parseUrl - Final URL segments: Array
(
    [0] => dashboard
    [1] => shareWorkspace
    [2] => 30
)

[2025-06-11 11:49:30] App::__construct - REQUEST_URI: /WEB_project_presentation_generator/public/dashboard/shareWorkspace/30?success=%D0%A7%D0%BB%D0%B5%D0%BD%D1%8A%D1%82+%D0%B5+%D0%BF%D1%80%D0%B5%D0%BC%D0%B0%D1%85%D0%BD%D0%B0%D1%82+%D1%83%D1%81%D0%BF%D0%B5%D1%88%D0%BD%D0%BE
[2025-06-11 11:49:30] App::__construct - REQUEST_METHOD: GET
[2025-06-11 11:49:30] App::__construct - SCRIPT_NAME: /WEB_project_presentation_generator/public/index.php
[2025-06-11 11:49:30] App::__construct - PHP_SELF: /WEB_project_presentation_generator/public/index.php
[2025-06-11 11:49:30] App::__construct - Selected controller: DashboardController
[2025-06-11 11:49:30] App::__construct - Selected method: shareWorkspace
[2025-06-11 11:49:30] App::__construct - Parameters: Array
(
    [0] => 30
)

[2025-06-11 11:49:30] App::__construct - Calling controller method with parameters
[2025-06-11 11:49:30] App::parseUrl - Parsed URL from REQUEST_URI: Array
(
    [0] => dashboard
)

[2025-06-11 11:49:30] App::parseUrl - Final URL segments: Array
(
    [0] => dashboard
)

[2025-06-11 11:49:30] App::__construct - REQUEST_URI: /WEB_project_presentation_generator/public/dashboard?error=%D0%9D%D1%8F%D0%BC%D0%B0%D1%82%D0%B5+%D0%BF%D1%80%D0%B0%D0%B2%D0%B0+%D0%B7%D0%B0+%D1%81%D0%BF%D0%BE%D0%B4%D0%B5%D0%BB%D1%8F%D0%BD%D0%B5+%D0%BD%D0%B0+%D1%82%D0%BE%D0%B2%D0%B0+%D1%80%D0%B0%D0%B1%D0%BE%D1%82%D0%BD%D0%BE+%D0%BF%D1%80%D0%BE%D1%81%D1%82%D1%80%D0%B0%D0%BD%D1%81%D1%82%D0%B2%D0%BE
[2025-06-11 11:49:30] App::__construct - REQUEST_METHOD: GET
[2025-06-11 11:49:30] App::__construct - SCRIPT_NAME: /WEB_project_presentation_generator/public/index.php
[2025-06-11 11:49:30] App::__construct - PHP_SELF: /WEB_project_presentation_generator/public/index.php
[2025-06-11 11:49:30] App::__construct - Selected controller: DashboardController
[2025-06-11 11:49:30] App::__construct - Parameters: Array
(
)

[2025-06-11 11:49:30] App::__construct - Calling controller method with parameters
[2025-06-11 11:54:02] App::parseUrl - Parsed URL from REQUEST_URI: Array
(
    [0] => dashboard
)

[2025-06-11 11:54:02] App::parseUrl - Final URL segments: Array
(
    [0] => dashboard
)

[2025-06-11 11:54:02] App::__construct - REQUEST_URI: /WEB_project_presentation_generator/public/dashboard?error=%D0%9D%D1%8F%D0%BC%D0%B0%D1%82%D0%B5+%D0%BF%D1%80%D0%B0%D0%B2%D0%B0+%D0%B7%D0%B0+%D1%81%D0%BF%D0%BE%D0%B4%D0%B5%D0%BB%D1%8F%D0%BD%D0%B5+%D0%BD%D0%B0+%D1%82%D0%BE%D0%B2%D0%B0+%D1%80%D0%B0%D0%B1%D0%BE%D1%82%D0%BD%D0%BE+%D0%BF%D1%80%D0%BE%D1%81%D1%82%D1%80%D0%B0%D0%BD%D1%81%D1%82%D0%B2%D0%BE
[2025-06-11 11:54:02] App::__construct - REQUEST_METHOD: GET
[2025-06-11 11:54:02] App::__construct - SCRIPT_NAME: /WEB_project_presentation_generator/public/index.php
[2025-06-11 11:54:02] App::__construct - PHP_SELF: /WEB_project_presentation_generator/public/index.php
[2025-06-11 11:54:02] App::__construct - Selected controller: DashboardController
[2025-06-11 11:54:02] App::__construct - Parameters: Array
(
)

[2025-06-11 11:54:02] App::__construct - Calling controller method with parameters
[2025-06-11 11:57:06] App::parseUrl - Parsed URL from REQUEST_URI: Array
(
    [0] => dashboard
    [1] => viewWorkspace
    [2] => 28
)

[2025-06-11 11:57:06] App::parseUrl - Final URL segments: Array
(
    [0] => dashboard
    [1] => viewWorkspace
    [2] => 28
)

[2025-06-11 11:57:06] App::__construct - REQUEST_URI: /WEB_project_presentation_generator/public/dashboard/viewWorkspace/28
[2025-06-11 11:57:06] App::__construct - REQUEST_METHOD: GET
[2025-06-11 11:57:06] App::__construct - SCRIPT_NAME: /WEB_project_presentation_generator/public/index.php
[2025-06-11 11:57:06] App::__construct - PHP_SELF: /WEB_project_presentation_generator/public/index.php
[2025-06-11 11:57:06] App::__construct - Selected controller: DashboardController
[2025-06-11 11:57:06] App::__construct - Selected method: viewWorkspace
[2025-06-11 11:57:06] App::__construct - Parameters: Array
(
    [0] => 28
)

[2025-06-11 11:57:06] App::__construct - Calling controller method with parameters
[2025-06-11 11:57:08] App::parseUrl - Parsed URL from REQUEST_URI: Array
(
    [0] => dashboard
)

[2025-06-11 11:57:08] App::parseUrl - Final URL segments: Array
(
    [0] => dashboard
)

[2025-06-11 11:57:08] App::__construct - REQUEST_URI: /WEB_project_presentation_generator/public/dashboard
[2025-06-11 11:57:08] App::__construct - REQUEST_METHOD: GET
[2025-06-11 11:57:08] App::__construct - SCRIPT_NAME: /WEB_project_presentation_generator/public/index.php
[2025-06-11 11:57:08] App::__construct - PHP_SELF: /WEB_project_presentation_generator/public/index.php
[2025-06-11 11:57:08] App::__construct - Selected controller: DashboardController
[2025-06-11 11:57:08] App::__construct - Parameters: Array
(
)

[2025-06-11 11:57:08] App::__construct - Calling controller method with parameters
[2025-06-11 11:57:10] App::parseUrl - Parsed URL from REQUEST_URI: Array
(
    [0] => dashboard
    [1] => createWorkspace
)

[2025-06-11 11:57:10] App::parseUrl - Final URL segments: Array
(
    [0] => dashboard
    [1] => createWorkspace
)

[2025-06-11 11:57:10] App::__construct - REQUEST_URI: /WEB_project_presentation_generator/public/dashboard/createWorkspace
[2025-06-11 11:57:10] App::__construct - REQUEST_METHOD: GET
[2025-06-11 11:57:10] App::__construct - SCRIPT_NAME: /WEB_project_presentation_generator/public/index.php
[2025-06-11 11:57:10] App::__construct - PHP_SELF: /WEB_project_presentation_generator/public/index.php
[2025-06-11 11:57:10] App::__construct - Selected controller: DashboardController
[2025-06-11 11:57:10] App::__construct - Selected method: createWorkspace
[2025-06-11 11:57:10] App::__construct - Parameters: Array
(
)

[2025-06-11 11:57:10] App::__construct - Calling controller method with parameters
[2025-06-11 11:57:12] App::parseUrl - Parsed URL from REQUEST_URI: Array
(
    [0] => dashboard
    [1] => createWorkspace
)

[2025-06-11 11:57:12] App::parseUrl - Final URL segments: Array
(
    [0] => dashboard
    [1] => createWorkspace
)

[2025-06-11 11:57:12] App::__construct - REQUEST_URI: /WEB_project_presentation_generator/public/dashboard/createWorkspace
[2025-06-11 11:57:12] App::__construct - REQUEST_METHOD: POST
[2025-06-11 11:57:12] App::__construct - SCRIPT_NAME: /WEB_project_presentation_generator/public/index.php
[2025-06-11 11:57:12] App::__construct - PHP_SELF: /WEB_project_presentation_generator/public/index.php
[2025-06-11 11:57:12] App::__construct - Selected controller: DashboardController
[2025-06-11 11:57:12] App::__construct - Selected method: createWorkspace
[2025-06-11 11:57:12] App::__construct - Parameters: Array
(
)

[2025-06-11 11:57:12] App::__construct - Calling controller method with parameters
[2025-06-11 11:57:12] App::parseUrl - Parsed URL from REQUEST_URI: Array
(
    [0] => dashboard
)

[2025-06-11 11:57:12] App::parseUrl - Final URL segments: Array
(
    [0] => dashboard
)

[2025-06-11 11:57:12] App::__construct - REQUEST_URI: /WEB_project_presentation_generator/public/dashboard
[2025-06-11 11:57:12] App::__construct - REQUEST_METHOD: GET
[2025-06-11 11:57:12] App::__construct - SCRIPT_NAME: /WEB_project_presentation_generator/public/index.php
[2025-06-11 11:57:12] App::__construct - PHP_SELF: /WEB_project_presentation_generator/public/index.php
[2025-06-11 11:57:12] App::__construct - Selected controller: DashboardController
[2025-06-11 11:57:12] App::__construct - Parameters: Array
(
)

[2025-06-11 11:57:12] App::__construct - Calling controller method with parameters
[2025-06-11 11:57:13] App::parseUrl - Parsed URL from REQUEST_URI: Array
(
    [0] => dashboard
    [1] => viewWorkspace
    [2] => 31
)

[2025-06-11 11:57:13] App::parseUrl - Final URL segments: Array
(
    [0] => dashboard
    [1] => viewWorkspace
    [2] => 31
)

[2025-06-11 11:57:13] App::__construct - REQUEST_URI: /WEB_project_presentation_generator/public/dashboard/viewWorkspace/31
[2025-06-11 11:57:13] App::__construct - REQUEST_METHOD: GET
[2025-06-11 11:57:13] App::__construct - SCRIPT_NAME: /WEB_project_presentation_generator/public/index.php
[2025-06-11 11:57:13] App::__construct - PHP_SELF: /WEB_project_presentation_generator/public/index.php
[2025-06-11 11:57:13] App::__construct - Selected controller: DashboardController
[2025-06-11 11:57:13] App::__construct - Selected method: viewWorkspace
[2025-06-11 11:57:13] App::__construct - Parameters: Array
(
    [0] => 31
)

[2025-06-11 11:57:13] App::__construct - Calling controller method with parameters
[2025-06-11 11:57:14] App::parseUrl - Parsed URL from REQUEST_URI: Array
(
    [0] => dashboard
    [1] => shareWorkspace
    [2] => 31
)

[2025-06-11 11:57:14] App::parseUrl - Final URL segments: Array
(
    [0] => dashboard
    [1] => shareWorkspace
    [2] => 31
)

[2025-06-11 11:57:14] App::__construct - REQUEST_URI: /WEB_project_presentation_generator/public/dashboard/shareWorkspace/31
[2025-06-11 11:57:14] App::__construct - REQUEST_METHOD: GET
[2025-06-11 11:57:14] App::__construct - SCRIPT_NAME: /WEB_project_presentation_generator/public/index.php
[2025-06-11 11:57:14] App::__construct - PHP_SELF: /WEB_project_presentation_generator/public/index.php
[2025-06-11 11:57:14] App::__construct - Selected controller: DashboardController
[2025-06-11 11:57:14] App::__construct - Selected method: shareWorkspace
[2025-06-11 11:57:14] App::__construct - Parameters: Array
(
    [0] => 31
)

[2025-06-11 11:57:14] App::__construct - Calling controller method with parameters
[2025-06-11 11:57:23] App::parseUrl - Parsed URL from REQUEST_URI: Array
(
    [0] => dashboard
    [1] => shareWorkspace
    [2] => 31
)

[2025-06-11 11:57:23] App::parseUrl - Final URL segments: Array
(
    [0] => dashboard
    [1] => shareWorkspace
    [2] => 31
)

[2025-06-11 11:57:23] App::__construct - REQUEST_URI: /WEB_project_presentation_generator/public/dashboard/shareWorkspace/31
[2025-06-11 11:57:23] App::__construct - REQUEST_METHOD: POST
[2025-06-11 11:57:23] App::__construct - SCRIPT_NAME: /WEB_project_presentation_generator/public/index.php
[2025-06-11 11:57:23] App::__construct - PHP_SELF: /WEB_project_presentation_generator/public/index.php
[2025-06-11 11:57:23] App::__construct - Selected controller: DashboardController
[2025-06-11 11:57:23] App::__construct - Selected method: shareWorkspace
[2025-06-11 11:57:23] App::__construct - Parameters: Array
(
    [0] => 31
)

[2025-06-11 11:57:23] App::__construct - Calling controller method with parameters
[2025-06-11 11:57:23] App::parseUrl - Parsed URL from REQUEST_URI: Array
(
    [0] => dashboard
    [1] => workspace
    [2] => 31
)

[2025-06-11 11:57:23] App::parseUrl - Final URL segments: Array
(
    [0] => dashboard
    [1] => workspace
    [2] => 31
)

[2025-06-11 11:57:23] App::__construct - REQUEST_URI: /WEB_project_presentation_generator/public/dashboard/workspace/31?error=%D0%9F%D0%BE%D1%82%D1%80%D0%B5%D0%B1%D0%B8%D1%82%D0%B5%D0%BB%D1%8F%D1%82+%D0%B2%D0%B5%D1%87%D0%B5+%D0%B8%D0%BC%D0%B0+%D0%B4%D0%BE%D1%81%D1%82%D1%8A%D0%BF+%D0%B4%D0%BE+%D1%82%D0%BE%D0%B2%D0%B0+%D1%80%D0%B0%D0%B1%D0%BE%D1%82%D0%BD%D0%BE+%D0%BF%D1%80%D0%BE%D1%81%D1%82%D1%80%D0%B0%D0%BD%D1%81%D1%82%D0%B2%D0%BE
[2025-06-11 11:57:23] App::__construct - REQUEST_METHOD: GET
[2025-06-11 11:57:23] App::__construct - SCRIPT_NAME: /WEB_project_presentation_generator/public/index.php
[2025-06-11 11:57:23] App::__construct - PHP_SELF: /WEB_project_presentation_generator/public/index.php
[2025-06-11 11:57:23] App::__construct - Selected controller: DashboardController
[2025-06-11 11:57:23] App::parseUrl - Parsed URL from REQUEST_URI: Array
(
    [0] => dashboard
)

[2025-06-11 11:57:23] App::parseUrl - Final URL segments: Array
(
    [0] => dashboard
)

[2025-06-11 11:57:23] App::__construct - REQUEST_URI: /WEB_project_presentation_generator/public/dashboard
[2025-06-11 11:57:23] App::__construct - REQUEST_METHOD: GET
[2025-06-11 11:57:23] App::__construct - SCRIPT_NAME: /WEB_project_presentation_generator/public/index.php
[2025-06-11 11:57:23] App::__construct - PHP_SELF: /WEB_project_presentation_generator/public/index.php
[2025-06-11 11:57:23] App::__construct - Selected controller: DashboardController
[2025-06-11 11:57:23] App::__construct - Parameters: Array
(
)

[2025-06-11 11:57:23] App::__construct - Calling controller method with parameters
[2025-06-11 11:57:25] App::parseUrl - Parsed URL from REQUEST_URI: Array
(
    [0] => dashboard
    [1] => viewWorkspace
    [2] => 31
)

[2025-06-11 11:57:25] App::parseUrl - Final URL segments: Array
(
    [0] => dashboard
    [1] => viewWorkspace
    [2] => 31
)

[2025-06-11 11:57:25] App::__construct - REQUEST_URI: /WEB_project_presentation_generator/public/dashboard/viewWorkspace/31
[2025-06-11 11:57:25] App::__construct - REQUEST_METHOD: GET
[2025-06-11 11:57:25] App::__construct - SCRIPT_NAME: /WEB_project_presentation_generator/public/index.php
[2025-06-11 11:57:25] App::__construct - PHP_SELF: /WEB_project_presentation_generator/public/index.php
[2025-06-11 11:57:25] App::__construct - Selected controller: DashboardController
[2025-06-11 11:57:25] App::__construct - Selected method: viewWorkspace
[2025-06-11 11:57:25] App::__construct - Parameters: Array
(
    [0] => 31
)

[2025-06-11 11:57:25] App::__construct - Calling controller method with parameters
[2025-06-11 11:57:27] App::parseUrl - Parsed URL from REQUEST_URI: Array
(
    [0] => dashboard
    [1] => shareWorkspace
    [2] => 31
)

[2025-06-11 11:57:27] App::parseUrl - Final URL segments: Array
(
    [0] => dashboard
    [1] => shareWorkspace
    [2] => 31
)

[2025-06-11 11:57:27] App::__construct - REQUEST_URI: /WEB_project_presentation_generator/public/dashboard/shareWorkspace/31
[2025-06-11 11:57:27] App::__construct - REQUEST_METHOD: GET
[2025-06-11 11:57:27] App::__construct - SCRIPT_NAME: /WEB_project_presentation_generator/public/index.php
[2025-06-11 11:57:27] App::__construct - PHP_SELF: /WEB_project_presentation_generator/public/index.php
[2025-06-11 11:57:27] App::__construct - Selected controller: DashboardController
[2025-06-11 11:57:27] App::__construct - Selected method: shareWorkspace
[2025-06-11 11:57:27] App::__construct - Parameters: Array
(
    [0] => 31
)

[2025-06-11 11:57:27] App::__construct - Calling controller method with parameters
[2025-06-11 11:57:29] App::parseUrl - Parsed URL from REQUEST_URI: Array
(
    [0] => dashboard
    [1] => workspace
    [2] => 31
)

[2025-06-11 11:57:29] App::parseUrl - Final URL segments: Array
(
    [0] => dashboard
    [1] => workspace
    [2] => 31
)

[2025-06-11 11:57:29] App::__construct - REQUEST_URI: /WEB_project_presentation_generator/public/dashboard/workspace/31
[2025-06-11 11:57:29] App::__construct - REQUEST_METHOD: GET
[2025-06-11 11:57:29] App::__construct - SCRIPT_NAME: /WEB_project_presentation_generator/public/index.php
[2025-06-11 11:57:29] App::__construct - PHP_SELF: /WEB_project_presentation_generator/public/index.php
[2025-06-11 11:57:29] App::__construct - Selected controller: DashboardController
[2025-06-11 11:57:29] App::parseUrl - Parsed URL from REQUEST_URI: Array
(
    [0] => dashboard
)

[2025-06-11 11:57:29] App::parseUrl - Final URL segments: Array
(
    [0] => dashboard
)

[2025-06-11 11:57:29] App::__construct - REQUEST_URI: /WEB_project_presentation_generator/public/dashboard
[2025-06-11 11:57:29] App::__construct - REQUEST_METHOD: GET
[2025-06-11 11:57:29] App::__construct - SCRIPT_NAME: /WEB_project_presentation_generator/public/index.php
[2025-06-11 11:57:29] App::__construct - PHP_SELF: /WEB_project_presentation_generator/public/index.php
[2025-06-11 11:57:29] App::__construct - Selected controller: DashboardController
[2025-06-11 11:57:29] App::__construct - Parameters: Array
(
)

[2025-06-11 11:57:29] App::__construct - Calling controller method with parameters
[2025-06-11 11:57:35] App::parseUrl - Parsed URL from REQUEST_URI: Array
(
    [0] => dashboard
)

[2025-06-11 11:57:35] App::parseUrl - Final URL segments: Array
(
    [0] => dashboard
)

[2025-06-11 11:57:35] App::__construct - REQUEST_URI: /WEB_project_presentation_generator/public/dashboard
[2025-06-11 11:57:35] App::__construct - REQUEST_METHOD: GET
[2025-06-11 11:57:35] App::__construct - SCRIPT_NAME: /WEB_project_presentation_generator/public/index.php
[2025-06-11 11:57:35] App::__construct - PHP_SELF: /WEB_project_presentation_generator/public/index.php
[2025-06-11 11:57:35] App::__construct - Selected controller: DashboardController
[2025-06-11 11:57:35] App::__construct - Parameters: Array
(
)

[2025-06-11 11:57:35] App::__construct - Calling controller method with parameters
[2025-06-11 11:57:38] App::parseUrl - Parsed URL from REQUEST_URI: Array
(
    [0] => dashboard
)

[2025-06-11 11:57:38] App::parseUrl - Final URL segments: Array
(
    [0] => dashboard
)

[2025-06-11 11:57:38] App::__construct - REQUEST_URI: /WEB_project_presentation_generator/public/dashboard
[2025-06-11 11:57:38] App::__construct - REQUEST_METHOD: GET
[2025-06-11 11:57:38] App::__construct - SCRIPT_NAME: /WEB_project_presentation_generator/public/index.php
[2025-06-11 11:57:38] App::__construct - PHP_SELF: /WEB_project_presentation_generator/public/index.php
[2025-06-11 11:57:38] App::__construct - Selected controller: DashboardController
[2025-06-11 11:57:38] App::__construct - Parameters: Array
(
)

[2025-06-11 11:57:38] App::__construct - Calling controller method with parameters
[2025-06-11 11:57:46] App::parseUrl - Parsed URL from REQUEST_URI: Array
(
    [0] => dashboard
    [1] => viewWorkspace
    [2] => 31
)

[2025-06-11 11:57:46] App::parseUrl - Final URL segments: Array
(
    [0] => dashboard
    [1] => viewWorkspace
    [2] => 31
)

[2025-06-11 11:57:46] App::__construct - REQUEST_URI: /WEB_project_presentation_generator/public/dashboard/viewWorkspace/31
[2025-06-11 11:57:46] App::__construct - REQUEST_METHOD: GET
[2025-06-11 11:57:46] App::__construct - SCRIPT_NAME: /WEB_project_presentation_generator/public/index.php
[2025-06-11 11:57:46] App::__construct - PHP_SELF: /WEB_project_presentation_generator/public/index.php
[2025-06-11 11:57:46] App::__construct - Selected controller: DashboardController
[2025-06-11 11:57:46] App::__construct - Selected method: viewWorkspace
[2025-06-11 11:57:46] App::__construct - Parameters: Array
(
    [0] => 31
)

[2025-06-11 11:57:46] App::__construct - Calling controller method with parameters
[2025-06-11 11:57:47] App::parseUrl - Parsed URL from REQUEST_URI: Array
(
    [0] => dashboard
    [1] => shareWorkspace
    [2] => 31
)

[2025-06-11 11:57:47] App::parseUrl - Final URL segments: Array
(
    [0] => dashboard
    [1] => shareWorkspace
    [2] => 31
)

[2025-06-11 11:57:47] App::__construct - REQUEST_URI: /WEB_project_presentation_generator/public/dashboard/shareWorkspace/31
[2025-06-11 11:57:47] App::__construct - REQUEST_METHOD: GET
[2025-06-11 11:57:47] App::__construct - SCRIPT_NAME: /WEB_project_presentation_generator/public/index.php
[2025-06-11 11:57:47] App::__construct - PHP_SELF: /WEB_project_presentation_generator/public/index.php
[2025-06-11 11:57:47] App::__construct - Selected controller: DashboardController
[2025-06-11 11:57:47] App::__construct - Selected method: shareWorkspace
[2025-06-11 11:57:47] App::__construct - Parameters: Array
(
    [0] => 31
)

[2025-06-11 11:57:47] App::__construct - Calling controller method with parameters
[2025-06-11 11:57:50] App::parseUrl - Parsed URL from REQUEST_URI: Array
(
    [0] => dashboard
    [1] => shareWorkspace
    [2] => 31
)

[2025-06-11 11:57:50] App::parseUrl - Final URL segments: Array
(
    [0] => dashboard
    [1] => shareWorkspace
    [2] => 31
)

[2025-06-11 11:57:50] App::__construct - REQUEST_URI: /WEB_project_presentation_generator/public/dashboard/shareWorkspace/31
[2025-06-11 11:57:50] App::__construct - REQUEST_METHOD: POST
[2025-06-11 11:57:50] App::__construct - SCRIPT_NAME: /WEB_project_presentation_generator/public/index.php
[2025-06-11 11:57:50] App::__construct - PHP_SELF: /WEB_project_presentation_generator/public/index.php
[2025-06-11 11:57:50] App::__construct - Selected controller: DashboardController
[2025-06-11 11:57:50] App::__construct - Selected method: shareWorkspace
[2025-06-11 11:57:50] App::__construct - Parameters: Array
(
    [0] => 31
)

[2025-06-11 11:57:50] App::__construct - Calling controller method with parameters
[2025-06-11 11:57:50] App::parseUrl - Parsed URL from REQUEST_URI: Array
(
    [0] => dashboard
    [1] => workspace
    [2] => 31
)

[2025-06-11 11:57:50] App::parseUrl - Final URL segments: Array
(
    [0] => dashboard
    [1] => workspace
    [2] => 31
)

[2025-06-11 11:57:50] App::__construct - REQUEST_URI: /WEB_project_presentation_generator/public/dashboard/workspace/31?success=%D0%A0%D0%B0%D0%B1%D0%BE%D1%82%D0%BD%D0%BE%D1%82%D0%BE+%D0%BF%D1%80%D0%BE%D1%81%D1%82%D1%80%D0%B0%D0%BD%D1%81%D1%82%D0%B2%D0%BE+%D0%B5+%D1%81%D0%BF%D0%BE%D0%B4%D0%B5%D0%BB%D0%B5%D0%BD%D0%BE+%D1%83%D1%81%D0%BF%D0%B5%D1%88%D0%BD%D0%BE
[2025-06-11 11:57:50] App::__construct - REQUEST_METHOD: GET
[2025-06-11 11:57:50] App::__construct - SCRIPT_NAME: /WEB_project_presentation_generator/public/index.php
[2025-06-11 11:57:50] App::__construct - PHP_SELF: /WEB_project_presentation_generator/public/index.php
[2025-06-11 11:57:50] App::__construct - Selected controller: DashboardController
[2025-06-11 11:57:50] App::parseUrl - Parsed URL from REQUEST_URI: Array
(
    [0] => dashboard
)

[2025-06-11 11:57:50] App::parseUrl - Final URL segments: Array
(
    [0] => dashboard
)

[2025-06-11 11:57:50] App::__construct - REQUEST_URI: /WEB_project_presentation_generator/public/dashboard
[2025-06-11 11:57:50] App::__construct - REQUEST_METHOD: GET
[2025-06-11 11:57:50] App::__construct - SCRIPT_NAME: /WEB_project_presentation_generator/public/index.php
[2025-06-11 11:57:50] App::__construct - PHP_SELF: /WEB_project_presentation_generator/public/index.php
[2025-06-11 11:57:50] App::__construct - Selected controller: DashboardController
[2025-06-11 11:57:50] App::__construct - Parameters: Array
(
)

[2025-06-11 11:57:50] App::__construct - Calling controller method with parameters
[2025-06-11 11:57:54] App::parseUrl - Parsed URL from REQUEST_URI: Array
(
    [0] => dashboard
)

[2025-06-11 11:57:54] App::parseUrl - Final URL segments: Array
(
    [0] => dashboard
)

[2025-06-11 11:57:54] App::__construct - REQUEST_URI: /WEB_project_presentation_generator/public/dashboard
[2025-06-11 11:57:54] App::__construct - REQUEST_METHOD: GET
[2025-06-11 11:57:54] App::__construct - SCRIPT_NAME: /WEB_project_presentation_generator/public/index.php
[2025-06-11 11:57:54] App::__construct - PHP_SELF: /WEB_project_presentation_generator/public/index.php
[2025-06-11 11:57:54] App::__construct - Selected controller: DashboardController
[2025-06-11 11:57:54] App::__construct - Parameters: Array
(
)

[2025-06-11 11:57:54] App::__construct - Calling controller method with parameters
[2025-06-11 11:57:55] App::parseUrl - Parsed URL from REQUEST_URI: Array
(
    [0] => dashboard
    [1] => viewWorkspace
    [2] => 31
)

[2025-06-11 11:57:55] App::parseUrl - Final URL segments: Array
(
    [0] => dashboard
    [1] => viewWorkspace
    [2] => 31
)

[2025-06-11 11:57:55] App::__construct - REQUEST_URI: /WEB_project_presentation_generator/public/dashboard/viewWorkspace/31
[2025-06-11 11:57:55] App::__construct - REQUEST_METHOD: GET
[2025-06-11 11:57:55] App::__construct - SCRIPT_NAME: /WEB_project_presentation_generator/public/index.php
[2025-06-11 11:57:55] App::__construct - PHP_SELF: /WEB_project_presentation_generator/public/index.php
[2025-06-11 11:57:55] App::__construct - Selected controller: DashboardController
[2025-06-11 11:57:55] App::__construct - Selected method: viewWorkspace
[2025-06-11 11:57:55] App::__construct - Parameters: Array
(
    [0] => 31
)

[2025-06-11 11:57:55] App::__construct - Calling controller method with parameters
[2025-06-11 11:57:57] App::parseUrl - Parsed URL from REQUEST_URI: Array
(
    [0] => dashboard
    [1] => viewWorkspace
    [2] => 31
)

[2025-06-11 11:57:57] App::parseUrl - Final URL segments: Array
(
    [0] => dashboard
    [1] => viewWorkspace
    [2] => 31
)

[2025-06-11 11:57:57] App::__construct - REQUEST_URI: /WEB_project_presentation_generator/public/dashboard/viewWorkspace/31
[2025-06-11 11:57:57] App::__construct - REQUEST_METHOD: GET
[2025-06-11 11:57:57] App::__construct - SCRIPT_NAME: /WEB_project_presentation_generator/public/index.php
[2025-06-11 11:57:57] App::__construct - PHP_SELF: /WEB_project_presentation_generator/public/index.php
[2025-06-11 11:57:57] App::__construct - Selected controller: DashboardController
[2025-06-11 11:57:57] App::__construct - Selected method: viewWorkspace
[2025-06-11 11:57:57] App::__construct - Parameters: Array
(
    [0] => 31
)

[2025-06-11 11:57:57] App::__construct - Calling controller method with parameters
[2025-06-11 11:57:59] App::parseUrl - Parsed URL from REQUEST_URI: Array
(
    [0] => dashboard
    [1] => shareWorkspace
    [2] => 31
)

[2025-06-11 11:57:59] App::parseUrl - Final URL segments: Array
(
    [0] => dashboard
    [1] => shareWorkspace
    [2] => 31
)

[2025-06-11 11:57:59] App::__construct - REQUEST_URI: /WEB_project_presentation_generator/public/dashboard/shareWorkspace/31
[2025-06-11 11:57:59] App::__construct - REQUEST_METHOD: GET
[2025-06-11 11:57:59] App::__construct - SCRIPT_NAME: /WEB_project_presentation_generator/public/index.php
[2025-06-11 11:57:59] App::__construct - PHP_SELF: /WEB_project_presentation_generator/public/index.php
[2025-06-11 11:57:59] App::__construct - Selected controller: DashboardController
[2025-06-11 11:57:59] App::__construct - Selected method: shareWorkspace
[2025-06-11 11:57:59] App::__construct - Parameters: Array
(
    [0] => 31
)

[2025-06-11 11:57:59] App::__construct - Calling controller method with parameters
[2025-06-11 11:58:01] App::parseUrl - Parsed URL from REQUEST_URI: Array
(
    [0] => dashboard
    [1] => removeMember
    [2] => 31
)

[2025-06-11 11:58:01] App::parseUrl - Final URL segments: Array
(
    [0] => dashboard
    [1] => removeMember
    [2] => 31
)

[2025-06-11 11:58:01] App::__construct - REQUEST_URI: /WEB_project_presentation_generator/public/dashboard/removeMember/31
[2025-06-11 11:58:01] App::__construct - REQUEST_METHOD: POST
[2025-06-11 11:58:01] App::__construct - SCRIPT_NAME: /WEB_project_presentation_generator/public/index.php
[2025-06-11 11:58:01] App::__construct - PHP_SELF: /WEB_project_presentation_generator/public/index.php
[2025-06-11 11:58:01] App::__construct - Selected controller: DashboardController
[2025-06-11 11:58:01] App::__construct - Selected method: removeMember
[2025-06-11 11:58:01] App::__construct - Parameters: Array
(
    [0] => 31
)

[2025-06-11 11:58:01] App::__construct - Calling controller method with parameters
[2025-06-11 11:58:01] App::parseUrl - Parsed URL from REQUEST_URI: Array
(
    [0] => dashboard
    [1] => shareWorkspace
    [2] => 31
)

[2025-06-11 11:58:01] App::parseUrl - Final URL segments: Array
(
    [0] => dashboard
    [1] => shareWorkspace
    [2] => 31
)

[2025-06-11 11:58:01] App::__construct - REQUEST_URI: /WEB_project_presentation_generator/public/dashboard/shareWorkspace/31?success=%D0%A7%D0%BB%D0%B5%D0%BD%D1%8A%D1%82+%D0%B5+%D0%BF%D1%80%D0%B5%D0%BC%D0%B0%D1%85%D0%BD%D0%B0%D1%82+%D1%83%D1%81%D0%BF%D0%B5%D1%88%D0%BD%D0%BE
[2025-06-11 11:58:01] App::__construct - REQUEST_METHOD: GET
[2025-06-11 11:58:01] App::__construct - SCRIPT_NAME: /WEB_project_presentation_generator/public/index.php
[2025-06-11 11:58:01] App::__construct - PHP_SELF: /WEB_project_presentation_generator/public/index.php
[2025-06-11 11:58:01] App::__construct - Selected controller: DashboardController
[2025-06-11 11:58:01] App::__construct - Selected method: shareWorkspace
[2025-06-11 11:58:01] App::__construct - Parameters: Array
(
    [0] => 31
)

[2025-06-11 11:58:01] App::__construct - Calling controller method with parameters
[2025-06-11 11:58:05] App::parseUrl - Parsed URL from REQUEST_URI: Array
(
    [0] => dashboard
    [1] => viewWorkspace
    [2] => 31
)

[2025-06-11 11:58:05] App::parseUrl - Final URL segments: Array
(
    [0] => dashboard
    [1] => viewWorkspace
    [2] => 31
)

[2025-06-11 11:58:05] App::__construct - REQUEST_URI: /WEB_project_presentation_generator/public/dashboard/viewWorkspace/31
[2025-06-11 11:58:05] App::__construct - REQUEST_METHOD: GET
[2025-06-11 11:58:05] App::__construct - SCRIPT_NAME: /WEB_project_presentation_generator/public/index.php
[2025-06-11 11:58:05] App::__construct - PHP_SELF: /WEB_project_presentation_generator/public/index.php
[2025-06-11 11:58:05] App::__construct - Selected controller: DashboardController
[2025-06-11 11:58:05] App::__construct - Selected method: viewWorkspace
[2025-06-11 11:58:05] App::__construct - Parameters: Array
(
    [0] => 31
)

[2025-06-11 11:58:05] App::__construct - Calling controller method with parameters
[2025-06-11 11:58:05] App::parseUrl - Parsed URL from REQUEST_URI: Array
(
    [0] => dashboard
)

[2025-06-11 11:58:05] App::parseUrl - Final URL segments: Array
(
    [0] => dashboard
)

[2025-06-11 11:58:05] App::__construct - REQUEST_URI: /WEB_project_presentation_generator/public/dashboard
[2025-06-11 11:58:05] App::__construct - REQUEST_METHOD: GET
[2025-06-11 11:58:05] App::__construct - SCRIPT_NAME: /WEB_project_presentation_generator/public/index.php
[2025-06-11 11:58:05] App::__construct - PHP_SELF: /WEB_project_presentation_generator/public/index.php
[2025-06-11 11:58:05] App::__construct - Selected controller: DashboardController
[2025-06-11 11:58:05] App::__construct - Parameters: Array
(
)

[2025-06-11 11:58:05] App::__construct - Calling controller method with parameters
[2025-06-11 12:04:47] App::parseUrl - Parsed URL from REQUEST_URI: Array
(
    [0] => dashboard
    [1] => viewWorkspace
    [2] => 29
)

[2025-06-11 12:04:47] App::parseUrl - Final URL segments: Array
(
    [0] => dashboard
    [1] => viewWorkspace
    [2] => 29
)

[2025-06-11 12:04:47] App::__construct - REQUEST_URI: /WEB_project_presentation_generator/public/dashboard/viewWorkspace/29
[2025-06-11 12:04:47] App::__construct - REQUEST_METHOD: GET
[2025-06-11 12:04:47] App::__construct - SCRIPT_NAME: /WEB_project_presentation_generator/public/index.php
[2025-06-11 12:04:47] App::__construct - PHP_SELF: /WEB_project_presentation_generator/public/index.php
[2025-06-11 12:04:47] App::__construct - Selected controller: DashboardController
[2025-06-11 12:04:47] App::__construct - Selected method: viewWorkspace
[2025-06-11 12:04:47] App::__construct - Parameters: Array
(
    [0] => 29
)

[2025-06-11 12:04:47] App::__construct - Calling controller method with parameters
[2025-06-11 12:04:48] App::parseUrl - Parsed URL from REQUEST_URI: Array
(
    [0] => presentation
    [1] => viewPresentation
    [2] => 122
)

[2025-06-11 12:04:48] App::parseUrl - Final URL segments: Array
(
    [0] => presentation
    [1] => viewPresentation
    [2] => 122
)

[2025-06-11 12:04:48] App::__construct - REQUEST_URI: /WEB_project_presentation_generator/public/presentation/viewPresentation/122
[2025-06-11 12:04:48] App::__construct - REQUEST_METHOD: GET
[2025-06-11 12:04:48] App::__construct - SCRIPT_NAME: /WEB_project_presentation_generator/public/index.php
[2025-06-11 12:04:48] App::__construct - PHP_SELF: /WEB_project_presentation_generator/public/index.php
[2025-06-11 12:04:48] App::__construct - Selected controller: PresentationController
[2025-06-11 12:04:48] App::__construct - Selected method: viewPresentation
[2025-06-11 12:04:48] App::__construct - Parameters: Array
(
    [0] => 122
)

[2025-06-11 12:04:48] App::__construct - Calling controller method with parameters
[2025-06-11 12:04:50] App::parseUrl - Parsed URL from REQUEST_URI: Array
(
    [0] => slide
    [1] => edit
    [2] => 831
)

[2025-06-11 12:04:50] App::parseUrl - Final URL segments: Array
(
    [0] => slide
    [1] => edit
    [2] => 831
)

[2025-06-11 12:04:50] App::__construct - REQUEST_URI: /WEB_project_presentation_generator/public/slide/edit/831
[2025-06-11 12:04:50] App::__construct - REQUEST_METHOD: GET
[2025-06-11 12:04:50] App::__construct - SCRIPT_NAME: /WEB_project_presentation_generator/public/index.php
[2025-06-11 12:04:50] App::__construct - PHP_SELF: /WEB_project_presentation_generator/public/index.php
[2025-06-11 12:04:50] App::__construct - Selected controller: SlideController
[2025-06-11 12:04:50] App::__construct - Selected method: edit
[2025-06-11 12:04:50] App::__construct - Parameters: Array
(
    [0] => 831
)

[2025-06-11 12:04:50] App::__construct - Calling controller method with parameters
[2025-06-11 12:09:55] App::parseUrl - Parsed URL from REQUEST_URI: Array
(
    [0] => slide
    [1] => edit
    [2] => 831
)

[2025-06-11 12:09:55] App::parseUrl - Final URL segments: Array
(
    [0] => slide
    [1] => edit
    [2] => 831
)

[2025-06-11 12:09:55] App::__construct - REQUEST_URI: /WEB_project_presentation_generator/public/slide/edit/831
[2025-06-11 12:09:55] App::__construct - REQUEST_METHOD: GET
[2025-06-11 12:09:55] App::__construct - SCRIPT_NAME: /WEB_project_presentation_generator/public/index.php
[2025-06-11 12:09:55] App::__construct - PHP_SELF: /WEB_project_presentation_generator/public/index.php
[2025-06-11 12:09:55] App::__construct - Selected controller: SlideController
[2025-06-11 12:09:55] App::__construct - Selected method: edit
[2025-06-11 12:09:55] App::__construct - Parameters: Array
(
    [0] => 831
)

[2025-06-11 12:09:55] App::__construct - Calling controller method with parameters
[2025-06-11 12:15:53] App::parseUrl - Parsed URL from REQUEST_URI: Array
(
    [0] => slide
    [1] => edit
    [2] => 831
)

[2025-06-11 12:15:53] App::parseUrl - Final URL segments: Array
(
    [0] => slide
    [1] => edit
    [2] => 831
)

[2025-06-11 12:15:53] App::__construct - REQUEST_URI: /WEB_project_presentation_generator/public/slide/edit/831
[2025-06-11 12:15:53] App::__construct - REQUEST_METHOD: GET
[2025-06-11 12:15:53] App::__construct - SCRIPT_NAME: /WEB_project_presentation_generator/public/index.php
[2025-06-11 12:15:53] App::__construct - PHP_SELF: /WEB_project_presentation_generator/public/index.php
[2025-06-11 12:15:53] App::__construct - Selected controller: SlideController
[2025-06-11 12:15:53] App::__construct - Selected method: edit
[2025-06-11 12:15:53] App::__construct - Parameters: Array
(
    [0] => 831
)

[2025-06-11 12:15:53] App::__construct - Calling controller method with parameters
[2025-06-11 12:16:07] App::parseUrl - Parsed URL from REQUEST_URI: Array
(
    [0] => dashboard
    [1] => workspace
    [2] => 31
)

[2025-06-11 12:16:07] App::parseUrl - Final URL segments: Array
(
    [0] => dashboard
    [1] => workspace
    [2] => 31
)

[2025-06-11 12:16:07] App::__construct - REQUEST_URI: /WEB_project_presentation_generator/public/dashboard/workspace/31
[2025-06-11 12:16:07] App::__construct - REQUEST_METHOD: GET
[2025-06-11 12:16:07] App::__construct - SCRIPT_NAME: /WEB_project_presentation_generator/public/index.php
[2025-06-11 12:16:07] App::__construct - PHP_SELF: /WEB_project_presentation_generator/public/index.php
[2025-06-11 12:16:07] App::__construct - Selected controller: DashboardController
[2025-06-11 12:16:07] App::parseUrl - Parsed URL from REQUEST_URI: Array
(
    [0] => dashboard
)

[2025-06-11 12:16:07] App::parseUrl - Final URL segments: Array
(
    [0] => dashboard
)

[2025-06-11 12:16:07] App::__construct - REQUEST_URI: /WEB_project_presentation_generator/public/dashboard
[2025-06-11 12:16:07] App::__construct - REQUEST_METHOD: GET
[2025-06-11 12:16:07] App::__construct - SCRIPT_NAME: /WEB_project_presentation_generator/public/index.php
[2025-06-11 12:16:07] App::__construct - PHP_SELF: /WEB_project_presentation_generator/public/index.php
[2025-06-11 12:16:07] App::__construct - Selected controller: DashboardController
[2025-06-11 12:16:07] App::__construct - Parameters: Array
(
)

[2025-06-11 12:16:07] App::__construct - Calling controller method with parameters
[2025-06-11 12:16:08] App::parseUrl - Parsed URL from REQUEST_URI: Array
(
    [0] => dashboard
    [1] => viewWorkspace
    [2] => 31
)

[2025-06-11 12:16:08] App::parseUrl - Final URL segments: Array
(
    [0] => dashboard
    [1] => viewWorkspace
    [2] => 31
)

[2025-06-11 12:16:08] App::__construct - REQUEST_URI: /WEB_project_presentation_generator/public/dashboard/viewWorkspace/31
[2025-06-11 12:16:08] App::__construct - REQUEST_METHOD: GET
[2025-06-11 12:16:08] App::__construct - SCRIPT_NAME: /WEB_project_presentation_generator/public/index.php
[2025-06-11 12:16:08] App::__construct - PHP_SELF: /WEB_project_presentation_generator/public/index.php
[2025-06-11 12:16:08] App::__construct - Selected controller: DashboardController
[2025-06-11 12:16:08] App::__construct - Selected method: viewWorkspace
[2025-06-11 12:16:08] App::__construct - Parameters: Array
(
    [0] => 31
)

[2025-06-11 12:16:08] App::__construct - Calling controller method with parameters
[2025-06-11 12:16:09] App::parseUrl - Parsed URL from REQUEST_URI: Array
(
    [0] => presentation
    [1] => create
    [2] => 31
)

[2025-06-11 12:16:09] App::parseUrl - Final URL segments: Array
(
    [0] => presentation
    [1] => create
    [2] => 31
)

[2025-06-11 12:16:09] App::__construct - REQUEST_URI: /WEB_project_presentation_generator/public/presentation/create/31
[2025-06-11 12:16:09] App::__construct - REQUEST_METHOD: GET
[2025-06-11 12:16:09] App::__construct - SCRIPT_NAME: /WEB_project_presentation_generator/public/index.php
[2025-06-11 12:16:09] App::__construct - PHP_SELF: /WEB_project_presentation_generator/public/index.php
[2025-06-11 12:16:09] App::__construct - Selected controller: PresentationController
[2025-06-11 12:16:09] App::__construct - Selected method: create
[2025-06-11 12:16:09] App::__construct - Parameters: Array
(
    [0] => 31
)

[2025-06-11 12:16:09] App::__construct - Calling controller method with parameters
[2025-06-11 12:16:12] App::parseUrl - Parsed URL from REQUEST_URI: Array
(
    [0] => presentation
    [1] => create
    [2] => 31
)

[2025-06-11 12:16:12] App::parseUrl - Final URL segments: Array
(
    [0] => presentation
    [1] => create
    [2] => 31
)

[2025-06-11 12:16:12] App::__construct - REQUEST_URI: /WEB_project_presentation_generator/public/presentation/create/31
[2025-06-11 12:16:12] App::__construct - REQUEST_METHOD: POST
[2025-06-11 12:16:12] App::__construct - SCRIPT_NAME: /WEB_project_presentation_generator/public/index.php
[2025-06-11 12:16:12] App::__construct - PHP_SELF: /WEB_project_presentation_generator/public/index.php
[2025-06-11 12:16:12] App::__construct - Selected controller: PresentationController
[2025-06-11 12:16:12] App::__construct - Selected method: create
[2025-06-11 12:16:12] App::__construct - Parameters: Array
(
    [0] => 31
)

[2025-06-11 12:16:12] App::__construct - Calling controller method with parameters
[2025-06-11 12:16:12] App::parseUrl - Parsed URL from REQUEST_URI: Array
(
    [0] => presentation
    [1] => viewPresentation
    [2] => 124
)

[2025-06-11 12:16:12] App::parseUrl - Final URL segments: Array
(
    [0] => presentation
    [1] => viewPresentation
    [2] => 124
)

[2025-06-11 12:16:12] App::__construct - REQUEST_URI: /WEB_project_presentation_generator/public/presentation/viewPresentation/124
[2025-06-11 12:16:12] App::__construct - REQUEST_METHOD: GET
[2025-06-11 12:16:12] App::__construct - SCRIPT_NAME: /WEB_project_presentation_generator/public/index.php
[2025-06-11 12:16:12] App::__construct - PHP_SELF: /WEB_project_presentation_generator/public/index.php
[2025-06-11 12:16:12] App::__construct - Selected controller: PresentationController
[2025-06-11 12:16:12] App::__construct - Selected method: viewPresentation
[2025-06-11 12:16:12] App::__construct - Parameters: Array
(
    [0] => 124
)

[2025-06-11 12:16:12] App::__construct - Calling controller method with parameters
[2025-06-11 12:16:13] App::parseUrl - Parsed URL from REQUEST_URI: Array
(
    [0] => slide
    [1] => create
    [2] => 124
)

[2025-06-11 12:16:13] App::parseUrl - Final URL segments: Array
(
    [0] => slide
    [1] => create
    [2] => 124
)

[2025-06-11 12:16:13] App::__construct - REQUEST_URI: /WEB_project_presentation_generator/public/slide/create/124
[2025-06-11 12:16:13] App::__construct - REQUEST_METHOD: GET
[2025-06-11 12:16:13] App::__construct - SCRIPT_NAME: /WEB_project_presentation_generator/public/index.php
[2025-06-11 12:16:13] App::__construct - PHP_SELF: /WEB_project_presentation_generator/public/index.php
[2025-06-11 12:16:13] App::__construct - Selected controller: SlideController
[2025-06-11 12:16:13] App::__construct - Selected method: create
[2025-06-11 12:16:13] App::__construct - Parameters: Array
(
    [0] => 124
)

[2025-06-11 12:16:13] App::__construct - Calling controller method with parameters
[2025-06-11 12:16:13] SlideController::create called with presentationId: 124
[2025-06-11 12:17:38] App::parseUrl - Parsed URL from REQUEST_URI: Array
(
    [0] => slide
    [1] => create
    [2] => 124
)

[2025-06-11 12:17:38] App::parseUrl - Final URL segments: Array
(
    [0] => slide
    [1] => create
    [2] => 124
)

[2025-06-11 12:17:38] App::__construct - REQUEST_URI: /WEB_project_presentation_generator/public/slide/create/124
[2025-06-11 12:17:38] App::__construct - REQUEST_METHOD: GET
[2025-06-11 12:17:38] App::__construct - SCRIPT_NAME: /WEB_project_presentation_generator/public/index.php
[2025-06-11 12:17:38] App::__construct - PHP_SELF: /WEB_project_presentation_generator/public/index.php
[2025-06-11 12:17:38] App::__construct - Selected controller: SlideController
[2025-06-11 12:17:38] App::__construct - Selected method: create
[2025-06-11 12:17:38] App::__construct - Parameters: Array
(
    [0] => 124
)

[2025-06-11 12:17:38] App::__construct - Calling controller method with parameters
[2025-06-11 12:17:38] SlideController::create called with presentationId: 124
[2025-06-11 12:42:14] App::parseUrl - Parsed URL from REQUEST_URI: Array
(
    [0] => slide
    [1] => edit
    [2] => 831
)

[2025-06-11 12:42:14] App::parseUrl - Final URL segments: Array
(
    [0] => slide
    [1] => edit
    [2] => 831
)

[2025-06-11 12:42:14] App::__construct - REQUEST_URI: /WEB_project_presentation_generator/public/slide/edit/831
[2025-06-11 12:42:14] App::__construct - REQUEST_METHOD: GET
[2025-06-11 12:42:14] App::__construct - SCRIPT_NAME: /WEB_project_presentation_generator/public/index.php
[2025-06-11 12:42:14] App::__construct - PHP_SELF: /WEB_project_presentation_generator/public/index.php
[2025-06-11 12:42:14] App::__construct - Selected controller: SlideController
[2025-06-11 12:42:26] App::parseUrl - Parsed URL from REQUEST_URI: Array
(
    [0] => auth
    [1] => login
)

[2025-06-11 12:42:26] App::parseUrl - Final URL segments: Array
(
    [0] => auth
    [1] => login
)

[2025-06-11 12:42:26] App::__construct - REQUEST_URI: /WEB_project_presentation_generator/public/auth/login
[2025-06-11 12:42:26] App::__construct - REQUEST_METHOD: GET
[2025-06-11 12:42:26] App::__construct - SCRIPT_NAME: /WEB_project_presentation_generator/public/index.php
[2025-06-11 12:42:26] App::__construct - PHP_SELF: /WEB_project_presentation_generator/public/index.php
[2025-06-11 12:42:26] App::__construct - Selected controller: AuthController
[2025-06-11 12:42:26] App::__construct - Selected method: login
[2025-06-11 12:42:26] App::__construct - Parameters: Array
(
)

[2025-06-11 12:42:26] App::__construct - Calling controller method with parameters
[2025-06-11 12:42:54] App::parseUrl - Parsed URL from REQUEST_URI: Array
(
    [0] => auth
    [1] => login
)

[2025-06-11 12:42:54] App::parseUrl - Final URL segments: Array
(
    [0] => auth
    [1] => login
)

[2025-06-11 12:42:54] App::__construct - REQUEST_URI: /WEB_project_presentation_generator/public/auth/login
[2025-06-11 12:42:54] App::__construct - REQUEST_METHOD: POST
[2025-06-11 12:42:54] App::__construct - SCRIPT_NAME: /WEB_project_presentation_generator/public/index.php
[2025-06-11 12:42:54] App::__construct - PHP_SELF: /WEB_project_presentation_generator/public/index.php
[2025-06-11 12:42:54] App::__construct - Selected controller: AuthController
[2025-06-11 12:42:54] App::__construct - Selected method: login
[2025-06-11 12:42:54] App::__construct - Parameters: Array
(
)

[2025-06-11 12:42:54] App::__construct - Calling controller method with parameters
[2025-06-11 12:42:55] App::parseUrl - Parsed URL from REQUEST_URI: Array
(
    [0] => home
    [1] => index
)

[2025-06-11 12:42:55] App::parseUrl - Final URL segments: Array
(
    [0] => home
    [1] => index
)

[2025-06-11 12:42:55] App::__construct - REQUEST_URI: /WEB_project_presentation_generator/public/home/index
[2025-06-11 12:42:55] App::__construct - REQUEST_METHOD: GET
[2025-06-11 12:42:55] App::__construct - SCRIPT_NAME: /WEB_project_presentation_generator/public/index.php
[2025-06-11 12:42:55] App::__construct - PHP_SELF: /WEB_project_presentation_generator/public/index.php
[2025-06-11 12:42:55] App::__construct - Selected controller: HomeController
[2025-06-11 12:42:55] App::__construct - Selected method: index
[2025-06-11 12:42:55] App::__construct - Parameters: Array
(
)

[2025-06-11 12:42:55] App::__construct - Calling controller method with parameters
[2025-06-11 12:42:55] App::parseUrl - Parsed URL from REQUEST_URI: Array
(
    [0] => dashboard
)

[2025-06-11 12:42:55] App::parseUrl - Final URL segments: Array
(
    [0] => dashboard
)

[2025-06-11 12:42:55] App::__construct - REQUEST_URI: /WEB_project_presentation_generator/public/dashboard
[2025-06-11 12:42:55] App::__construct - REQUEST_METHOD: GET
[2025-06-11 12:42:55] App::__construct - SCRIPT_NAME: /WEB_project_presentation_generator/public/index.php
[2025-06-11 12:42:55] App::__construct - PHP_SELF: /WEB_project_presentation_generator/public/index.php
[2025-06-11 12:42:55] App::__construct - Selected controller: DashboardController
[2025-06-11 12:42:55] App::__construct - Parameters: Array
(
)

[2025-06-11 12:42:55] App::__construct - Calling controller method with parameters
[2025-06-11 12:42:59] App::parseUrl - Parsed URL from REQUEST_URI: Array
(
    [0] => dashboard
    [1] => viewWorkspace
    [2] => 29
)

[2025-06-11 12:42:59] App::parseUrl - Final URL segments: Array
(
    [0] => dashboard
    [1] => viewWorkspace
    [2] => 29
)

[2025-06-11 12:42:59] App::__construct - REQUEST_URI: /WEB_project_presentation_generator/public/dashboard/viewWorkspace/29
[2025-06-11 12:42:59] App::__construct - REQUEST_METHOD: GET
[2025-06-11 12:42:59] App::__construct - SCRIPT_NAME: /WEB_project_presentation_generator/public/index.php
[2025-06-11 12:42:59] App::__construct - PHP_SELF: /WEB_project_presentation_generator/public/index.php
[2025-06-11 12:42:59] App::__construct - Selected controller: DashboardController
[2025-06-11 12:42:59] App::__construct - Selected method: viewWorkspace
[2025-06-11 12:42:59] App::__construct - Parameters: Array
(
    [0] => 29
)

[2025-06-11 12:42:59] App::__construct - Calling controller method with parameters
[2025-06-11 12:43:03] App::parseUrl - Parsed URL from REQUEST_URI: Array
(
    [0] => presentation
    [1] => viewPresentation
    [2] => 122
)

[2025-06-11 12:43:03] App::parseUrl - Final URL segments: Array
(
    [0] => presentation
    [1] => viewPresentation
    [2] => 122
)

[2025-06-11 12:43:03] App::__construct - REQUEST_URI: /WEB_project_presentation_generator/public/presentation/viewPresentation/122
[2025-06-11 12:43:03] App::__construct - REQUEST_METHOD: GET
[2025-06-11 12:43:03] App::__construct - SCRIPT_NAME: /WEB_project_presentation_generator/public/index.php
[2025-06-11 12:43:03] App::__construct - PHP_SELF: /WEB_project_presentation_generator/public/index.php
[2025-06-11 12:43:03] App::__construct - Selected controller: PresentationController
[2025-06-11 12:43:03] App::__construct - Selected method: viewPresentation
[2025-06-11 12:43:03] App::__construct - Parameters: Array
(
    [0] => 122
)

[2025-06-11 12:43:03] App::__construct - Calling controller method with parameters
[2025-06-11 12:43:11] App::parseUrl - Parsed URL from REQUEST_URI: Array
(
    [0] => slide
    [1] => edit
    [2] => 831
)

[2025-06-11 12:43:11] App::parseUrl - Final URL segments: Array
(
    [0] => slide
    [1] => edit
    [2] => 831
)

[2025-06-11 12:43:11] App::__construct - REQUEST_URI: /WEB_project_presentation_generator/public/slide/edit/831
[2025-06-11 12:43:11] App::__construct - REQUEST_METHOD: GET
[2025-06-11 12:43:11] App::__construct - SCRIPT_NAME: /WEB_project_presentation_generator/public/index.php
[2025-06-11 12:43:11] App::__construct - PHP_SELF: /WEB_project_presentation_generator/public/index.php
[2025-06-11 12:43:11] App::__construct - Selected controller: SlideController
[2025-06-11 12:43:11] App::__construct - Selected method: edit
[2025-06-11 12:43:11] App::__construct - Parameters: Array
(
    [0] => 831
)

[2025-06-11 12:43:11] App::__construct - Calling controller method with parameters
[2025-06-11 12:46:15] App::parseUrl - Parsed URL from REQUEST_URI: Array
(
    [0] => auth
    [1] => login
)

[2025-06-11 12:46:15] App::parseUrl - Final URL segments: Array
(
    [0] => auth
    [1] => login
)

[2025-06-11 12:46:15] App::__construct - REQUEST_URI: /WEB_project_presentation_generator/public/auth/login
[2025-06-11 12:46:15] App::__construct - REQUEST_METHOD: GET
[2025-06-11 12:46:15] App::__construct - SCRIPT_NAME: /WEB_project_presentation_generator/public/index.php
[2025-06-11 12:46:15] App::__construct - PHP_SELF: /WEB_project_presentation_generator/public/index.php
[2025-06-11 12:46:15] App::__construct - Selected controller: AuthController
[2025-06-11 12:46:15] App::__construct - Selected method: login
[2025-06-11 12:46:15] App::__construct - Parameters: Array
(
)

[2025-06-11 12:46:15] App::__construct - Calling controller method with parameters
[2025-06-11 12:46:23] App::parseUrl - Parsed URL from REQUEST_URI: Array
(
    [0] => auth
    [1] => login
)

[2025-06-11 12:46:23] App::parseUrl - Final URL segments: Array
(
    [0] => auth
    [1] => login
)

[2025-06-11 12:46:23] App::__construct - REQUEST_URI: /WEB_project_presentation_generator/public/auth/login
[2025-06-11 12:46:23] App::__construct - REQUEST_METHOD: POST
[2025-06-11 12:46:23] App::__construct - SCRIPT_NAME: /WEB_project_presentation_generator/public/index.php
[2025-06-11 12:46:23] App::__construct - PHP_SELF: /WEB_project_presentation_generator/public/index.php
[2025-06-11 12:46:23] App::__construct - Selected controller: AuthController
[2025-06-11 12:46:23] App::__construct - Selected method: login
[2025-06-11 12:46:23] App::__construct - Parameters: Array
(
)

[2025-06-11 12:46:23] App::__construct - Calling controller method with parameters
[2025-06-11 12:46:23] App::parseUrl - Parsed URL from REQUEST_URI: Array
(
    [0] => home
    [1] => index
)

[2025-06-11 12:46:23] App::parseUrl - Final URL segments: Array
(
    [0] => home
    [1] => index
)

[2025-06-11 12:46:23] App::__construct - REQUEST_URI: /WEB_project_presentation_generator/public/home/index
[2025-06-11 12:46:23] App::__construct - REQUEST_METHOD: GET
[2025-06-11 12:46:23] App::__construct - SCRIPT_NAME: /WEB_project_presentation_generator/public/index.php
[2025-06-11 12:46:23] App::__construct - PHP_SELF: /WEB_project_presentation_generator/public/index.php
[2025-06-11 12:46:23] App::__construct - Selected controller: HomeController
[2025-06-11 12:46:23] App::__construct - Selected method: index
[2025-06-11 12:46:23] App::__construct - Parameters: Array
(
)

[2025-06-11 12:46:23] App::__construct - Calling controller method with parameters
[2025-06-11 12:46:23] App::parseUrl - Parsed URL from REQUEST_URI: Array
(
    [0] => dashboard
)

[2025-06-11 12:46:23] App::parseUrl - Final URL segments: Array
(
    [0] => dashboard
)

[2025-06-11 12:46:23] App::__construct - REQUEST_URI: /WEB_project_presentation_generator/public/dashboard
[2025-06-11 12:46:23] App::__construct - REQUEST_METHOD: GET
[2025-06-11 12:46:23] App::__construct - SCRIPT_NAME: /WEB_project_presentation_generator/public/index.php
[2025-06-11 12:46:23] App::__construct - PHP_SELF: /WEB_project_presentation_generator/public/index.php
[2025-06-11 12:46:23] App::__construct - Selected controller: DashboardController
[2025-06-11 12:46:23] App::__construct - Parameters: Array
(
)

[2025-06-11 12:46:23] App::__construct - Calling controller method with parameters
[2025-06-11 12:46:25] App::parseUrl - Parsed URL from REQUEST_URI: Array
(
    [0] => dashboard
    [1] => viewWorkspace
    [2] => 29
)

[2025-06-11 12:46:25] App::parseUrl - Final URL segments: Array
(
    [0] => dashboard
    [1] => viewWorkspace
    [2] => 29
)

[2025-06-11 12:46:25] App::__construct - REQUEST_URI: /WEB_project_presentation_generator/public/dashboard/viewWorkspace/29
[2025-06-11 12:46:25] App::__construct - REQUEST_METHOD: GET
[2025-06-11 12:46:25] App::__construct - SCRIPT_NAME: /WEB_project_presentation_generator/public/index.php
[2025-06-11 12:46:25] App::__construct - PHP_SELF: /WEB_project_presentation_generator/public/index.php
[2025-06-11 12:46:25] App::__construct - Selected controller: DashboardController
[2025-06-11 12:46:25] App::__construct - Selected method: viewWorkspace
[2025-06-11 12:46:25] App::__construct - Parameters: Array
(
    [0] => 29
)

[2025-06-11 12:46:25] App::__construct - Calling controller method with parameters
[2025-06-11 12:46:27] App::parseUrl - Parsed URL from REQUEST_URI: Array
(
    [0] => presentation
    [1] => viewPresentation
    [2] => 122
)

[2025-06-11 12:46:27] App::parseUrl - Final URL segments: Array
(
    [0] => presentation
    [1] => viewPresentation
    [2] => 122
)

[2025-06-11 12:46:27] App::__construct - REQUEST_URI: /WEB_project_presentation_generator/public/presentation/viewPresentation/122
[2025-06-11 12:46:27] App::__construct - REQUEST_METHOD: GET
[2025-06-11 12:46:27] App::__construct - SCRIPT_NAME: /WEB_project_presentation_generator/public/index.php
[2025-06-11 12:46:27] App::__construct - PHP_SELF: /WEB_project_presentation_generator/public/index.php
[2025-06-11 12:46:27] App::__construct - Selected controller: PresentationController
[2025-06-11 12:46:27] App::__construct - Selected method: viewPresentation
[2025-06-11 12:46:27] App::__construct - Parameters: Array
(
    [0] => 122
)

[2025-06-11 12:46:27] App::__construct - Calling controller method with parameters
[2025-06-11 12:46:31] App::parseUrl - Parsed URL from REQUEST_URI: Array
(
    [0] => slide
    [1] => edit
    [2] => 831
)

[2025-06-11 12:46:31] App::parseUrl - Final URL segments: Array
(
    [0] => slide
    [1] => edit
    [2] => 831
)

[2025-06-11 12:46:31] App::__construct - REQUEST_URI: /WEB_project_presentation_generator/public/slide/edit/831
[2025-06-11 12:46:31] App::__construct - REQUEST_METHOD: GET
[2025-06-11 12:46:31] App::__construct - SCRIPT_NAME: /WEB_project_presentation_generator/public/index.php
[2025-06-11 12:46:31] App::__construct - PHP_SELF: /WEB_project_presentation_generator/public/index.php
[2025-06-11 12:46:31] App::__construct - Selected controller: SlideController
[2025-06-11 12:46:31] App::__construct - Selected method: edit
[2025-06-11 12:46:31] App::__construct - Parameters: Array
(
    [0] => 831
)

[2025-06-11 12:46:31] App::__construct - Calling controller method with parameters
[2025-06-11 12:46:57] App::parseUrl - Parsed URL from REQUEST_URI: Array
(
    [0] => slides
    [1] => edit
    [2] => 831
)

[2025-06-11 12:46:57] App::parseUrl - Final URL segments: Array
(
    [0] => slides
    [1] => edit
    [2] => 831
)

[2025-06-11 12:46:57] App::__construct - REQUEST_URI: /WEB_project_presentation_generator/public/slides/edit/831
[2025-06-11 12:46:57] App::__construct - REQUEST_METHOD: POST
[2025-06-11 12:46:57] App::__construct - SCRIPT_NAME: /WEB_project_presentation_generator/public/index.php
[2025-06-11 12:46:57] App::__construct - PHP_SELF: /WEB_project_presentation_generator/public/index.php
[2025-06-11 12:46:57] App::__construct - Selected controller: SlideController
[2025-06-11 12:46:58] App::__construct - Selected method: edit
[2025-06-11 12:46:58] App::__construct - Parameters: Array
(
    [0] => 831
)

[2025-06-11 12:46:58] App::__construct - Calling controller method with parameters
[2025-06-11 12:46:59] App::parseUrl - Parsed URL from REQUEST_URI: Array
(
    [0] => presentation
    [1] => viewPresentation
    [2] => 122
)

[2025-06-11 12:46:59] App::parseUrl - Final URL segments: Array
(
    [0] => presentation
    [1] => viewPresentation
    [2] => 122
)

[2025-06-11 12:46:59] App::__construct - REQUEST_URI: /WEB_project_presentation_generator/public/presentation/viewPresentation/122
[2025-06-11 12:46:59] App::__construct - REQUEST_METHOD: GET
[2025-06-11 12:46:59] App::__construct - SCRIPT_NAME: /WEB_project_presentation_generator/public/index.php
[2025-06-11 12:46:59] App::__construct - PHP_SELF: /WEB_project_presentation_generator/public/index.php
[2025-06-11 12:46:59] App::__construct - Selected controller: PresentationController
[2025-06-11 12:46:59] App::__construct - Selected method: viewPresentation
[2025-06-11 12:46:59] App::__construct - Parameters: Array
(
    [0] => 122
)

[2025-06-11 12:46:59] App::__construct - Calling controller method with parameters
[2025-06-11 12:47:06] App::parseUrl - Parsed URL from REQUEST_URI: Array
(
    [0] => slide
    [1] => edit
    [2] => 831
)

[2025-06-11 12:47:06] App::parseUrl - Final URL segments: Array
(
    [0] => slide
    [1] => edit
    [2] => 831
)

[2025-06-11 12:47:06] App::__construct - REQUEST_URI: /WEB_project_presentation_generator/public/slide/edit/831
[2025-06-11 12:47:06] App::__construct - REQUEST_METHOD: GET
[2025-06-11 12:47:06] App::__construct - SCRIPT_NAME: /WEB_project_presentation_generator/public/index.php
[2025-06-11 12:47:06] App::__construct - PHP_SELF: /WEB_project_presentation_generator/public/index.php
[2025-06-11 12:47:06] App::__construct - Selected controller: SlideController
[2025-06-11 12:47:06] App::__construct - Selected method: edit
[2025-06-11 12:47:06] App::__construct - Parameters: Array
(
    [0] => 831
)

[2025-06-11 12:47:06] App::__construct - Calling controller method with parameters
[2025-06-11 12:47:11] App::parseUrl - Parsed URL from REQUEST_URI: Array
(
    [0] => presentation
    [1] => viewPresentation
    [2] => 122
)

[2025-06-11 12:47:11] App::parseUrl - Final URL segments: Array
(
    [0] => presentation
    [1] => viewPresentation
    [2] => 122
)

[2025-06-11 12:47:11] App::__construct - REQUEST_URI: /WEB_project_presentation_generator/public/presentation/viewPresentation/122
[2025-06-11 12:47:11] App::__construct - REQUEST_METHOD: GET
[2025-06-11 12:47:11] App::__construct - SCRIPT_NAME: /WEB_project_presentation_generator/public/index.php
[2025-06-11 12:47:11] App::__construct - PHP_SELF: /WEB_project_presentation_generator/public/index.php
[2025-06-11 12:47:11] App::__construct - Selected controller: PresentationController
[2025-06-11 12:47:11] App::__construct - Selected method: viewPresentation
[2025-06-11 12:47:11] App::__construct - Parameters: Array
(
    [0] => 122
)

[2025-06-11 12:47:11] App::__construct - Calling controller method with parameters
[2025-06-11 12:47:14] App::parseUrl - Parsed URL from REQUEST_URI: Array
(
    [0] => presentation
    [1] => review
    [2] => 122
)

[2025-06-11 12:47:14] App::parseUrl - Final URL segments: Array
(
    [0] => presentation
    [1] => review
    [2] => 122
)

[2025-06-11 12:47:14] App::__construct - REQUEST_URI: /WEB_project_presentation_generator/public/presentation/review/122
[2025-06-11 12:47:14] App::__construct - REQUEST_METHOD: GET
[2025-06-11 12:47:14] App::__construct - SCRIPT_NAME: /WEB_project_presentation_generator/public/index.php
[2025-06-11 12:47:14] App::__construct - PHP_SELF: /WEB_project_presentation_generator/public/index.php
[2025-06-11 12:47:14] App::__construct - Selected controller: PresentationController
[2025-06-11 12:47:14] App::__construct - Selected method: review
[2025-06-11 12:47:14] App::__construct - Parameters: Array
(
    [0] => 122
)

[2025-06-11 12:47:14] App::__construct - Calling controller method with parameters
[2025-06-11 12:47:27] App::parseUrl - Parsed URL from REQUEST_URI: Array
(
    [0] => presentation
    [1] => viewPresentation
    [2] => 122
)

[2025-06-11 12:47:27] App::parseUrl - Final URL segments: Array
(
    [0] => presentation
    [1] => viewPresentation
    [2] => 122
)

[2025-06-11 12:47:27] App::__construct - REQUEST_URI: /WEB_project_presentation_generator/public/presentation/viewPresentation/122
[2025-06-11 12:47:27] App::__construct - REQUEST_METHOD: GET
[2025-06-11 12:47:27] App::__construct - SCRIPT_NAME: /WEB_project_presentation_generator/public/index.php
[2025-06-11 12:47:27] App::__construct - PHP_SELF: /WEB_project_presentation_generator/public/index.php
[2025-06-11 12:47:27] App::__construct - Selected controller: PresentationController
[2025-06-11 12:47:27] App::__construct - Selected method: viewPresentation
[2025-06-11 12:47:27] App::__construct - Parameters: Array
(
    [0] => 122
)

[2025-06-11 12:47:27] App::__construct - Calling controller method with parameters
[2025-06-11 12:47:32] App::parseUrl - Parsed URL from REQUEST_URI: Array
(
    [0] => slide
    [1] => edit
    [2] => 831
)

[2025-06-11 12:47:32] App::parseUrl - Final URL segments: Array
(
    [0] => slide
    [1] => edit
    [2] => 831
)

[2025-06-11 12:47:32] App::__construct - REQUEST_URI: /WEB_project_presentation_generator/public/slide/edit/831
[2025-06-11 12:47:32] App::__construct - REQUEST_METHOD: GET
[2025-06-11 12:47:32] App::__construct - SCRIPT_NAME: /WEB_project_presentation_generator/public/index.php
[2025-06-11 12:47:32] App::__construct - PHP_SELF: /WEB_project_presentation_generator/public/index.php
[2025-06-11 12:47:32] App::__construct - Selected controller: SlideController
[2025-06-11 12:47:32] App::__construct - Selected method: edit
[2025-06-11 12:47:32] App::__construct - Parameters: Array
(
    [0] => 831
)

[2025-06-11 12:47:32] App::__construct - Calling controller method with parameters
[2025-06-11 12:47:44] App::parseUrl - Parsed URL from REQUEST_URI: Array
(
    [0] => slides
    [1] => edit
    [2] => 831
)

[2025-06-11 12:47:44] App::parseUrl - Final URL segments: Array
(
    [0] => slides
    [1] => edit
    [2] => 831
)

[2025-06-11 12:47:44] App::__construct - REQUEST_URI: /WEB_project_presentation_generator/public/slides/edit/831
[2025-06-11 12:47:44] App::__construct - REQUEST_METHOD: POST
[2025-06-11 12:47:44] App::__construct - SCRIPT_NAME: /WEB_project_presentation_generator/public/index.php
[2025-06-11 12:47:44] App::__construct - PHP_SELF: /WEB_project_presentation_generator/public/index.php
[2025-06-11 12:47:44] App::__construct - Selected controller: SlideController
[2025-06-11 12:47:44] App::__construct - Selected method: edit
[2025-06-11 12:47:44] App::__construct - Parameters: Array
(
    [0] => 831
)

[2025-06-11 12:47:44] App::__construct - Calling controller method with parameters
[2025-06-11 12:47:46] App::parseUrl - Parsed URL from REQUEST_URI: Array
(
    [0] => presentation
    [1] => viewPresentation
    [2] => 122
)

[2025-06-11 12:47:46] App::parseUrl - Final URL segments: Array
(
    [0] => presentation
    [1] => viewPresentation
    [2] => 122
)

[2025-06-11 12:47:46] App::__construct - REQUEST_URI: /WEB_project_presentation_generator/public/presentation/viewPresentation/122
[2025-06-11 12:47:46] App::__construct - REQUEST_METHOD: GET
[2025-06-11 12:47:46] App::__construct - SCRIPT_NAME: /WEB_project_presentation_generator/public/index.php
[2025-06-11 12:47:46] App::__construct - PHP_SELF: /WEB_project_presentation_generator/public/index.php
[2025-06-11 12:47:46] App::__construct - Selected controller: PresentationController
[2025-06-11 12:47:46] App::__construct - Selected method: viewPresentation
[2025-06-11 12:47:46] App::__construct - Parameters: Array
(
    [0] => 122
)

[2025-06-11 12:47:46] App::__construct - Calling controller method with parameters
[2025-06-11 12:47:50] App::parseUrl - Parsed URL from REQUEST_URI: Array
(
    [0] => slide
    [1] => edit
    [2] => 831
)

[2025-06-11 12:47:50] App::parseUrl - Final URL segments: Array
(
    [0] => slide
    [1] => edit
    [2] => 831
)

[2025-06-11 12:47:50] App::__construct - REQUEST_URI: /WEB_project_presentation_generator/public/slide/edit/831
[2025-06-11 12:47:50] App::__construct - REQUEST_METHOD: GET
[2025-06-11 12:47:50] App::__construct - SCRIPT_NAME: /WEB_project_presentation_generator/public/index.php
[2025-06-11 12:47:50] App::__construct - PHP_SELF: /WEB_project_presentation_generator/public/index.php
[2025-06-11 12:47:50] App::__construct - Selected controller: SlideController
[2025-06-11 12:47:50] App::__construct - Selected method: edit
[2025-06-11 12:47:50] App::__construct - Parameters: Array
(
    [0] => 831
)

[2025-06-11 12:47:50] App::__construct - Calling controller method with parameters
[2025-06-11 12:47:54] App::parseUrl - Parsed URL from REQUEST_URI: Array
(
    [0] => slide
    [1] => edit
    [2] => ddsssdds
)

[2025-06-11 12:47:54] App::parseUrl - Final URL segments: Array
(
    [0] => slide
    [1] => edit
    [2] => ddsssdds
)

[2025-06-11 12:47:54] App::__construct - REQUEST_URI: /WEB_project_presentation_generator/public/slide/edit/ddsssdds
[2025-06-11 12:47:54] App::__construct - REQUEST_METHOD: GET
[2025-06-11 12:47:54] App::__construct - SCRIPT_NAME: /WEB_project_presentation_generator/public/index.php
[2025-06-11 12:47:54] App::__construct - PHP_SELF: /WEB_project_presentation_generator/public/index.php
[2025-06-11 12:47:54] App::__construct - Selected controller: SlideController
[2025-06-11 12:47:54] App::__construct - Selected method: edit
[2025-06-11 12:47:54] App::__construct - Parameters: Array
(
    [0] => ddsssdds
)

[2025-06-11 12:47:54] App::__construct - Calling controller method with parameters
[2025-06-11 12:47:54] App::parseUrl - Parsed URL from REQUEST_URI: Array
(
    [0] => dashboard
)

[2025-06-11 12:47:54] App::parseUrl - Final URL segments: Array
(
    [0] => dashboard
)

[2025-06-11 12:47:54] App::__construct - REQUEST_URI: /WEB_project_presentation_generator/public/dashboard
[2025-06-11 12:47:54] App::__construct - REQUEST_METHOD: GET
[2025-06-11 12:47:54] App::__construct - SCRIPT_NAME: /WEB_project_presentation_generator/public/index.php
[2025-06-11 12:47:54] App::__construct - PHP_SELF: /WEB_project_presentation_generator/public/index.php
[2025-06-11 12:47:54] App::__construct - Selected controller: DashboardController
[2025-06-11 12:47:54] App::__construct - Parameters: Array
(
)

[2025-06-11 12:47:54] App::__construct - Calling controller method with parameters
[2025-06-11 12:48:00] App::parseUrl - Parsed URL from REQUEST_URI: Array
(
    [0] => slides
    [1] => edit
    [2] => 831
)

[2025-06-11 12:48:00] App::parseUrl - Final URL segments: Array
(
    [0] => slides
    [1] => edit
    [2] => 831
)

[2025-06-11 12:48:00] App::__construct - REQUEST_URI: /WEB_project_presentation_generator/public/slides/edit/831
[2025-06-11 12:48:00] App::__construct - REQUEST_METHOD: POST
[2025-06-11 12:48:00] App::__construct - SCRIPT_NAME: /WEB_project_presentation_generator/public/index.php
[2025-06-11 12:48:00] App::__construct - PHP_SELF: /WEB_project_presentation_generator/public/index.php
[2025-06-11 12:48:00] App::__construct - Selected controller: SlideController
[2025-06-11 12:48:00] App::__construct - Selected method: edit
[2025-06-11 12:48:00] App::__construct - Parameters: Array
(
    [0] => 831
)

[2025-06-11 12:48:00] App::__construct - Calling controller method with parameters
[2025-06-11 12:48:02] App::parseUrl - Parsed URL from REQUEST_URI: Array
(
    [0] => presentation
    [1] => viewPresentation
    [2] => 122
)

[2025-06-11 12:48:02] App::parseUrl - Final URL segments: Array
(
    [0] => presentation
    [1] => viewPresentation
    [2] => 122
)

[2025-06-11 12:48:02] App::__construct - REQUEST_URI: /WEB_project_presentation_generator/public/presentation/viewPresentation/122
[2025-06-11 12:48:02] App::__construct - REQUEST_METHOD: GET
[2025-06-11 12:48:02] App::__construct - SCRIPT_NAME: /WEB_project_presentation_generator/public/index.php
[2025-06-11 12:48:02] App::__construct - PHP_SELF: /WEB_project_presentation_generator/public/index.php
[2025-06-11 12:48:02] App::__construct - Selected controller: PresentationController
[2025-06-11 12:48:02] App::__construct - Selected method: viewPresentation
[2025-06-11 12:48:02] App::__construct - Parameters: Array
(
    [0] => 122
)

[2025-06-11 12:48:02] App::__construct - Calling controller method with parameters
[2025-06-11 12:48:29] App::parseUrl - Parsed URL from REQUEST_URI: Array
(
    [0] => slides
    [1] => edit
    [2] => 831
)

[2025-06-11 12:48:29] App::parseUrl - Final URL segments: Array
(
    [0] => slides
    [1] => edit
    [2] => 831
)

[2025-06-11 12:48:29] App::__construct - REQUEST_URI: /WEB_project_presentation_generator/public/slides/edit/831
[2025-06-11 12:48:29] App::__construct - REQUEST_METHOD: POST
[2025-06-11 12:48:29] App::__construct - SCRIPT_NAME: /WEB_project_presentation_generator/public/index.php
[2025-06-11 12:48:29] App::__construct - PHP_SELF: /WEB_project_presentation_generator/public/index.php
[2025-06-11 12:48:29] App::__construct - Selected controller: SlideController
[2025-06-11 12:48:29] App::__construct - Selected method: edit
[2025-06-11 12:48:29] App::__construct - Parameters: Array
(
    [0] => 831
)

[2025-06-11 12:48:29] App::__construct - Calling controller method with parameters
[2025-06-11 12:48:31] App::parseUrl - Parsed URL from REQUEST_URI: Array
(
    [0] => presentation
    [1] => viewPresentation
    [2] => 122
)

[2025-06-11 12:48:31] App::parseUrl - Final URL segments: Array
(
    [0] => presentation
    [1] => viewPresentation
    [2] => 122
)

[2025-06-11 12:48:31] App::__construct - REQUEST_URI: /WEB_project_presentation_generator/public/presentation/viewPresentation/122
[2025-06-11 12:48:31] App::__construct - REQUEST_METHOD: GET
[2025-06-11 12:48:31] App::__construct - SCRIPT_NAME: /WEB_project_presentation_generator/public/index.php
[2025-06-11 12:48:31] App::__construct - PHP_SELF: /WEB_project_presentation_generator/public/index.php
[2025-06-11 12:48:31] App::__construct - Selected controller: PresentationController
[2025-06-11 12:48:31] App::__construct - Selected method: viewPresentation
[2025-06-11 12:48:31] App::__construct - Parameters: Array
(
    [0] => 122
)

[2025-06-11 12:48:31] App::__construct - Calling controller method with parameters
[2025-06-11 12:49:14] App::parseUrl - Parsed URL from REQUEST_URI: Array
(
    [0] => slide
    [1] => create
    [2] => 122
)

[2025-06-11 12:49:14] App::parseUrl - Final URL segments: Array
(
    [0] => slide
    [1] => create
    [2] => 122
)

[2025-06-11 12:49:14] App::__construct - REQUEST_URI: /WEB_project_presentation_generator/public/slide/create/122
[2025-06-11 12:49:14] App::__construct - REQUEST_METHOD: GET
[2025-06-11 12:49:14] App::__construct - SCRIPT_NAME: /WEB_project_presentation_generator/public/index.php
[2025-06-11 12:49:14] App::__construct - PHP_SELF: /WEB_project_presentation_generator/public/index.php
[2025-06-11 12:49:14] App::__construct - Selected controller: SlideController
[2025-06-11 12:49:14] App::__construct - Selected method: create
[2025-06-11 12:49:14] App::__construct - Parameters: Array
(
    [0] => 122
)

[2025-06-11 12:49:14] App::__construct - Calling controller method with parameters
[2025-06-11 12:49:14] SlideController::create called with presentationId: 122
[2025-06-11 12:50:00] App::parseUrl - Parsed URL from REQUEST_URI: Array
(
    [0] => slides
    [1] => create
    [2] => 122
)

[2025-06-11 12:50:00] App::parseUrl - Final URL segments: Array
(
    [0] => slides
    [1] => create
    [2] => 122
)

[2025-06-11 12:50:00] App::__construct - REQUEST_URI: /WEB_project_presentation_generator/public/slides/create/122
[2025-06-11 12:50:00] App::__construct - REQUEST_METHOD: POST
[2025-06-11 12:50:00] App::__construct - SCRIPT_NAME: /WEB_project_presentation_generator/public/index.php
[2025-06-11 12:50:00] App::__construct - PHP_SELF: /WEB_project_presentation_generator/public/index.php
[2025-06-11 12:50:00] App::__construct - Selected controller: SlideController
[2025-06-11 12:50:00] App::__construct - Selected method: create
[2025-06-11 12:50:00] App::__construct - Parameters: Array
(
    [0] => 122
)

[2025-06-11 12:50:00] App::__construct - Calling controller method with parameters
[2025-06-11 12:50:00] SlideController::create called with presentationId: 122
[2025-06-11 12:50:00] Received POST request for slide creation
[2025-06-11 12:50:00] POST data: Array
(
    [presentation_id] => 122
    [no_redirect] => 1
    [title] => cccc
    [layout] => grid-2x3
    [elements] => Array
        (
            [0] => Array
                (
                    [type] => text
                    [title] => gtgtt
                    [style] => {}
                    [content] => tgtggt
                )

            [1] => Array
                (
                    [type] => image
                    [title] => tgtgtg
                    [style] => {}
                    [content] => https://i.pinimg.com/736x/2f/7d/3d/2f7d3df8754e679449ebf9f26a14b1b1.jpg
                )

            [2] => Array
                (
                    [type] => image_text
                    [title] => s
                    [style] => {}
                    [content] => https://i.pinimg.com/736x/2f/7d/3d/2f7d3df8754e679449ebf9f26a14b1b1.jpg
                    [text] => dcddcddcd
                )

            [3] => Array
                (
                    [type] => image_list
                    [title] => d
                    [style] => {}
                    [content] => https://i.pinimg.com/736x/2f/7d/3d/2f7d3df8754e679449ebf9f26a14b1b1.jpg
                    [text] => d
fgf
hg
                )

            [4] => Array
                (
                    [type] => list
                    [title] => 
                    [style] => {}
                    [content] => 1
22
3
                )

            [5] => Array
                (
                    [type] => quote
                    [title] => 
                    [style] => {}
                    [content] => dddddd
                )

        )

)

[2025-06-11 12:50:00] Processing slide creation with data:
[2025-06-11 12:50:00] presentation_id: 122
[2025-06-11 12:50:00] title: cccc
[2025-06-11 12:50:00] layout: grid-2x3
[2025-06-11 12:50:00] no_redirect: true
[2025-06-11 12:50:00] Processing element 0: Array
(
    [type] => text
    [title] => gtgtt
    [style] => {}
    [content] => tgtggt
)

[2025-06-11 12:50:00] Processing element 1: Array
(
    [type] => image
    [title] => tgtgtg
    [style] => {}
    [content] => https://i.pinimg.com/736x/2f/7d/3d/2f7d3df8754e679449ebf9f26a14b1b1.jpg
)

[2025-06-11 12:50:00] Processing element 2: Array
(
    [type] => image_text
    [title] => s
    [style] => {}
    [content] => https://i.pinimg.com/736x/2f/7d/3d/2f7d3df8754e679449ebf9f26a14b1b1.jpg
    [text] => dcddcddcd
)

[2025-06-11 12:50:00] Processing element 3: Array
(
    [type] => image_list
    [title] => d
    [style] => {}
    [content] => https://i.pinimg.com/736x/2f/7d/3d/2f7d3df8754e679449ebf9f26a14b1b1.jpg
    [text] => d
fgf
hg
)

[2025-06-11 12:50:00] Processing element 4: Array
(
    [type] => list
    [title] => 
    [style] => {}
    [content] => 1
22
3
)

[2025-06-11 12:50:00] Processing element 5: Array
(
    [type] => quote
    [title] => 
    [style] => {}
    [content] => dddddd
)

[2025-06-11 12:50:00] Prepared elements data: Array
(
    [0] => Array
        (
            [type] => text
            [title] => gtgtt
            [content] => tgtggt
            [text] => 
            [style] => Array
                (
                )

        )

    [1] => Array
        (
            [type] => image
            [title] => tgtgtg
            [content] => https://i.pinimg.com/736x/2f/7d/3d/2f7d3df8754e679449ebf9f26a14b1b1.jpg
            [text] => 
            [style] => Array
                (
                )

        )

    [2] => Array
        (
            [type] => image_text
            [title] => s
            [content] => https://i.pinimg.com/736x/2f/7d/3d/2f7d3df8754e679449ebf9f26a14b1b1.jpg
            [text] => dcddcddcd
            [style] => Array
                (
                )

        )

    [3] => Array
        (
            [type] => image_list
            [title] => d
            [content] => https://i.pinimg.com/736x/2f/7d/3d/2f7d3df8754e679449ebf9f26a14b1b1.jpg
            [text] => d
fgf
hg
            [style] => Array
                (
                )

        )

    [4] => Array
        (
            [type] => list
            [title] => 
            [content] => 1
22
3
            [text] => 
            [style] => Array
                (
                )

        )

    [5] => Array
        (
            [type] => quote
            [title] => 
            [content] => dddddd
            [text] => 
            [style] => Array
                (
                )

        )

)

[2025-06-11 12:50:00] Final slide data: Array
(
    [presentation_id] => 122
    [title] => cccc
    [layout] => grid-2x3
    [elements] => Array
        (
            [0] => Array
                (
                    [type] => text
                    [title] => gtgtt
                    [content] => tgtggt
                    [text] => 
                    [style] => Array
                        (
                        )

                )

            [1] => Array
                (
                    [type] => image
                    [title] => tgtgtg
                    [content] => https://i.pinimg.com/736x/2f/7d/3d/2f7d3df8754e679449ebf9f26a14b1b1.jpg
                    [text] => 
                    [style] => Array
                        (
                        )

                )

            [2] => Array
                (
                    [type] => image_text
                    [title] => s
                    [content] => https://i.pinimg.com/736x/2f/7d/3d/2f7d3df8754e679449ebf9f26a14b1b1.jpg
                    [text] => dcddcddcd
                    [style] => Array
                        (
                        )

                )

            [3] => Array
                (
                    [type] => image_list
                    [title] => d
                    [content] => https://i.pinimg.com/736x/2f/7d/3d/2f7d3df8754e679449ebf9f26a14b1b1.jpg
                    [text] => d
fgf
hg
                    [style] => Array
                        (
                        )

                )

            [4] => Array
                (
                    [type] => list
                    [title] => 
                    [content] => 1
22
3
                    [text] => 
                    [style] => Array
                        (
                        )

                )

            [5] => Array
                (
                    [type] => quote
                    [title] => 
                    [content] => dddddd
                    [text] => 
                    [style] => Array
                        (
                        )

                )

        )

)

[2025-06-11 12:50:00] Is AJAX request: true
[2025-06-11 12:50:00] Successfully created slide with ID: 834
[2025-06-11 12:50:00] Sending JSON response for AJAX request
[2025-06-11 12:50:02] App::parseUrl - Parsed URL from REQUEST_URI: Array
(
    [0] => presentation
    [1] => viewPresentation
    [2] => 122
)

[2025-06-11 12:50:02] App::parseUrl - Final URL segments: Array
(
    [0] => presentation
    [1] => viewPresentation
    [2] => 122
)

[2025-06-11 12:50:02] App::__construct - REQUEST_URI: /WEB_project_presentation_generator/public/presentation/viewPresentation/122
[2025-06-11 12:50:02] App::__construct - REQUEST_METHOD: GET
[2025-06-11 12:50:02] App::__construct - SCRIPT_NAME: /WEB_project_presentation_generator/public/index.php
[2025-06-11 12:50:02] App::__construct - PHP_SELF: /WEB_project_presentation_generator/public/index.php
[2025-06-11 12:50:02] App::__construct - Selected controller: PresentationController
[2025-06-11 12:50:02] App::__construct - Selected method: viewPresentation
[2025-06-11 12:50:02] App::__construct - Parameters: Array
(
    [0] => 122
)

[2025-06-11 12:50:02] App::__construct - Calling controller method with parameters
[2025-06-11 12:50:11] App::parseUrl - Parsed URL from REQUEST_URI: Array
(
    [0] => presentation
    [1] => review
    [2] => 122
)

[2025-06-11 12:50:11] App::parseUrl - Final URL segments: Array
(
    [0] => presentation
    [1] => review
    [2] => 122
)

[2025-06-11 12:50:11] App::__construct - REQUEST_URI: /WEB_project_presentation_generator/public/presentation/review/122
[2025-06-11 12:50:11] App::__construct - REQUEST_METHOD: GET
[2025-06-11 12:50:11] App::__construct - SCRIPT_NAME: /WEB_project_presentation_generator/public/index.php
[2025-06-11 12:50:11] App::__construct - PHP_SELF: /WEB_project_presentation_generator/public/index.php
[2025-06-11 12:50:11] App::__construct - Selected controller: PresentationController
[2025-06-11 12:50:11] App::__construct - Selected method: review
[2025-06-11 12:50:11] App::__construct - Parameters: Array
(
    [0] => 122
)

[2025-06-11 12:50:11] App::__construct - Calling controller method with parameters
[2025-06-11 12:51:33] App::parseUrl - Parsed URL from REQUEST_URI: Array
(
    [0] => presentation
    [1] => review
    [2] => 122
)

[2025-06-11 12:51:33] App::parseUrl - Final URL segments: Array
(
    [0] => presentation
    [1] => review
    [2] => 122
)

[2025-06-11 12:51:33] App::__construct - REQUEST_URI: /WEB_project_presentation_generator/public/presentation/review/122
[2025-06-11 12:51:33] App::__construct - REQUEST_METHOD: GET
[2025-06-11 12:51:33] App::__construct - SCRIPT_NAME: /WEB_project_presentation_generator/public/index.php
[2025-06-11 12:51:33] App::__construct - PHP_SELF: /WEB_project_presentation_generator/public/index.php
[2025-06-11 12:51:33] App::__construct - Selected controller: PresentationController
[2025-06-11 12:51:33] App::__construct - Selected method: review
[2025-06-11 12:51:33] App::__construct - Parameters: Array
(
    [0] => 122
)

[2025-06-11 12:51:33] App::__construct - Calling controller method with parameters
[2025-06-11 12:52:59] App::parseUrl - Parsed URL from REQUEST_URI: Array
(
    [0] => presentation
    [1] => viewPresentation
    [2] => 122
)

[2025-06-11 12:52:59] App::parseUrl - Final URL segments: Array
(
    [0] => presentation
    [1] => viewPresentation
    [2] => 122
)

[2025-06-11 12:52:59] App::__construct - REQUEST_URI: /WEB_project_presentation_generator/public/presentation/viewPresentation/122
[2025-06-11 12:52:59] App::__construct - REQUEST_METHOD: GET
[2025-06-11 12:52:59] App::__construct - SCRIPT_NAME: /WEB_project_presentation_generator/public/index.php
[2025-06-11 12:52:59] App::__construct - PHP_SELF: /WEB_project_presentation_generator/public/index.php
[2025-06-11 12:52:59] App::__construct - Selected controller: PresentationController
[2025-06-11 12:52:59] App::__construct - Selected method: viewPresentation
[2025-06-11 12:52:59] App::__construct - Parameters: Array
(
    [0] => 122
)

[2025-06-11 12:52:59] App::__construct - Calling controller method with parameters
[2025-06-11 12:53:14] App::parseUrl - Parsed URL from REQUEST_URI: Array
(
    [0] => presentation
    [1] => viewPresentation
    [2] => 122
)

[2025-06-11 12:53:14] App::parseUrl - Final URL segments: Array
(
    [0] => presentation
    [1] => viewPresentation
    [2] => 122
)

[2025-06-11 12:53:14] App::__construct - REQUEST_URI: /WEB_project_presentation_generator/public/presentation/viewPresentation/122
[2025-06-11 12:53:14] App::__construct - REQUEST_METHOD: GET
[2025-06-11 12:53:14] App::__construct - SCRIPT_NAME: /WEB_project_presentation_generator/public/index.php
[2025-06-11 12:53:14] App::__construct - PHP_SELF: /WEB_project_presentation_generator/public/index.php
[2025-06-11 12:53:14] App::__construct - Selected controller: PresentationController
[2025-06-11 12:53:14] App::__construct - Selected method: viewPresentation
[2025-06-11 12:53:14] App::__construct - Parameters: Array
(
    [0] => 122
)

[2025-06-11 12:53:14] App::__construct - Calling controller method with parameters
[2025-06-11 12:53:35] App::parseUrl - Parsed URL from REQUEST_URI: Array
(
    [0] => presentation
    [1] => viewPresentation
    [2] => 122
)

[2025-06-11 12:53:35] App::parseUrl - Final URL segments: Array
(
    [0] => presentation
    [1] => viewPresentation
    [2] => 122
)

[2025-06-11 12:53:35] App::__construct - REQUEST_URI: /WEB_project_presentation_generator/public/presentation/viewPresentation/122
[2025-06-11 12:53:35] App::__construct - REQUEST_METHOD: GET
[2025-06-11 12:53:35] App::__construct - SCRIPT_NAME: /WEB_project_presentation_generator/public/index.php
[2025-06-11 12:53:35] App::__construct - PHP_SELF: /WEB_project_presentation_generator/public/index.php
[2025-06-11 12:53:35] App::__construct - Selected controller: PresentationController
[2025-06-11 12:53:35] App::__construct - Selected method: viewPresentation
[2025-06-11 12:53:35] App::__construct - Parameters: Array
(
    [0] => 122
)

[2025-06-11 12:53:35] App::__construct - Calling controller method with parameters
[2025-06-11 15:48:26] App::parseUrl - Parsed URL from REQUEST_URI: Array
(
    [0] => presentation
    [1] => viewPresentation
    [2] => 122
)

[2025-06-11 15:48:26] App::parseUrl - Final URL segments: Array
(
    [0] => presentation
    [1] => viewPresentation
    [2] => 122
)

[2025-06-11 15:48:26] App::__construct - REQUEST_URI: /WEB_project_presentation_generator/public/presentation/viewPresentation/122
[2025-06-11 15:48:26] App::__construct - REQUEST_METHOD: GET
[2025-06-11 15:48:26] App::__construct - SCRIPT_NAME: /WEB_project_presentation_generator/public/index.php
[2025-06-11 15:48:26] App::__construct - PHP_SELF: /WEB_project_presentation_generator/public/index.php
[2025-06-11 15:48:26] App::__construct - Selected controller: PresentationController
[2025-06-11 15:50:17] App::parseUrl - Parsed URL from REQUEST_URI: Array
(
    [0] => presentation
    [1] => review
    [2] => 122
)

[2025-06-11 15:50:17] App::parseUrl - Final URL segments: Array
(
    [0] => presentation
    [1] => review
    [2] => 122
)

[2025-06-11 15:50:17] App::__construct - REQUEST_URI: /WEB_project_presentation_generator/public/presentation/review/122
[2025-06-11 15:50:17] App::__construct - REQUEST_METHOD: GET
[2025-06-11 15:50:17] App::__construct - SCRIPT_NAME: /WEB_project_presentation_generator/public/index.php
[2025-06-11 15:50:17] App::__construct - PHP_SELF: /WEB_project_presentation_generator/public/index.php
[2025-06-11 15:50:17] App::__construct - Selected controller: PresentationController
[2025-06-11 15:50:28] App::parseUrl - Parsed URL from REQUEST_URI: Array
(
    [0] => presentation
    [1] => viewPresentation
    [2] => 122
)

[2025-06-11 15:50:28] App::parseUrl - Final URL segments: Array
(
    [0] => presentation
    [1] => viewPresentation
    [2] => 122
)

[2025-06-11 15:50:28] App::__construct - REQUEST_URI: /WEB_project_presentation_generator/public/presentation/viewPresentation/122
[2025-06-11 15:50:28] App::__construct - REQUEST_METHOD: GET
[2025-06-11 15:50:28] App::__construct - SCRIPT_NAME: /WEB_project_presentation_generator/public/index.php
[2025-06-11 15:50:28] App::__construct - PHP_SELF: /WEB_project_presentation_generator/public/index.php
[2025-06-11 15:50:28] App::__construct - Selected controller: PresentationController
[2025-06-11 15:50:30] App::parseUrl - Parsed URL from REQUEST_URI: Array
(
    [0] => slide
    [1] => create
    [2] => 122
)

[2025-06-11 15:50:30] App::parseUrl - Final URL segments: Array
(
    [0] => slide
    [1] => create
    [2] => 122
)

[2025-06-11 15:50:30] App::__construct - REQUEST_URI: /WEB_project_presentation_generator/public/slide/create/122
[2025-06-11 15:50:30] App::__construct - REQUEST_METHOD: GET
[2025-06-11 15:50:30] App::__construct - SCRIPT_NAME: /WEB_project_presentation_generator/public/index.php
[2025-06-11 15:50:30] App::__construct - PHP_SELF: /WEB_project_presentation_generator/public/index.php
[2025-06-11 15:50:30] App::__construct - Selected controller: SlideController
[2025-06-11 15:50:30] App::parseUrl - Parsed URL from REQUEST_URI: Array
(
    [0] => presentation
    [1] => viewPresentation
    [2] => 122
)

[2025-06-11 15:50:30] App::parseUrl - Final URL segments: Array
(
    [0] => presentation
    [1] => viewPresentation
    [2] => 122
)

[2025-06-11 15:50:30] App::__construct - REQUEST_URI: /WEB_project_presentation_generator/public/presentation/viewPresentation/122
[2025-06-11 15:50:30] App::__construct - REQUEST_METHOD: GET
[2025-06-11 15:50:30] App::__construct - SCRIPT_NAME: /WEB_project_presentation_generator/public/index.php
[2025-06-11 15:50:30] App::__construct - PHP_SELF: /WEB_project_presentation_generator/public/index.php
[2025-06-11 15:50:30] App::__construct - Selected controller: PresentationController
[2025-06-11 15:50:32] App::parseUrl - Parsed URL from REQUEST_URI: Array
(
    [0] => slide
    [1] => edit
    [2] => 831
)

[2025-06-11 15:50:32] App::parseUrl - Final URL segments: Array
(
    [0] => slide
    [1] => edit
    [2] => 831
)

[2025-06-11 15:50:32] App::__construct - REQUEST_URI: /WEB_project_presentation_generator/public/slide/edit/831
[2025-06-11 15:50:32] App::__construct - REQUEST_METHOD: GET
[2025-06-11 15:50:32] App::__construct - SCRIPT_NAME: /WEB_project_presentation_generator/public/index.php
[2025-06-11 15:50:32] App::__construct - PHP_SELF: /WEB_project_presentation_generator/public/index.php
[2025-06-11 15:50:32] App::__construct - Selected controller: SlideController
[2025-06-11 15:53:04] App::parseUrl - Parsed URL from REQUEST_URI: Array
(
    [0] => presentation
    [1] => review
    [2] => 122
)

[2025-06-11 15:53:04] App::parseUrl - Final URL segments: Array
(
    [0] => presentation
    [1] => review
    [2] => 122
)

[2025-06-11 15:53:04] App::__construct - REQUEST_URI: /WEB_project_presentation_generator/public/presentation/review/122
[2025-06-11 15:53:04] App::__construct - REQUEST_METHOD: GET
[2025-06-11 15:53:04] App::__construct - SCRIPT_NAME: /WEB_project_presentation_generator/public/index.php
[2025-06-11 15:53:04] App::__construct - PHP_SELF: /WEB_project_presentation_generator/public/index.php
[2025-06-11 15:53:04] App::__construct - Selected controller: PresentationController
[2025-06-11 15:56:04] App::parseUrl - Parsed URL from REQUEST_URI: Array
(
    [0] => presentation
    [1] => review
    [2] => 122
)

[2025-06-11 15:56:04] App::parseUrl - Final URL segments: Array
(
    [0] => presentation
    [1] => review
    [2] => 122
)

[2025-06-11 15:56:04] App::__construct - REQUEST_URI: /WEB_project_presentation_generator/public/presentation/review/122
[2025-06-11 15:56:04] App::__construct - REQUEST_METHOD: GET
[2025-06-11 15:56:04] App::__construct - SCRIPT_NAME: /WEB_project_presentation_generator/public/index.php
[2025-06-11 15:56:04] App::__construct - PHP_SELF: /WEB_project_presentation_generator/public/index.php
[2025-06-11 15:56:04] App::__construct - Selected controller: PresentationController
[2025-06-11 15:58:18] App::parseUrl - Parsed URL from REQUEST_URI: Array
(
    [0] => presentation
    [1] => review
    [2] => 122
)

[2025-06-11 15:58:18] App::parseUrl - Final URL segments: Array
(
    [0] => presentation
    [1] => review
    [2] => 122
)

[2025-06-11 15:58:18] App::__construct - REQUEST_URI: /WEB_project_presentation_generator/public/presentation/review/122
[2025-06-11 15:58:18] App::__construct - REQUEST_METHOD: GET
[2025-06-11 15:58:18] App::__construct - SCRIPT_NAME: /WEB_project_presentation_generator/public/index.php
[2025-06-11 15:58:18] App::__construct - PHP_SELF: /WEB_project_presentation_generator/public/index.php
[2025-06-11 15:58:18] App::__construct - Selected controller: PresentationController
[2025-06-11 15:58:45] App::parseUrl - Parsed URL from REQUEST_URI: Array
(
    [0] => presentation
    [1] => review
    [2] => 122
)

[2025-06-11 15:58:45] App::parseUrl - Final URL segments: Array
(
    [0] => presentation
    [1] => review
    [2] => 122
)

[2025-06-11 15:58:45] App::__construct - REQUEST_URI: /WEB_project_presentation_generator/public/presentation/review/122
[2025-06-11 15:58:45] App::__construct - REQUEST_METHOD: GET
[2025-06-11 15:58:45] App::__construct - SCRIPT_NAME: /WEB_project_presentation_generator/public/index.php
[2025-06-11 15:58:45] App::__construct - PHP_SELF: /WEB_project_presentation_generator/public/index.php
[2025-06-11 15:58:45] App::__construct - Selected controller: PresentationController
[2025-06-11 15:59:35] App::parseUrl - Parsed URL from REQUEST_URI: Array
(
    [0] => presentation
    [1] => view
    [2] => 7
)

[2025-06-11 15:59:35] App::parseUrl - Final URL segments: Array
(
    [0] => presentation
    [1] => view
    [2] => 7
)

[2025-06-11 15:59:35] App::__construct - REQUEST_URI: /WEB_project_presentation_generator/public/presentation/view/7
[2025-06-11 15:59:35] App::__construct - REQUEST_METHOD: GET
[2025-06-11 15:59:35] App::__construct - SCRIPT_NAME: /WEB_project_presentation_generator/public/index.php
[2025-06-11 15:59:35] App::__construct - PHP_SELF: /WEB_project_presentation_generator/public/index.php
[2025-06-11 15:59:35] App::__construct - Selected controller: PresentationController
[2025-06-11 16:01:18] App::parseUrl - Parsed URL from REQUEST_URI: Array
(
    [0] => presentation
    [1] => review
    [2] => 122
)

[2025-06-11 16:01:18] App::parseUrl - Final URL segments: Array
(
    [0] => presentation
    [1] => review
    [2] => 122
)

[2025-06-11 16:01:18] App::__construct - REQUEST_URI: /WEB_project_presentation_generator/public/presentation/review/122
[2025-06-11 16:01:18] App::__construct - REQUEST_METHOD: GET
[2025-06-11 16:01:18] App::__construct - SCRIPT_NAME: /WEB_project_presentation_generator/public/index.php
[2025-06-11 16:01:18] App::__construct - PHP_SELF: /WEB_project_presentation_generator/public/index.php
[2025-06-11 16:01:18] App::__construct - Selected controller: PresentationController
[2025-06-11 16:02:25] App::parseUrl - Parsed URL from REQUEST_URI: Array
(
    [0] => presentation
    [1] => review
    [2] => 122
)

[2025-06-11 16:02:25] App::parseUrl - Final URL segments: Array
(
    [0] => presentation
    [1] => review
    [2] => 122
)

[2025-06-11 16:02:25] App::__construct - REQUEST_URI: /WEB_project_presentation_generator/public/presentation/review/122
[2025-06-11 16:02:25] App::__construct - REQUEST_METHOD: GET
[2025-06-11 16:02:25] App::__construct - SCRIPT_NAME: /WEB_project_presentation_generator/public/index.php
[2025-06-11 16:02:25] App::__construct - PHP_SELF: /WEB_project_presentation_generator/public/index.php
[2025-06-11 16:02:25] App::__construct - Selected controller: PresentationController
[2025-06-11 16:02:47] App::parseUrl - Parsed URL from REQUEST_URI: Array
(
    [0] => presentation
    [1] => export
    [2] => 20
    [3] => xml
)

[2025-06-11 16:02:47] App::parseUrl - Final URL segments: Array
(
    [0] => presentation
    [1] => export
    [2] => 20
    [3] => xml
)

[2025-06-11 16:02:47] App::__construct - REQUEST_URI: /WEB_project_presentation_generator/public/presentation/export/20/xml
[2025-06-11 16:02:47] App::__construct - REQUEST_METHOD: GET
[2025-06-11 16:02:47] App::__construct - SCRIPT_NAME: /WEB_project_presentation_generator/public/index.php
[2025-06-11 16:02:47] App::__construct - PHP_SELF: /WEB_project_presentation_generator/public/index.php
[2025-06-11 16:02:47] App::__construct - Selected controller: PresentationController
[2025-06-11 16:02:47] App::parseUrl - Parsed URL from REQUEST_URI: Array
(
    [0] => auth
    [1] => login
)

[2025-06-11 16:02:47] App::parseUrl - Final URL segments: Array
(
    [0] => auth
    [1] => login
)

[2025-06-11 16:02:47] App::__construct - REQUEST_URI: /WEB_project_presentation_generator/public/auth/login
[2025-06-11 16:02:47] App::__construct - REQUEST_METHOD: GET
[2025-06-11 16:02:47] App::__construct - SCRIPT_NAME: /WEB_project_presentation_generator/public/index.php
[2025-06-11 16:02:47] App::__construct - PHP_SELF: /WEB_project_presentation_generator/public/index.php
[2025-06-11 16:02:47] App::__construct - Selected controller: AuthController
[2025-06-11 16:02:47] App::__construct - Selected method: login
[2025-06-11 16:02:47] App::__construct - Parameters: Array
(
)

[2025-06-11 16:02:47] App::__construct - Calling controller method with parameters
[2025-06-11 16:04:42] App::parseUrl - Parsed URL from REQUEST_URI: Array
(
    [0] => auth
    [1] => login
)

[2025-06-11 16:04:42] App::parseUrl - Final URL segments: Array
(
    [0] => auth
    [1] => login
)

[2025-06-11 16:04:42] App::__construct - REQUEST_URI: /WEB_project_presentation_generator/public/auth/login
[2025-06-11 16:04:42] App::__construct - REQUEST_METHOD: POST
[2025-06-11 16:04:42] App::__construct - SCRIPT_NAME: /WEB_project_presentation_generator/public/index.php
[2025-06-11 16:04:42] App::__construct - PHP_SELF: /WEB_project_presentation_generator/public/index.php
[2025-06-11 16:04:42] App::__construct - Selected controller: AuthController
[2025-06-11 16:04:42] App::__construct - Selected method: login
[2025-06-11 16:04:42] App::__construct - Parameters: Array
(
)

[2025-06-11 16:04:42] App::__construct - Calling controller method with parameters
[2025-06-11 16:04:42] App::parseUrl - Parsed URL from REQUEST_URI: Array
(
    [0] => home
    [1] => index
)

[2025-06-11 16:04:42] App::parseUrl - Final URL segments: Array
(
    [0] => home
    [1] => index
)

[2025-06-11 16:04:42] App::__construct - REQUEST_URI: /WEB_project_presentation_generator/public/home/index
[2025-06-11 16:04:42] App::__construct - REQUEST_METHOD: GET
[2025-06-11 16:04:42] App::__construct - SCRIPT_NAME: /WEB_project_presentation_generator/public/index.php
[2025-06-11 16:04:42] App::__construct - PHP_SELF: /WEB_project_presentation_generator/public/index.php
[2025-06-11 16:04:42] App::__construct - Selected controller: HomeController
[2025-06-11 16:04:42] App::__construct - Selected method: index
[2025-06-11 16:04:42] App::__construct - Parameters: Array
(
)

[2025-06-11 16:04:42] App::__construct - Calling controller method with parameters
[2025-06-11 16:04:42] App::parseUrl - Parsed URL from REQUEST_URI: Array
(
    [0] => dashboard
)

[2025-06-11 16:04:42] App::parseUrl - Final URL segments: Array
(
    [0] => dashboard
)

[2025-06-11 16:04:42] App::__construct - REQUEST_URI: /WEB_project_presentation_generator/public/dashboard
[2025-06-11 16:04:42] App::__construct - REQUEST_METHOD: GET
[2025-06-11 16:04:42] App::__construct - SCRIPT_NAME: /WEB_project_presentation_generator/public/index.php
[2025-06-11 16:04:42] App::__construct - PHP_SELF: /WEB_project_presentation_generator/public/index.php
[2025-06-11 16:04:42] App::__construct - Selected controller: DashboardController
[2025-06-11 16:04:42] App::__construct - Parameters: Array
(
)

[2025-06-11 16:04:42] App::__construct - Calling controller method with parameters
[2025-06-11 16:04:47] App::parseUrl - Parsed URL from REQUEST_URI: Array
(
    [0] => dashboard
    [1] => viewWorkspace
    [2] => 15
)

[2025-06-11 16:04:47] App::parseUrl - Final URL segments: Array
(
    [0] => dashboard
    [1] => viewWorkspace
    [2] => 15
)

[2025-06-11 16:04:47] App::__construct - REQUEST_URI: /WEB_project_presentation_generator/public/dashboard/viewWorkspace/15
[2025-06-11 16:04:47] App::__construct - REQUEST_METHOD: GET
[2025-06-11 16:04:47] App::__construct - SCRIPT_NAME: /WEB_project_presentation_generator/public/index.php
[2025-06-11 16:04:47] App::__construct - PHP_SELF: /WEB_project_presentation_generator/public/index.php
[2025-06-11 16:04:47] App::__construct - Selected controller: DashboardController
[2025-06-11 16:04:47] App::__construct - Selected method: viewWorkspace
[2025-06-11 16:04:47] App::__construct - Parameters: Array
(
    [0] => 15
)

[2025-06-11 16:04:47] App::__construct - Calling controller method with parameters
[2025-06-11 16:04:57] App::parseUrl - Parsed URL from REQUEST_URI: Array
(
    [0] => presentation
    [1] => review
    [2] => 122
)

[2025-06-11 16:04:57] App::parseUrl - Final URL segments: Array
(
    [0] => presentation
    [1] => review
    [2] => 122
)

[2025-06-11 16:04:57] App::__construct - REQUEST_URI: /WEB_project_presentation_generator/public/presentation/review/122
[2025-06-11 16:04:57] App::__construct - REQUEST_METHOD: GET
[2025-06-11 16:04:57] App::__construct - SCRIPT_NAME: /WEB_project_presentation_generator/public/index.php
[2025-06-11 16:04:57] App::__construct - PHP_SELF: /WEB_project_presentation_generator/public/index.php
[2025-06-11 16:04:57] App::__construct - Selected controller: PresentationController
[2025-06-11 16:04:57] App::parseUrl - Parsed URL from REQUEST_URI: Array
(
    [0] => auth
    [1] => login
)

[2025-06-11 16:04:57] App::parseUrl - Final URL segments: Array
(
    [0] => auth
    [1] => login
)

[2025-06-11 16:04:57] App::__construct - REQUEST_URI: /WEB_project_presentation_generator/public/auth/login
[2025-06-11 16:04:57] App::__construct - REQUEST_METHOD: GET
[2025-06-11 16:04:57] App::__construct - SCRIPT_NAME: /WEB_project_presentation_generator/public/index.php
[2025-06-11 16:04:57] App::__construct - PHP_SELF: /WEB_project_presentation_generator/public/index.php
[2025-06-11 16:04:57] App::__construct - Selected controller: AuthController
[2025-06-11 16:04:57] App::__construct - Selected method: login
[2025-06-11 16:04:57] App::__construct - Parameters: Array
(
)

[2025-06-11 16:04:57] App::__construct - Calling controller method with parameters
[2025-06-11 16:05:04] App::parseUrl - Parsed URL from REQUEST_URI: Array
(
    [0] => auth
    [1] => login
)

[2025-06-11 16:05:04] App::parseUrl - Final URL segments: Array
(
    [0] => auth
    [1] => login
)

[2025-06-11 16:05:04] App::__construct - REQUEST_URI: /WEB_project_presentation_generator/public/auth/login
[2025-06-11 16:05:04] App::__construct - REQUEST_METHOD: POST
[2025-06-11 16:05:04] App::__construct - SCRIPT_NAME: /WEB_project_presentation_generator/public/index.php
[2025-06-11 16:05:04] App::__construct - PHP_SELF: /WEB_project_presentation_generator/public/index.php
[2025-06-11 16:05:04] App::__construct - Selected controller: AuthController
[2025-06-11 16:05:04] App::__construct - Selected method: login
[2025-06-11 16:05:04] App::__construct - Parameters: Array
(
)

[2025-06-11 16:05:04] App::__construct - Calling controller method with parameters
[2025-06-11 16:05:04] App::parseUrl - Parsed URL from REQUEST_URI: Array
(
    [0] => home
    [1] => index
)

[2025-06-11 16:05:04] App::parseUrl - Final URL segments: Array
(
    [0] => home
    [1] => index
)

[2025-06-11 16:05:04] App::__construct - REQUEST_URI: /WEB_project_presentation_generator/public/home/index
[2025-06-11 16:05:04] App::__construct - REQUEST_METHOD: GET
[2025-06-11 16:05:04] App::__construct - SCRIPT_NAME: /WEB_project_presentation_generator/public/index.php
[2025-06-11 16:05:04] App::__construct - PHP_SELF: /WEB_project_presentation_generator/public/index.php
[2025-06-11 16:05:04] App::__construct - Selected controller: HomeController
[2025-06-11 16:05:04] App::__construct - Selected method: index
[2025-06-11 16:05:04] App::__construct - Parameters: Array
(
)

[2025-06-11 16:05:04] App::__construct - Calling controller method with parameters
[2025-06-11 16:05:04] App::parseUrl - Parsed URL from REQUEST_URI: Array
(
    [0] => dashboard
)

[2025-06-11 16:05:04] App::parseUrl - Final URL segments: Array
(
    [0] => dashboard
)

[2025-06-11 16:05:04] App::__construct - REQUEST_URI: /WEB_project_presentation_generator/public/dashboard
[2025-06-11 16:05:04] App::__construct - REQUEST_METHOD: GET
[2025-06-11 16:05:04] App::__construct - SCRIPT_NAME: /WEB_project_presentation_generator/public/index.php
[2025-06-11 16:05:04] App::__construct - PHP_SELF: /WEB_project_presentation_generator/public/index.php
[2025-06-11 16:05:04] App::__construct - Selected controller: DashboardController
[2025-06-11 16:05:04] App::__construct - Parameters: Array
(
)

[2025-06-11 16:05:04] App::__construct - Calling controller method with parameters
[2025-06-11 16:16:14] App::parseUrl - Parsed URL from REQUEST_URI: Array
(
    [0] => dashboard
)

[2025-06-11 16:16:14] App::parseUrl - Final URL segments: Array
(
    [0] => dashboard
)

[2025-06-11 16:16:14] App::__construct - REQUEST_URI: /WEB_project_presentation_generator/public/dashboard
[2025-06-11 16:16:14] App::__construct - REQUEST_METHOD: GET
[2025-06-11 16:16:14] App::__construct - SCRIPT_NAME: /WEB_project_presentation_generator/public/index.php
[2025-06-11 16:16:14] App::__construct - PHP_SELF: /WEB_project_presentation_generator/public/index.php
[2025-06-11 16:16:14] App::__construct - Selected controller: DashboardController
[2025-06-11 16:16:14] App::__construct - Parameters: Array
(
)

[2025-06-11 16:16:14] App::__construct - Calling controller method with parameters
[2025-06-11 16:16:17] App::parseUrl - Parsed URL from REQUEST_URI: Array
(
    [0] => dashboard
    [1] => viewWorkspace
    [2] => 15
)

[2025-06-11 16:16:17] App::parseUrl - Final URL segments: Array
(
    [0] => dashboard
    [1] => viewWorkspace
    [2] => 15
)

[2025-06-11 16:16:17] App::__construct - REQUEST_URI: /WEB_project_presentation_generator/public/dashboard/viewWorkspace/15
[2025-06-11 16:16:17] App::__construct - REQUEST_METHOD: GET
[2025-06-11 16:16:17] App::__construct - SCRIPT_NAME: /WEB_project_presentation_generator/public/index.php
[2025-06-11 16:16:17] App::__construct - PHP_SELF: /WEB_project_presentation_generator/public/index.php
[2025-06-11 16:16:17] App::__construct - Selected controller: DashboardController
[2025-06-11 16:16:17] App::__construct - Selected method: viewWorkspace
[2025-06-11 16:16:17] App::__construct - Parameters: Array
(
    [0] => 15
)

[2025-06-11 16:16:17] App::__construct - Calling controller method with parameters
[2025-06-11 16:16:24] App::parseUrl - Parsed URL from REQUEST_URI: Array
(
    [0] => dashboard
    [1] => viewWorkspace
    [2] => 28
)

[2025-06-11 16:16:24] App::parseUrl - Final URL segments: Array
(
    [0] => dashboard
    [1] => viewWorkspace
    [2] => 28
)

[2025-06-11 16:16:24] App::__construct - REQUEST_URI: /WEB_project_presentation_generator/public/dashboard/viewWorkspace/28
[2025-06-11 16:16:24] App::__construct - REQUEST_METHOD: GET
[2025-06-11 16:16:24] App::__construct - SCRIPT_NAME: /WEB_project_presentation_generator/public/index.php
[2025-06-11 16:16:24] App::__construct - PHP_SELF: /WEB_project_presentation_generator/public/index.php
[2025-06-11 16:16:24] App::__construct - Selected controller: DashboardController
[2025-06-11 16:16:24] App::__construct - Selected method: viewWorkspace
[2025-06-11 16:16:24] App::__construct - Parameters: Array
(
    [0] => 28
)

[2025-06-11 16:16:24] App::__construct - Calling controller method with parameters
[2025-06-11 16:16:25] App::parseUrl - Parsed URL from REQUEST_URI: Array
(
    [0] => dashboard
)

[2025-06-11 16:16:25] App::parseUrl - Final URL segments: Array
(
    [0] => dashboard
)

[2025-06-11 16:16:25] App::__construct - REQUEST_URI: /WEB_project_presentation_generator/public/dashboard
[2025-06-11 16:16:25] App::__construct - REQUEST_METHOD: GET
[2025-06-11 16:16:25] App::__construct - SCRIPT_NAME: /WEB_project_presentation_generator/public/index.php
[2025-06-11 16:16:25] App::__construct - PHP_SELF: /WEB_project_presentation_generator/public/index.php
[2025-06-11 16:16:25] App::__construct - Selected controller: DashboardController
[2025-06-11 16:16:25] App::__construct - Parameters: Array
(
)

[2025-06-11 16:16:25] App::__construct - Calling controller method with parameters
[2025-06-11 16:16:28] App::parseUrl - Parsed URL from REQUEST_URI: Array
(
    [0] => dashboard
    [1] => viewWorkspace
    [2] => 31
)

[2025-06-11 16:16:28] App::parseUrl - Final URL segments: Array
(
    [0] => dashboard
    [1] => viewWorkspace
    [2] => 31
)

[2025-06-11 16:16:28] App::__construct - REQUEST_URI: /WEB_project_presentation_generator/public/dashboard/viewWorkspace/31
[2025-06-11 16:16:28] App::__construct - REQUEST_METHOD: GET
[2025-06-11 16:16:28] App::__construct - SCRIPT_NAME: /WEB_project_presentation_generator/public/index.php
[2025-06-11 16:16:28] App::__construct - PHP_SELF: /WEB_project_presentation_generator/public/index.php
[2025-06-11 16:16:28] App::__construct - Selected controller: DashboardController
[2025-06-11 16:16:28] App::__construct - Selected method: viewWorkspace
[2025-06-11 16:16:28] App::__construct - Parameters: Array
(
    [0] => 31
)

[2025-06-11 16:16:28] App::__construct - Calling controller method with parameters
[2025-06-11 16:16:29] App::parseUrl - Parsed URL from REQUEST_URI: Array
(
    [0] => dashboard
    [1] => shareWorkspace
    [2] => 31
)

[2025-06-11 16:16:29] App::parseUrl - Final URL segments: Array
(
    [0] => dashboard
    [1] => shareWorkspace
    [2] => 31
)

[2025-06-11 16:16:29] App::__construct - REQUEST_URI: /WEB_project_presentation_generator/public/dashboard/shareWorkspace/31
[2025-06-11 16:16:29] App::__construct - REQUEST_METHOD: GET
[2025-06-11 16:16:29] App::__construct - SCRIPT_NAME: /WEB_project_presentation_generator/public/index.php
[2025-06-11 16:16:29] App::__construct - PHP_SELF: /WEB_project_presentation_generator/public/index.php
[2025-06-11 16:16:29] App::__construct - Selected controller: DashboardController
[2025-06-11 16:16:29] App::__construct - Selected method: shareWorkspace
[2025-06-11 16:16:29] App::__construct - Parameters: Array
(
    [0] => 31
)

[2025-06-11 16:16:29] App::__construct - Calling controller method with parameters
[2025-06-11 16:16:31] App::parseUrl - Parsed URL from REQUEST_URI: Array
(
    [0] => dashboard
    [1] => workspace
    [2] => 31
)

[2025-06-11 16:16:31] App::parseUrl - Final URL segments: Array
(
    [0] => dashboard
    [1] => workspace
    [2] => 31
)

[2025-06-11 16:16:31] App::__construct - REQUEST_URI: /WEB_project_presentation_generator/public/dashboard/workspace/31
[2025-06-11 16:16:31] App::__construct - REQUEST_METHOD: GET
[2025-06-11 16:16:31] App::__construct - SCRIPT_NAME: /WEB_project_presentation_generator/public/index.php
[2025-06-11 16:16:31] App::__construct - PHP_SELF: /WEB_project_presentation_generator/public/index.php
[2025-06-11 16:16:31] App::__construct - Selected controller: DashboardController
[2025-06-11 16:16:31] App::parseUrl - Parsed URL from REQUEST_URI: Array
(
    [0] => dashboard
)

[2025-06-11 16:16:31] App::parseUrl - Final URL segments: Array
(
    [0] => dashboard
)

[2025-06-11 16:16:31] App::__construct - REQUEST_URI: /WEB_project_presentation_generator/public/dashboard
[2025-06-11 16:16:31] App::__construct - REQUEST_METHOD: GET
[2025-06-11 16:16:31] App::__construct - SCRIPT_NAME: /WEB_project_presentation_generator/public/index.php
[2025-06-11 16:16:31] App::__construct - PHP_SELF: /WEB_project_presentation_generator/public/index.php
[2025-06-11 16:16:31] App::__construct - Selected controller: DashboardController
[2025-06-11 16:16:31] App::__construct - Parameters: Array
(
)

[2025-06-11 16:16:31] App::__construct - Calling controller method with parameters
[2025-06-11 16:16:33] App::parseUrl - Parsed URL from REQUEST_URI: Array
(
    [0] => dashboard
    [1] => viewWorkspace
    [2] => 27
)

[2025-06-11 16:16:33] App::parseUrl - Final URL segments: Array
(
    [0] => dashboard
    [1] => viewWorkspace
    [2] => 27
)

[2025-06-11 16:16:33] App::__construct - REQUEST_URI: /WEB_project_presentation_generator/public/dashboard/viewWorkspace/27
[2025-06-11 16:16:33] App::__construct - REQUEST_METHOD: GET
[2025-06-11 16:16:33] App::__construct - SCRIPT_NAME: /WEB_project_presentation_generator/public/index.php
[2025-06-11 16:16:33] App::__construct - PHP_SELF: /WEB_project_presentation_generator/public/index.php
[2025-06-11 16:16:33] App::__construct - Selected controller: DashboardController
[2025-06-11 16:16:33] App::__construct - Selected method: viewWorkspace
[2025-06-11 16:16:33] App::__construct - Parameters: Array
(
    [0] => 27
)

[2025-06-11 16:16:33] App::__construct - Calling controller method with parameters
[2025-06-11 16:16:34] App::parseUrl - Parsed URL from REQUEST_URI: Array
(
    [0] => dashboard
)

[2025-06-11 16:16:34] App::parseUrl - Final URL segments: Array
(
    [0] => dashboard
)

[2025-06-11 16:16:34] App::__construct - REQUEST_URI: /WEB_project_presentation_generator/public/dashboard
[2025-06-11 16:16:34] App::__construct - REQUEST_METHOD: GET
[2025-06-11 16:16:34] App::__construct - SCRIPT_NAME: /WEB_project_presentation_generator/public/index.php
[2025-06-11 16:16:34] App::__construct - PHP_SELF: /WEB_project_presentation_generator/public/index.php
[2025-06-11 16:16:34] App::__construct - Selected controller: DashboardController
[2025-06-11 16:16:34] App::__construct - Parameters: Array
(
)

[2025-06-11 16:16:34] App::__construct - Calling controller method with parameters
[2025-06-11 16:16:35] App::parseUrl - Parsed URL from REQUEST_URI: Array
(
    [0] => dashboard
    [1] => viewWorkspace
    [2] => 15
)

[2025-06-11 16:16:35] App::parseUrl - Final URL segments: Array
(
    [0] => dashboard
    [1] => viewWorkspace
    [2] => 15
)

[2025-06-11 16:16:35] App::__construct - REQUEST_URI: /WEB_project_presentation_generator/public/dashboard/viewWorkspace/15
[2025-06-11 16:16:35] App::__construct - REQUEST_METHOD: GET
[2025-06-11 16:16:35] App::__construct - SCRIPT_NAME: /WEB_project_presentation_generator/public/index.php
[2025-06-11 16:16:35] App::__construct - PHP_SELF: /WEB_project_presentation_generator/public/index.php
[2025-06-11 16:16:35] App::__construct - Selected controller: DashboardController
[2025-06-11 16:16:35] App::__construct - Selected method: viewWorkspace
[2025-06-11 16:16:35] App::__construct - Parameters: Array
(
    [0] => 15
)

[2025-06-11 16:16:35] App::__construct - Calling controller method with parameters
[2025-06-11 16:16:36] App::parseUrl - Parsed URL from REQUEST_URI: Array
(
    [0] => dashboard
    [1] => shareWorkspace
    [2] => 15
)

[2025-06-11 16:16:36] App::parseUrl - Final URL segments: Array
(
    [0] => dashboard
    [1] => shareWorkspace
    [2] => 15
)

[2025-06-11 16:16:36] App::__construct - REQUEST_URI: /WEB_project_presentation_generator/public/dashboard/shareWorkspace/15
[2025-06-11 16:16:36] App::__construct - REQUEST_METHOD: GET
[2025-06-11 16:16:36] App::__construct - SCRIPT_NAME: /WEB_project_presentation_generator/public/index.php
[2025-06-11 16:16:36] App::__construct - PHP_SELF: /WEB_project_presentation_generator/public/index.php
[2025-06-11 16:16:36] App::__construct - Selected controller: DashboardController
[2025-06-11 16:16:36] App::__construct - Selected method: shareWorkspace
[2025-06-11 16:16:36] App::__construct - Parameters: Array
(
    [0] => 15
)

[2025-06-11 16:16:36] App::__construct - Calling controller method with parameters
[2025-06-11 16:16:38] App::parseUrl - Parsed URL from REQUEST_URI: Array
(
    [0] => dashboard
    [1] => removeMember
    [2] => 15
)

[2025-06-11 16:16:38] App::parseUrl - Final URL segments: Array
(
    [0] => dashboard
    [1] => removeMember
    [2] => 15
)

[2025-06-11 16:16:38] App::__construct - REQUEST_URI: /WEB_project_presentation_generator/public/dashboard/removeMember/15
[2025-06-11 16:16:38] App::__construct - REQUEST_METHOD: POST
[2025-06-11 16:16:38] App::__construct - SCRIPT_NAME: /WEB_project_presentation_generator/public/index.php
[2025-06-11 16:16:38] App::__construct - PHP_SELF: /WEB_project_presentation_generator/public/index.php
[2025-06-11 16:16:38] App::__construct - Selected controller: DashboardController
[2025-06-11 16:16:38] App::__construct - Selected method: removeMember
[2025-06-11 16:16:38] App::__construct - Parameters: Array
(
    [0] => 15
)

[2025-06-11 16:16:38] App::__construct - Calling controller method with parameters
[2025-06-11 16:16:38] App::parseUrl - Parsed URL from REQUEST_URI: Array
(
    [0] => dashboard
    [1] => shareWorkspace
    [2] => 15
)

[2025-06-11 16:16:38] App::parseUrl - Final URL segments: Array
(
    [0] => dashboard
    [1] => shareWorkspace
    [2] => 15
)

[2025-06-11 16:16:38] App::__construct - REQUEST_URI: /WEB_project_presentation_generator/public/dashboard/shareWorkspace/15?success=%D0%A7%D0%BB%D0%B5%D0%BD%D1%8A%D1%82+%D0%B5+%D0%BF%D1%80%D0%B5%D0%BC%D0%B0%D1%85%D0%BD%D0%B0%D1%82+%D1%83%D1%81%D0%BF%D0%B5%D1%88%D0%BD%D0%BE
[2025-06-11 16:16:38] App::__construct - REQUEST_METHOD: GET
[2025-06-11 16:16:38] App::__construct - SCRIPT_NAME: /WEB_project_presentation_generator/public/index.php
[2025-06-11 16:16:38] App::__construct - PHP_SELF: /WEB_project_presentation_generator/public/index.php
[2025-06-11 16:16:38] App::__construct - Selected controller: DashboardController
[2025-06-11 16:16:38] App::__construct - Selected method: shareWorkspace
[2025-06-11 16:16:38] App::__construct - Parameters: Array
(
    [0] => 15
)

[2025-06-11 16:16:38] App::__construct - Calling controller method with parameters
[2025-06-11 16:16:42] App::parseUrl - Parsed URL from REQUEST_URI: Array
(
    [0] => dashboard
    [1] => shareWorkspace
    [2] => 15
)

[2025-06-11 16:16:42] App::parseUrl - Final URL segments: Array
(
    [0] => dashboard
    [1] => shareWorkspace
    [2] => 15
)

[2025-06-11 16:16:42] App::__construct - REQUEST_URI: /WEB_project_presentation_generator/public/dashboard/shareWorkspace/15
[2025-06-11 16:16:42] App::__construct - REQUEST_METHOD: POST
[2025-06-11 16:16:42] App::__construct - SCRIPT_NAME: /WEB_project_presentation_generator/public/index.php
[2025-06-11 16:16:42] App::__construct - PHP_SELF: /WEB_project_presentation_generator/public/index.php
[2025-06-11 16:16:42] App::__construct - Selected controller: DashboardController
[2025-06-11 16:16:42] App::__construct - Selected method: shareWorkspace
[2025-06-11 16:16:42] App::__construct - Parameters: Array
(
    [0] => 15
)

[2025-06-11 16:16:42] App::__construct - Calling controller method with parameters
[2025-06-11 16:16:42] App::parseUrl - Parsed URL from REQUEST_URI: Array
(
    [0] => dashboard
    [1] => workspace
    [2] => 15
)

[2025-06-11 16:16:42] App::parseUrl - Final URL segments: Array
(
    [0] => dashboard
    [1] => workspace
    [2] => 15
)

[2025-06-11 16:16:42] App::__construct - REQUEST_URI: /WEB_project_presentation_generator/public/dashboard/workspace/15?success=%D0%A0%D0%B0%D0%B1%D0%BE%D1%82%D0%BD%D0%BE%D1%82%D0%BE+%D0%BF%D1%80%D0%BE%D1%81%D1%82%D1%80%D0%B0%D0%BD%D1%81%D1%82%D0%B2%D0%BE+%D0%B5+%D1%81%D0%BF%D0%BE%D0%B4%D0%B5%D0%BB%D0%B5%D0%BD%D0%BE+%D1%83%D1%81%D0%BF%D0%B5%D1%88%D0%BD%D0%BE
[2025-06-11 16:16:42] App::__construct - REQUEST_METHOD: GET
[2025-06-11 16:16:42] App::__construct - SCRIPT_NAME: /WEB_project_presentation_generator/public/index.php
[2025-06-11 16:16:42] App::__construct - PHP_SELF: /WEB_project_presentation_generator/public/index.php
[2025-06-11 16:16:42] App::__construct - Selected controller: DashboardController
[2025-06-11 16:16:42] App::parseUrl - Parsed URL from REQUEST_URI: Array
(
    [0] => dashboard
)

[2025-06-11 16:16:42] App::parseUrl - Final URL segments: Array
(
    [0] => dashboard
)

[2025-06-11 16:16:42] App::__construct - REQUEST_URI: /WEB_project_presentation_generator/public/dashboard
[2025-06-11 16:16:42] App::__construct - REQUEST_METHOD: GET
[2025-06-11 16:16:42] App::__construct - SCRIPT_NAME: /WEB_project_presentation_generator/public/index.php
[2025-06-11 16:16:42] App::__construct - PHP_SELF: /WEB_project_presentation_generator/public/index.php
[2025-06-11 16:16:42] App::__construct - Selected controller: DashboardController
[2025-06-11 16:16:42] App::__construct - Parameters: Array
(
)

[2025-06-11 16:16:42] App::__construct - Calling controller method with parameters
[2025-06-11 16:16:45] App::parseUrl - Parsed URL from REQUEST_URI: Array
(
    [0] => dashboard
    [1] => viewWorkspace
    [2] => 15
)

[2025-06-11 16:16:45] App::parseUrl - Final URL segments: Array
(
    [0] => dashboard
    [1] => viewWorkspace
    [2] => 15
)

[2025-06-11 16:16:45] App::__construct - REQUEST_URI: /WEB_project_presentation_generator/public/dashboard/viewWorkspace/15
[2025-06-11 16:16:45] App::__construct - REQUEST_METHOD: GET
[2025-06-11 16:16:45] App::__construct - SCRIPT_NAME: /WEB_project_presentation_generator/public/index.php
[2025-06-11 16:16:45] App::__construct - PHP_SELF: /WEB_project_presentation_generator/public/index.php
[2025-06-11 16:16:45] App::__construct - Selected controller: DashboardController
[2025-06-11 16:16:45] App::__construct - Selected method: viewWorkspace
[2025-06-11 16:16:45] App::__construct - Parameters: Array
(
    [0] => 15
)

[2025-06-11 16:16:45] App::__construct - Calling controller method with parameters
[2025-06-11 16:16:47] App::parseUrl - Parsed URL from REQUEST_URI: Array
(
    [0] => dashboard
)

[2025-06-11 16:16:47] App::parseUrl - Final URL segments: Array
(
    [0] => dashboard
)

[2025-06-11 16:16:47] App::__construct - REQUEST_URI: /WEB_project_presentation_generator/public/dashboard
[2025-06-11 16:16:47] App::__construct - REQUEST_METHOD: GET
[2025-06-11 16:16:47] App::__construct - SCRIPT_NAME: /WEB_project_presentation_generator/public/index.php
[2025-06-11 16:16:47] App::__construct - PHP_SELF: /WEB_project_presentation_generator/public/index.php
[2025-06-11 16:16:47] App::__construct - Selected controller: DashboardController
[2025-06-11 16:16:47] App::__construct - Parameters: Array
(
)

[2025-06-11 16:16:47] App::__construct - Calling controller method with parameters
[2025-06-11 16:20:24] App::parseUrl - Parsed URL from REQUEST_URI: Array
(
    [0] => dashboard
    [1] => viewWorkspace
    [2] => 20
)

[2025-06-11 16:20:24] App::parseUrl - Final URL segments: Array
(
    [0] => dashboard
    [1] => viewWorkspace
    [2] => 20
)

[2025-06-11 16:20:24] App::__construct - REQUEST_URI: /WEB_project_presentation_generator/public/dashboard/viewWorkspace/20
[2025-06-11 16:20:24] App::__construct - REQUEST_METHOD: GET
[2025-06-11 16:20:24] App::__construct - SCRIPT_NAME: /WEB_project_presentation_generator/public/index.php
[2025-06-11 16:20:24] App::__construct - PHP_SELF: /WEB_project_presentation_generator/public/index.php
[2025-06-11 16:20:24] App::__construct - Selected controller: DashboardController
[2025-06-11 16:20:24] App::__construct - Selected method: viewWorkspace
[2025-06-11 16:20:24] App::__construct - Parameters: Array
(
    [0] => 20
)

[2025-06-11 16:20:24] App::__construct - Calling controller method with parameters
[2025-06-11 16:20:25] App::parseUrl - Parsed URL from REQUEST_URI: Array
(
    [0] => dashboard
    [1] => shareWorkspace
    [2] => 20
)

[2025-06-11 16:20:25] App::parseUrl - Final URL segments: Array
(
    [0] => dashboard
    [1] => shareWorkspace
    [2] => 20
)

[2025-06-11 16:20:25] App::__construct - REQUEST_URI: /WEB_project_presentation_generator/public/dashboard/shareWorkspace/20
[2025-06-11 16:20:25] App::__construct - REQUEST_METHOD: GET
[2025-06-11 16:20:25] App::__construct - SCRIPT_NAME: /WEB_project_presentation_generator/public/index.php
[2025-06-11 16:20:25] App::__construct - PHP_SELF: /WEB_project_presentation_generator/public/index.php
[2025-06-11 16:20:25] App::__construct - Selected controller: DashboardController
[2025-06-11 16:20:25] App::__construct - Selected method: shareWorkspace
[2025-06-11 16:20:25] App::__construct - Parameters: Array
(
    [0] => 20
)

[2025-06-11 16:20:25] App::__construct - Calling controller method with parameters
[2025-06-11 16:20:28] App::parseUrl - Parsed URL from REQUEST_URI: Array
(
    [0] => auth
    [1] => logout
)

[2025-06-11 16:20:28] App::parseUrl - Final URL segments: Array
(
    [0] => auth
    [1] => logout
)

[2025-06-11 16:20:28] App::__construct - REQUEST_URI: /WEB_project_presentation_generator/public/auth/logout
[2025-06-11 16:20:28] App::__construct - REQUEST_METHOD: GET
[2025-06-11 16:20:28] App::__construct - SCRIPT_NAME: /WEB_project_presentation_generator/public/index.php
[2025-06-11 16:20:28] App::__construct - PHP_SELF: /WEB_project_presentation_generator/public/index.php
[2025-06-11 16:20:28] App::__construct - Selected controller: AuthController
[2025-06-11 16:20:28] App::__construct - Selected method: logout
[2025-06-11 16:20:28] App::__construct - Parameters: Array
(
)

[2025-06-11 16:20:28] App::__construct - Calling controller method with parameters
[2025-06-11 16:20:28] App::parseUrl - Parsed URL from REQUEST_URI: Array
(
    [0] => auth
    [1] => login
)

[2025-06-11 16:20:28] App::parseUrl - Final URL segments: Array
(
    [0] => auth
    [1] => login
)

[2025-06-11 16:20:28] App::__construct - REQUEST_URI: /WEB_project_presentation_generator/public/auth/login
[2025-06-11 16:20:28] App::__construct - REQUEST_METHOD: GET
[2025-06-11 16:20:28] App::__construct - SCRIPT_NAME: /WEB_project_presentation_generator/public/index.php
[2025-06-11 16:20:28] App::__construct - PHP_SELF: /WEB_project_presentation_generator/public/index.php
[2025-06-11 16:20:28] App::__construct - Selected controller: AuthController
[2025-06-11 16:20:28] App::__construct - Selected method: login
[2025-06-11 16:20:28] App::__construct - Parameters: Array
(
)

[2025-06-11 16:20:28] App::__construct - Calling controller method with parameters
[2025-06-11 16:20:32] App::parseUrl - Parsed URL from REQUEST_URI: Array
(
    [0] => dashboard
    [1] => shareWorkspace
    [2] => 20
)

[2025-06-11 16:20:32] App::parseUrl - Final URL segments: Array
(
    [0] => dashboard
    [1] => shareWorkspace
    [2] => 20
)

[2025-06-11 16:20:32] App::__construct - REQUEST_URI: /WEB_project_presentation_generator/public/dashboard/shareWorkspace/20
[2025-06-11 16:20:32] App::__construct - REQUEST_METHOD: GET
[2025-06-11 16:20:32] App::__construct - SCRIPT_NAME: /WEB_project_presentation_generator/public/index.php
[2025-06-11 16:20:32] App::__construct - PHP_SELF: /WEB_project_presentation_generator/public/index.php
[2025-06-11 16:20:32] App::__construct - Selected controller: DashboardController
[2025-06-11 16:20:32] App::parseUrl - Parsed URL from REQUEST_URI: Array
(
    [0] => auth
    [1] => login
)

[2025-06-11 16:20:32] App::parseUrl - Final URL segments: Array
(
    [0] => auth
    [1] => login
)

[2025-06-11 16:20:32] App::__construct - REQUEST_URI: /WEB_project_presentation_generator/public/auth/login
[2025-06-11 16:20:32] App::__construct - REQUEST_METHOD: GET
[2025-06-11 16:20:32] App::__construct - SCRIPT_NAME: /WEB_project_presentation_generator/public/index.php
[2025-06-11 16:20:32] App::__construct - PHP_SELF: /WEB_project_presentation_generator/public/index.php
[2025-06-11 16:20:32] App::__construct - Selected controller: AuthController
[2025-06-11 16:20:32] App::__construct - Selected method: login
[2025-06-11 16:20:32] App::__construct - Parameters: Array
(
)

[2025-06-11 16:20:32] App::__construct - Calling controller method with parameters
[2025-06-11 16:20:41] App::parseUrl - Parsed URL from REQUEST_URI: Array
(
    [0] => auth
    [1] => login
)

[2025-06-11 16:20:41] App::parseUrl - Final URL segments: Array
(
    [0] => auth
    [1] => login
)

[2025-06-11 16:20:41] App::__construct - REQUEST_URI: /WEB_project_presentation_generator/public/auth/login
[2025-06-11 16:20:41] App::__construct - REQUEST_METHOD: POST
[2025-06-11 16:20:41] App::__construct - SCRIPT_NAME: /WEB_project_presentation_generator/public/index.php
[2025-06-11 16:20:41] App::__construct - PHP_SELF: /WEB_project_presentation_generator/public/index.php
[2025-06-11 16:20:41] App::__construct - Selected controller: AuthController
[2025-06-11 16:20:41] App::__construct - Selected method: login
[2025-06-11 16:20:41] App::__construct - Parameters: Array
(
)

[2025-06-11 16:20:41] App::__construct - Calling controller method with parameters
[2025-06-11 16:20:42] App::parseUrl - Parsed URL from REQUEST_URI: Array
(
    [0] => home
    [1] => index
)

[2025-06-11 16:20:42] App::parseUrl - Final URL segments: Array
(
    [0] => home
    [1] => index
)

[2025-06-11 16:20:42] App::__construct - REQUEST_URI: /WEB_project_presentation_generator/public/home/index
[2025-06-11 16:20:42] App::__construct - REQUEST_METHOD: GET
[2025-06-11 16:20:42] App::__construct - SCRIPT_NAME: /WEB_project_presentation_generator/public/index.php
[2025-06-11 16:20:42] App::__construct - PHP_SELF: /WEB_project_presentation_generator/public/index.php
[2025-06-11 16:20:42] App::__construct - Selected controller: HomeController
[2025-06-11 16:20:42] App::__construct - Selected method: index
[2025-06-11 16:20:42] App::__construct - Parameters: Array
(
)

[2025-06-11 16:20:42] App::__construct - Calling controller method with parameters
[2025-06-11 16:20:42] App::parseUrl - Parsed URL from REQUEST_URI: Array
(
    [0] => dashboard
)

[2025-06-11 16:20:42] App::parseUrl - Final URL segments: Array
(
    [0] => dashboard
)

[2025-06-11 16:20:42] App::__construct - REQUEST_URI: /WEB_project_presentation_generator/public/dashboard
[2025-06-11 16:20:42] App::__construct - REQUEST_METHOD: GET
[2025-06-11 16:20:42] App::__construct - SCRIPT_NAME: /WEB_project_presentation_generator/public/index.php
[2025-06-11 16:20:42] App::__construct - PHP_SELF: /WEB_project_presentation_generator/public/index.php
[2025-06-11 16:20:42] App::__construct - Selected controller: DashboardController
[2025-06-11 16:20:42] App::__construct - Parameters: Array
(
)

[2025-06-11 16:20:42] App::__construct - Calling controller method with parameters
[2025-06-11 16:34:45] App::parseUrl - Parsed URL from REQUEST_URI: Array
(
    [0] => dashboard
    [1] => viewWorkspace
    [2] => 29
)

[2025-06-11 16:34:45] App::parseUrl - Final URL segments: Array
(
    [0] => dashboard
    [1] => viewWorkspace
    [2] => 29
)

[2025-06-11 16:34:45] App::__construct - REQUEST_URI: /WEB_project_presentation_generator/public/dashboard/viewWorkspace/29
[2025-06-11 16:34:45] App::__construct - REQUEST_METHOD: GET
[2025-06-11 16:34:45] App::__construct - SCRIPT_NAME: /WEB_project_presentation_generator/public/index.php
[2025-06-11 16:34:45] App::__construct - PHP_SELF: /WEB_project_presentation_generator/public/index.php
[2025-06-11 16:34:45] App::__construct - Selected controller: DashboardController
[2025-06-11 16:34:45] App::__construct - Selected method: viewWorkspace
[2025-06-11 16:34:45] App::__construct - Parameters: Array
(
    [0] => 29
)

[2025-06-11 16:34:45] App::__construct - Calling controller method with parameters
[2025-06-11 16:34:46] App::parseUrl - Parsed URL from REQUEST_URI: Array
(
    [0] => dashboard
    [1] => shareWorkspace
    [2] => 29
)

[2025-06-11 16:34:46] App::parseUrl - Final URL segments: Array
(
    [0] => dashboard
    [1] => shareWorkspace
    [2] => 29
)

[2025-06-11 16:34:46] App::__construct - REQUEST_URI: /WEB_project_presentation_generator/public/dashboard/shareWorkspace/29
[2025-06-11 16:34:46] App::__construct - REQUEST_METHOD: GET
[2025-06-11 16:34:46] App::__construct - SCRIPT_NAME: /WEB_project_presentation_generator/public/index.php
[2025-06-11 16:34:46] App::__construct - PHP_SELF: /WEB_project_presentation_generator/public/index.php
[2025-06-11 16:34:46] App::__construct - Selected controller: DashboardController
[2025-06-11 16:34:46] App::__construct - Selected method: shareWorkspace
[2025-06-11 16:34:46] App::__construct - Parameters: Array
(
    [0] => 29
)

[2025-06-11 16:34:46] App::__construct - Calling controller method with parameters
[2025-06-11 16:34:49] App::parseUrl - Parsed URL from REQUEST_URI: Array
(
    [0] => dashboard
    [1] => shareWorkspace
    [2] => 29
)

[2025-06-11 16:34:49] App::parseUrl - Final URL segments: Array
(
    [0] => dashboard
    [1] => shareWorkspace
    [2] => 29
)

[2025-06-11 16:34:49] App::__construct - REQUEST_URI: /WEB_project_presentation_generator/public/dashboard/shareWorkspace/29
[2025-06-11 16:34:49] App::__construct - REQUEST_METHOD: POST
[2025-06-11 16:34:49] App::__construct - SCRIPT_NAME: /WEB_project_presentation_generator/public/index.php
[2025-06-11 16:34:49] App::__construct - PHP_SELF: /WEB_project_presentation_generator/public/index.php
[2025-06-11 16:34:49] App::__construct - Selected controller: DashboardController
[2025-06-11 16:34:49] App::__construct - Selected method: shareWorkspace
[2025-06-11 16:34:49] App::__construct - Parameters: Array
(
    [0] => 29
)

[2025-06-11 16:34:49] App::__construct - Calling controller method with parameters
[2025-06-11 16:34:49] App::parseUrl - Parsed URL from REQUEST_URI: Array
(
    [0] => dashboard
    [1] => workspace
    [2] => 29
)

[2025-06-11 16:34:49] App::parseUrl - Final URL segments: Array
(
    [0] => dashboard
    [1] => workspace
    [2] => 29
)

[2025-06-11 16:34:49] App::__construct - REQUEST_URI: /WEB_project_presentation_generator/public/dashboard/workspace/29?success=%D0%A0%D0%B0%D0%B1%D0%BE%D1%82%D0%BD%D0%BE%D1%82%D0%BE+%D0%BF%D1%80%D0%BE%D1%81%D1%82%D1%80%D0%B0%D0%BD%D1%81%D1%82%D0%B2%D0%BE+%D0%B5+%D1%81%D0%BF%D0%BE%D0%B4%D0%B5%D0%BB%D0%B5%D0%BD%D0%BE+%D1%83%D1%81%D0%BF%D0%B5%D1%88%D0%BD%D0%BE
[2025-06-11 16:34:49] App::__construct - REQUEST_METHOD: GET
[2025-06-11 16:34:49] App::__construct - SCRIPT_NAME: /WEB_project_presentation_generator/public/index.php
[2025-06-11 16:34:49] App::__construct - PHP_SELF: /WEB_project_presentation_generator/public/index.php
[2025-06-11 16:34:49] App::__construct - Selected controller: DashboardController
[2025-06-11 16:34:49] App::parseUrl - Parsed URL from REQUEST_URI: Array
(
    [0] => dashboard
)

[2025-06-11 16:34:49] App::parseUrl - Final URL segments: Array
(
    [0] => dashboard
)

[2025-06-11 16:34:49] App::__construct - REQUEST_URI: /WEB_project_presentation_generator/public/dashboard
[2025-06-11 16:34:49] App::__construct - REQUEST_METHOD: GET
[2025-06-11 16:34:49] App::__construct - SCRIPT_NAME: /WEB_project_presentation_generator/public/index.php
[2025-06-11 16:34:49] App::__construct - PHP_SELF: /WEB_project_presentation_generator/public/index.php
[2025-06-11 16:34:49] App::__construct - Selected controller: DashboardController
[2025-06-11 16:34:49] App::__construct - Parameters: Array
(
)

[2025-06-11 16:34:49] App::__construct - Calling controller method with parameters
[2025-06-11 16:35:00] App::parseUrl - Parsed URL from REQUEST_URI: Array
(
    [0] => dashboard
)

[2025-06-11 16:35:00] App::parseUrl - Final URL segments: Array
(
    [0] => dashboard
)

[2025-06-11 16:35:00] App::__construct - REQUEST_URI: /WEB_project_presentation_generator/public/dashboard
[2025-06-11 16:35:00] App::__construct - REQUEST_METHOD: GET
[2025-06-11 16:35:00] App::__construct - SCRIPT_NAME: /WEB_project_presentation_generator/public/index.php
[2025-06-11 16:35:00] App::__construct - PHP_SELF: /WEB_project_presentation_generator/public/index.php
[2025-06-11 16:35:00] App::__construct - Selected controller: DashboardController
[2025-06-11 16:35:00] App::__construct - Parameters: Array
(
)

[2025-06-11 16:35:00] App::__construct - Calling controller method with parameters
[2025-06-11 16:36:09] App::parseUrl - Parsed URL from REQUEST_URI: Array
(
    [0] => dashboard
    [1] => viewWorkspace
    [2] => 28
)

[2025-06-11 16:36:09] App::parseUrl - Final URL segments: Array
(
    [0] => dashboard
    [1] => viewWorkspace
    [2] => 28
)

[2025-06-11 16:36:09] App::__construct - REQUEST_URI: /WEB_project_presentation_generator/public/dashboard/viewWorkspace/28
[2025-06-11 16:36:09] App::__construct - REQUEST_METHOD: GET
[2025-06-11 16:36:09] App::__construct - SCRIPT_NAME: /WEB_project_presentation_generator/public/index.php
[2025-06-11 16:36:09] App::__construct - PHP_SELF: /WEB_project_presentation_generator/public/index.php
[2025-06-11 16:36:09] App::__construct - Selected controller: DashboardController
[2025-06-11 16:36:09] App::__construct - Selected method: viewWorkspace
[2025-06-11 16:36:09] App::__construct - Parameters: Array
(
    [0] => 28
)

[2025-06-11 16:36:09] App::__construct - Calling controller method with parameters
[2025-06-11 16:36:10] App::parseUrl - Parsed URL from REQUEST_URI: Array
(
    [0] => dashboard
    [1] => deleteWorkspace
    [2] => 28
)

[2025-06-11 16:36:10] App::parseUrl - Final URL segments: Array
(
    [0] => dashboard
    [1] => deleteWorkspace
    [2] => 28
)

[2025-06-11 16:36:10] App::__construct - REQUEST_URI: /WEB_project_presentation_generator/public/dashboard/deleteWorkspace/28
[2025-06-11 16:36:10] App::__construct - REQUEST_METHOD: GET
[2025-06-11 16:36:10] App::__construct - SCRIPT_NAME: /WEB_project_presentation_generator/public/index.php
[2025-06-11 16:36:10] App::__construct - PHP_SELF: /WEB_project_presentation_generator/public/index.php
[2025-06-11 16:36:10] App::__construct - Selected controller: DashboardController
[2025-06-11 16:36:10] App::__construct - Selected method: deleteWorkspace
[2025-06-11 16:36:10] App::__construct - Parameters: Array
(
    [0] => 28
)

[2025-06-11 16:36:10] App::__construct - Calling controller method with parameters
[2025-06-11 16:36:11] App::parseUrl - Parsed URL from REQUEST_URI: Array
(
    [0] => dashboard
    [1] => deleteWorkspace
    [2] => 28
)

[2025-06-11 16:36:11] App::parseUrl - Final URL segments: Array
(
    [0] => dashboard
    [1] => deleteWorkspace
    [2] => 28
)

[2025-06-11 16:36:11] App::__construct - REQUEST_URI: /WEB_project_presentation_generator/public/dashboard/deleteWorkspace/28
[2025-06-11 16:36:11] App::__construct - REQUEST_METHOD: POST
[2025-06-11 16:36:11] App::__construct - SCRIPT_NAME: /WEB_project_presentation_generator/public/index.php
[2025-06-11 16:36:11] App::__construct - PHP_SELF: /WEB_project_presentation_generator/public/index.php
[2025-06-11 16:36:11] App::__construct - Selected controller: DashboardController
[2025-06-11 16:36:11] App::__construct - Selected method: deleteWorkspace
[2025-06-11 16:36:11] App::__construct - Parameters: Array
(
    [0] => 28
)

[2025-06-11 16:36:11] App::__construct - Calling controller method with parameters
[2025-06-11 16:36:11] App::parseUrl - Parsed URL from REQUEST_URI: Array
(
    [0] => dashboard
)

[2025-06-11 16:36:11] App::parseUrl - Final URL segments: Array
(
    [0] => dashboard
)

[2025-06-11 16:36:11] App::__construct - REQUEST_URI: /WEB_project_presentation_generator/public/dashboard
[2025-06-11 16:36:11] App::__construct - REQUEST_METHOD: GET
[2025-06-11 16:36:11] App::__construct - SCRIPT_NAME: /WEB_project_presentation_generator/public/index.php
[2025-06-11 16:36:11] App::__construct - PHP_SELF: /WEB_project_presentation_generator/public/index.php
[2025-06-11 16:36:11] App::__construct - Selected controller: DashboardController
[2025-06-11 16:36:11] App::__construct - Parameters: Array
(
)

[2025-06-11 16:36:11] App::__construct - Calling controller method with parameters
[2025-06-11 16:36:28] App::parseUrl - Parsed URL from REQUEST_URI: Array
(
    [0] => dashboard
)

[2025-06-11 16:36:28] App::parseUrl - Final URL segments: Array
(
    [0] => dashboard
)

[2025-06-11 16:36:28] App::__construct - REQUEST_URI: /WEB_project_presentation_generator/public/dashboard
[2025-06-11 16:36:28] App::__construct - REQUEST_METHOD: GET
[2025-06-11 16:36:28] App::__construct - SCRIPT_NAME: /WEB_project_presentation_generator/public/index.php
[2025-06-11 16:36:28] App::__construct - PHP_SELF: /WEB_project_presentation_generator/public/index.php
[2025-06-11 16:36:28] App::__construct - Selected controller: DashboardController
[2025-06-11 16:36:28] App::__construct - Parameters: Array
(
)

[2025-06-11 16:36:28] App::__construct - Calling controller method with parameters
[2025-06-11 16:36:29] App::parseUrl - Parsed URL from REQUEST_URI: Array
(
    [0] => dashboard
)

[2025-06-11 16:36:29] App::parseUrl - Final URL segments: Array
(
    [0] => dashboard
)

[2025-06-11 16:36:29] App::__construct - REQUEST_URI: /WEB_project_presentation_generator/public/dashboard
[2025-06-11 16:36:29] App::__construct - REQUEST_METHOD: GET
[2025-06-11 16:36:29] App::__construct - SCRIPT_NAME: /WEB_project_presentation_generator/public/index.php
[2025-06-11 16:36:29] App::__construct - PHP_SELF: /WEB_project_presentation_generator/public/index.php
[2025-06-11 16:36:29] App::__construct - Selected controller: DashboardController
[2025-06-11 16:36:29] App::__construct - Parameters: Array
(
)

[2025-06-11 16:36:29] App::__construct - Calling controller method with parameters
[2025-06-11 16:36:32] App::parseUrl - Parsed URL from REQUEST_URI: Array
(
    [0] => dashboard
    [1] => viewWorkspace
    [2] => 19
)

[2025-06-11 16:36:32] App::parseUrl - Final URL segments: Array
(
    [0] => dashboard
    [1] => viewWorkspace
    [2] => 19
)

[2025-06-11 16:36:32] App::__construct - REQUEST_URI: /WEB_project_presentation_generator/public/dashboard/viewWorkspace/19
[2025-06-11 16:36:32] App::__construct - REQUEST_METHOD: GET
[2025-06-11 16:36:32] App::__construct - SCRIPT_NAME: /WEB_project_presentation_generator/public/index.php
[2025-06-11 16:36:32] App::__construct - PHP_SELF: /WEB_project_presentation_generator/public/index.php
[2025-06-11 16:36:32] App::__construct - Selected controller: DashboardController
[2025-06-11 16:36:32] App::__construct - Selected method: viewWorkspace
[2025-06-11 16:36:32] App::__construct - Parameters: Array
(
    [0] => 19
)

[2025-06-11 16:36:32] App::__construct - Calling controller method with parameters
[2025-06-11 16:36:35] App::parseUrl - Parsed URL from REQUEST_URI: Array
(
    [0] => dashboard
)

[2025-06-11 16:36:35] App::parseUrl - Final URL segments: Array
(
    [0] => dashboard
)

[2025-06-11 16:36:35] App::__construct - REQUEST_URI: /WEB_project_presentation_generator/public/dashboard
[2025-06-11 16:36:35] App::__construct - REQUEST_METHOD: GET
[2025-06-11 16:36:35] App::__construct - SCRIPT_NAME: /WEB_project_presentation_generator/public/index.php
[2025-06-11 16:36:35] App::__construct - PHP_SELF: /WEB_project_presentation_generator/public/index.php
[2025-06-11 16:36:35] App::__construct - Selected controller: DashboardController
[2025-06-11 16:36:35] App::__construct - Parameters: Array
(
)

[2025-06-11 16:36:35] App::__construct - Calling controller method with parameters
[2025-06-11 16:36:36] App::parseUrl - Parsed URL from REQUEST_URI: Array
(
    [0] => dashboard
    [1] => viewWorkspace
    [2] => 19
)

[2025-06-11 16:36:36] App::parseUrl - Final URL segments: Array
(
    [0] => dashboard
    [1] => viewWorkspace
    [2] => 19
)

[2025-06-11 16:36:36] App::__construct - REQUEST_URI: /WEB_project_presentation_generator/public/dashboard/viewWorkspace/19
[2025-06-11 16:36:36] App::__construct - REQUEST_METHOD: GET
[2025-06-11 16:36:36] App::__construct - SCRIPT_NAME: /WEB_project_presentation_generator/public/index.php
[2025-06-11 16:36:36] App::__construct - PHP_SELF: /WEB_project_presentation_generator/public/index.php
[2025-06-11 16:36:36] App::__construct - Selected controller: DashboardController
[2025-06-11 16:36:36] App::__construct - Selected method: viewWorkspace
[2025-06-11 16:36:36] App::__construct - Parameters: Array
(
    [0] => 19
)

[2025-06-11 16:36:36] App::__construct - Calling controller method with parameters
[2025-06-11 16:36:37] App::parseUrl - Parsed URL from REQUEST_URI: Array
(
    [0] => dashboard
    [1] => shareWorkspace
    [2] => 19
)

[2025-06-11 16:36:37] App::parseUrl - Final URL segments: Array
(
    [0] => dashboard
    [1] => shareWorkspace
    [2] => 19
)

[2025-06-11 16:36:37] App::__construct - REQUEST_URI: /WEB_project_presentation_generator/public/dashboard/shareWorkspace/19
[2025-06-11 16:36:37] App::__construct - REQUEST_METHOD: GET
[2025-06-11 16:36:37] App::__construct - SCRIPT_NAME: /WEB_project_presentation_generator/public/index.php
[2025-06-11 16:36:37] App::__construct - PHP_SELF: /WEB_project_presentation_generator/public/index.php
[2025-06-11 16:36:37] App::__construct - Selected controller: DashboardController
[2025-06-11 16:36:37] App::__construct - Selected method: shareWorkspace
[2025-06-11 16:36:37] App::__construct - Parameters: Array
(
    [0] => 19
)

[2025-06-11 16:36:37] App::__construct - Calling controller method with parameters
[2025-06-11 16:36:39] App::parseUrl - Parsed URL from REQUEST_URI: Array
(
    [0] => dashboard
    [1] => removeMember
    [2] => 19
)

[2025-06-11 16:36:39] App::parseUrl - Final URL segments: Array
(
    [0] => dashboard
    [1] => removeMember
    [2] => 19
)

[2025-06-11 16:36:39] App::__construct - REQUEST_URI: /WEB_project_presentation_generator/public/dashboard/removeMember/19
[2025-06-11 16:36:39] App::__construct - REQUEST_METHOD: POST
[2025-06-11 16:36:39] App::__construct - SCRIPT_NAME: /WEB_project_presentation_generator/public/index.php
[2025-06-11 16:36:39] App::__construct - PHP_SELF: /WEB_project_presentation_generator/public/index.php
[2025-06-11 16:36:39] App::__construct - Selected controller: DashboardController
[2025-06-11 16:36:39] App::__construct - Selected method: removeMember
[2025-06-11 16:36:39] App::__construct - Parameters: Array
(
    [0] => 19
)

[2025-06-11 16:36:39] App::__construct - Calling controller method with parameters
[2025-06-11 16:36:39] App::parseUrl - Parsed URL from REQUEST_URI: Array
(
    [0] => dashboard
    [1] => shareWorkspace
    [2] => 19
)

[2025-06-11 16:36:39] App::parseUrl - Final URL segments: Array
(
    [0] => dashboard
    [1] => shareWorkspace
    [2] => 19
)

[2025-06-11 16:36:39] App::__construct - REQUEST_URI: /WEB_project_presentation_generator/public/dashboard/shareWorkspace/19?success=%D0%A7%D0%BB%D0%B5%D0%BD%D1%8A%D1%82+%D0%B5+%D0%BF%D1%80%D0%B5%D0%BC%D0%B0%D1%85%D0%BD%D0%B0%D1%82+%D1%83%D1%81%D0%BF%D0%B5%D1%88%D0%BD%D0%BE
[2025-06-11 16:36:39] App::__construct - REQUEST_METHOD: GET
[2025-06-11 16:36:39] App::__construct - SCRIPT_NAME: /WEB_project_presentation_generator/public/index.php
[2025-06-11 16:36:39] App::__construct - PHP_SELF: /WEB_project_presentation_generator/public/index.php
[2025-06-11 16:36:39] App::__construct - Selected controller: DashboardController
[2025-06-11 16:36:39] App::__construct - Selected method: shareWorkspace
[2025-06-11 16:36:39] App::__construct - Parameters: Array
(
    [0] => 19
)

[2025-06-11 16:36:39] App::__construct - Calling controller method with parameters
[2025-06-11 16:36:42] App::parseUrl - Parsed URL from REQUEST_URI: Array
(
    [0] => dashboard
    [1] => shareWorkspace
    [2] => 19
)

[2025-06-11 16:36:42] App::parseUrl - Final URL segments: Array
(
    [0] => dashboard
    [1] => shareWorkspace
    [2] => 19
)

[2025-06-11 16:36:42] App::__construct - REQUEST_URI: /WEB_project_presentation_generator/public/dashboard/shareWorkspace/19
[2025-06-11 16:36:42] App::__construct - REQUEST_METHOD: POST
[2025-06-11 16:36:42] App::__construct - SCRIPT_NAME: /WEB_project_presentation_generator/public/index.php
[2025-06-11 16:36:42] App::__construct - PHP_SELF: /WEB_project_presentation_generator/public/index.php
[2025-06-11 16:36:42] App::__construct - Selected controller: DashboardController
[2025-06-11 16:36:42] App::__construct - Selected method: shareWorkspace
[2025-06-11 16:36:42] App::__construct - Parameters: Array
(
    [0] => 19
)

[2025-06-11 16:36:42] App::__construct - Calling controller method with parameters
[2025-06-11 16:36:42] App::parseUrl - Parsed URL from REQUEST_URI: Array
(
    [0] => dashboard
    [1] => workspace
    [2] => 19
)

[2025-06-11 16:36:42] App::parseUrl - Final URL segments: Array
(
    [0] => dashboard
    [1] => workspace
    [2] => 19
)

[2025-06-11 16:36:42] App::__construct - REQUEST_URI: /WEB_project_presentation_generator/public/dashboard/workspace/19?success=%D0%A0%D0%B0%D0%B1%D0%BE%D1%82%D0%BD%D0%BE%D1%82%D0%BE+%D0%BF%D1%80%D0%BE%D1%81%D1%82%D1%80%D0%B0%D0%BD%D1%81%D1%82%D0%B2%D0%BE+%D0%B5+%D1%81%D0%BF%D0%BE%D0%B4%D0%B5%D0%BB%D0%B5%D0%BD%D0%BE+%D1%83%D1%81%D0%BF%D0%B5%D1%88%D0%BD%D0%BE
[2025-06-11 16:36:42] App::__construct - REQUEST_METHOD: GET
[2025-06-11 16:36:42] App::__construct - SCRIPT_NAME: /WEB_project_presentation_generator/public/index.php
[2025-06-11 16:36:42] App::__construct - PHP_SELF: /WEB_project_presentation_generator/public/index.php
[2025-06-11 16:36:42] App::__construct - Selected controller: DashboardController
[2025-06-11 16:36:42] App::parseUrl - Parsed URL from REQUEST_URI: Array
(
    [0] => dashboard
)

[2025-06-11 16:36:42] App::parseUrl - Final URL segments: Array
(
    [0] => dashboard
)

[2025-06-11 16:36:42] App::__construct - REQUEST_URI: /WEB_project_presentation_generator/public/dashboard
[2025-06-11 16:36:42] App::__construct - REQUEST_METHOD: GET
[2025-06-11 16:36:42] App::__construct - SCRIPT_NAME: /WEB_project_presentation_generator/public/index.php
[2025-06-11 16:36:42] App::__construct - PHP_SELF: /WEB_project_presentation_generator/public/index.php
[2025-06-11 16:36:42] App::__construct - Selected controller: DashboardController
[2025-06-11 16:36:42] App::__construct - Parameters: Array
(
)

[2025-06-11 16:36:42] App::__construct - Calling controller method with parameters
[2025-06-11 16:42:33] App::parseUrl - Parsed URL from REQUEST_URI: Array
(
    [0] => dashboard
    [1] => viewWorkspace
    [2] => 19
)

[2025-06-11 16:42:33] App::parseUrl - Final URL segments: Array
(
    [0] => dashboard
    [1] => viewWorkspace
    [2] => 19
)

[2025-06-11 16:42:33] App::__construct - REQUEST_URI: /WEB_project_presentation_generator/public/dashboard/viewWorkspace/19
[2025-06-11 16:42:33] App::__construct - REQUEST_METHOD: GET
[2025-06-11 16:42:33] App::__construct - SCRIPT_NAME: /WEB_project_presentation_generator/public/index.php
[2025-06-11 16:42:33] App::__construct - PHP_SELF: /WEB_project_presentation_generator/public/index.php
[2025-06-11 16:42:33] App::__construct - Selected controller: DashboardController
[2025-06-11 16:42:33] App::__construct - Selected method: viewWorkspace
[2025-06-11 16:42:33] App::__construct - Parameters: Array
(
    [0] => 19
)

[2025-06-11 16:42:33] App::__construct - Calling controller method with parameters
[2025-06-11 16:42:35] App::parseUrl - Parsed URL from REQUEST_URI: Array
(
    [0] => dashboard
)

[2025-06-11 16:42:35] App::parseUrl - Final URL segments: Array
(
    [0] => dashboard
)

[2025-06-11 16:42:35] App::__construct - REQUEST_URI: /WEB_project_presentation_generator/public/dashboard
[2025-06-11 16:42:35] App::__construct - REQUEST_METHOD: GET
[2025-06-11 16:42:35] App::__construct - SCRIPT_NAME: /WEB_project_presentation_generator/public/index.php
[2025-06-11 16:42:35] App::__construct - PHP_SELF: /WEB_project_presentation_generator/public/index.php
[2025-06-11 16:42:35] App::__construct - Selected controller: DashboardController
[2025-06-11 16:42:35] App::__construct - Parameters: Array
(
)

[2025-06-11 16:42:35] App::__construct - Calling controller method with parameters
[2025-06-11 16:42:36] App::parseUrl - Parsed URL from REQUEST_URI: Array
(
    [0] => dashboard
    [1] => viewWorkspace
    [2] => 19
)

[2025-06-11 16:42:36] App::parseUrl - Final URL segments: Array
(
    [0] => dashboard
    [1] => viewWorkspace
    [2] => 19
)

[2025-06-11 16:42:36] App::__construct - REQUEST_URI: /WEB_project_presentation_generator/public/dashboard/viewWorkspace/19
[2025-06-11 16:42:36] App::__construct - REQUEST_METHOD: GET
[2025-06-11 16:42:36] App::__construct - SCRIPT_NAME: /WEB_project_presentation_generator/public/index.php
[2025-06-11 16:42:36] App::__construct - PHP_SELF: /WEB_project_presentation_generator/public/index.php
[2025-06-11 16:42:36] App::__construct - Selected controller: DashboardController
[2025-06-11 16:42:36] App::__construct - Selected method: viewWorkspace
[2025-06-11 16:42:36] App::__construct - Parameters: Array
(
    [0] => 19
)

[2025-06-11 16:42:36] App::__construct - Calling controller method with parameters
[2025-06-11 16:42:37] App::parseUrl - Parsed URL from REQUEST_URI: Array
(
    [0] => dashboard
    [1] => shareWorkspace
    [2] => 19
)

[2025-06-11 16:42:37] App::parseUrl - Final URL segments: Array
(
    [0] => dashboard
    [1] => shareWorkspace
    [2] => 19
)

[2025-06-11 16:42:37] App::__construct - REQUEST_URI: /WEB_project_presentation_generator/public/dashboard/shareWorkspace/19
[2025-06-11 16:42:37] App::__construct - REQUEST_METHOD: GET
[2025-06-11 16:42:37] App::__construct - SCRIPT_NAME: /WEB_project_presentation_generator/public/index.php
[2025-06-11 16:42:37] App::__construct - PHP_SELF: /WEB_project_presentation_generator/public/index.php
[2025-06-11 16:42:37] App::__construct - Selected controller: DashboardController
[2025-06-11 16:42:37] App::__construct - Selected method: shareWorkspace
[2025-06-11 16:42:37] App::__construct - Parameters: Array
(
    [0] => 19
)

[2025-06-11 16:42:37] App::__construct - Calling controller method with parameters
[2025-06-11 16:42:38] App::parseUrl - Parsed URL from REQUEST_URI: Array
(
    [0] => dashboard
    [1] => removeMember
    [2] => 19
)

[2025-06-11 16:42:38] App::parseUrl - Final URL segments: Array
(
    [0] => dashboard
    [1] => removeMember
    [2] => 19
)

[2025-06-11 16:42:38] App::__construct - REQUEST_URI: /WEB_project_presentation_generator/public/dashboard/removeMember/19
[2025-06-11 16:42:38] App::__construct - REQUEST_METHOD: POST
[2025-06-11 16:42:38] App::__construct - SCRIPT_NAME: /WEB_project_presentation_generator/public/index.php
[2025-06-11 16:42:38] App::__construct - PHP_SELF: /WEB_project_presentation_generator/public/index.php
[2025-06-11 16:42:38] App::__construct - Selected controller: DashboardController
[2025-06-11 16:42:38] App::__construct - Selected method: removeMember
[2025-06-11 16:42:38] App::__construct - Parameters: Array
(
    [0] => 19
)

[2025-06-11 16:42:38] App::__construct - Calling controller method with parameters
[2025-06-11 16:42:38] App::parseUrl - Parsed URL from REQUEST_URI: Array
(
    [0] => dashboard
    [1] => shareWorkspace
    [2] => 19
)

[2025-06-11 16:42:38] App::parseUrl - Final URL segments: Array
(
    [0] => dashboard
    [1] => shareWorkspace
    [2] => 19
)

[2025-06-11 16:42:38] App::__construct - REQUEST_URI: /WEB_project_presentation_generator/public/dashboard/shareWorkspace/19?success=%D0%A7%D0%BB%D0%B5%D0%BD%D1%8A%D1%82+%D0%B5+%D0%BF%D1%80%D0%B5%D0%BC%D0%B0%D1%85%D0%BD%D0%B0%D1%82+%D1%83%D1%81%D0%BF%D0%B5%D1%88%D0%BD%D0%BE
[2025-06-11 16:42:38] App::__construct - REQUEST_METHOD: GET
[2025-06-11 16:42:38] App::__construct - SCRIPT_NAME: /WEB_project_presentation_generator/public/index.php
[2025-06-11 16:42:38] App::__construct - PHP_SELF: /WEB_project_presentation_generator/public/index.php
[2025-06-11 16:42:38] App::__construct - Selected controller: DashboardController
[2025-06-11 16:42:38] App::__construct - Selected method: shareWorkspace
[2025-06-11 16:42:38] App::__construct - Parameters: Array
(
    [0] => 19
)

[2025-06-11 16:42:38] App::__construct - Calling controller method with parameters
[2025-06-11 16:42:39] App::parseUrl - Parsed URL from REQUEST_URI: Array
(
    [0] => dashboard
    [1] => workspace
    [2] => 19
)

[2025-06-11 16:42:39] App::parseUrl - Final URL segments: Array
(
    [0] => dashboard
    [1] => workspace
    [2] => 19
)

[2025-06-11 16:42:39] App::__construct - REQUEST_URI: /WEB_project_presentation_generator/public/dashboard/workspace/19
[2025-06-11 16:42:39] App::__construct - REQUEST_METHOD: GET
[2025-06-11 16:42:39] App::__construct - SCRIPT_NAME: /WEB_project_presentation_generator/public/index.php
[2025-06-11 16:42:39] App::__construct - PHP_SELF: /WEB_project_presentation_generator/public/index.php
[2025-06-11 16:42:39] App::__construct - Selected controller: DashboardController
[2025-06-11 16:42:40] App::parseUrl - Parsed URL from REQUEST_URI: Array
(
    [0] => dashboard
)

[2025-06-11 16:42:40] App::parseUrl - Final URL segments: Array
(
    [0] => dashboard
)

[2025-06-11 16:42:40] App::__construct - REQUEST_URI: /WEB_project_presentation_generator/public/dashboard
[2025-06-11 16:42:40] App::__construct - REQUEST_METHOD: GET
[2025-06-11 16:42:40] App::__construct - SCRIPT_NAME: /WEB_project_presentation_generator/public/index.php
[2025-06-11 16:42:40] App::__construct - PHP_SELF: /WEB_project_presentation_generator/public/index.php
[2025-06-11 16:42:40] App::__construct - Selected controller: DashboardController
[2025-06-11 16:42:40] App::__construct - Parameters: Array
(
)

[2025-06-11 16:42:40] App::__construct - Calling controller method with parameters
[2025-06-11 16:42:46] App::parseUrl - Parsed URL from REQUEST_URI: Array
(
    [0] => dashboard
    [1] => viewWorkspace
    [2] => 15
)

[2025-06-11 16:42:46] App::parseUrl - Final URL segments: Array
(
    [0] => dashboard
    [1] => viewWorkspace
    [2] => 15
)

[2025-06-11 16:42:46] App::__construct - REQUEST_URI: /WEB_project_presentation_generator/public/dashboard/viewWorkspace/15
[2025-06-11 16:42:46] App::__construct - REQUEST_METHOD: GET
[2025-06-11 16:42:46] App::__construct - SCRIPT_NAME: /WEB_project_presentation_generator/public/index.php
[2025-06-11 16:42:46] App::__construct - PHP_SELF: /WEB_project_presentation_generator/public/index.php
[2025-06-11 16:42:46] App::__construct - Selected controller: DashboardController
[2025-06-11 16:42:46] App::__construct - Selected method: viewWorkspace
[2025-06-11 16:42:46] App::__construct - Parameters: Array
(
    [0] => 15
)

[2025-06-11 16:42:46] App::__construct - Calling controller method with parameters
[2025-06-11 16:42:50] App::parseUrl - Parsed URL from REQUEST_URI: Array
(
    [0] => dashboard
)

[2025-06-11 16:42:50] App::parseUrl - Final URL segments: Array
(
    [0] => dashboard
)

[2025-06-11 16:42:50] App::__construct - REQUEST_URI: /WEB_project_presentation_generator/public/dashboard
[2025-06-11 16:42:50] App::__construct - REQUEST_METHOD: GET
[2025-06-11 16:42:50] App::__construct - SCRIPT_NAME: /WEB_project_presentation_generator/public/index.php
[2025-06-11 16:42:50] App::__construct - PHP_SELF: /WEB_project_presentation_generator/public/index.php
[2025-06-11 16:42:50] App::__construct - Selected controller: DashboardController
[2025-06-11 16:42:50] App::__construct - Parameters: Array
(
)

[2025-06-11 16:42:50] App::__construct - Calling controller method with parameters
[2025-06-11 16:42:54] App::parseUrl - Parsed URL from REQUEST_URI: Array
(
    [0] => dashboard
    [1] => viewWorkspace
    [2] => 15
)

[2025-06-11 16:42:54] App::parseUrl - Final URL segments: Array
(
    [0] => dashboard
    [1] => viewWorkspace
    [2] => 15
)

[2025-06-11 16:42:54] App::__construct - REQUEST_URI: /WEB_project_presentation_generator/public/dashboard/viewWorkspace/15
[2025-06-11 16:42:54] App::__construct - REQUEST_METHOD: GET
[2025-06-11 16:42:54] App::__construct - SCRIPT_NAME: /WEB_project_presentation_generator/public/index.php
[2025-06-11 16:42:54] App::__construct - PHP_SELF: /WEB_project_presentation_generator/public/index.php
[2025-06-11 16:42:54] App::__construct - Selected controller: DashboardController
[2025-06-11 16:42:54] App::__construct - Selected method: viewWorkspace
[2025-06-11 16:42:54] App::__construct - Parameters: Array
(
    [0] => 15
)

[2025-06-11 16:42:54] App::__construct - Calling controller method with parameters
[2025-06-11 16:42:55] App::parseUrl - Parsed URL from REQUEST_URI: Array
(
    [0] => dashboard
    [1] => shareWorkspace
    [2] => 15
)

[2025-06-11 16:42:55] App::parseUrl - Final URL segments: Array
(
    [0] => dashboard
    [1] => shareWorkspace
    [2] => 15
)

[2025-06-11 16:42:55] App::__construct - REQUEST_URI: /WEB_project_presentation_generator/public/dashboard/shareWorkspace/15
[2025-06-11 16:42:55] App::__construct - REQUEST_METHOD: GET
[2025-06-11 16:42:55] App::__construct - SCRIPT_NAME: /WEB_project_presentation_generator/public/index.php
[2025-06-11 16:42:55] App::__construct - PHP_SELF: /WEB_project_presentation_generator/public/index.php
[2025-06-11 16:42:55] App::__construct - Selected controller: DashboardController
[2025-06-11 16:42:55] App::__construct - Selected method: shareWorkspace
[2025-06-11 16:42:55] App::__construct - Parameters: Array
(
    [0] => 15
)

[2025-06-11 16:42:55] App::__construct - Calling controller method with parameters
[2025-06-11 16:42:56] App::parseUrl - Parsed URL from REQUEST_URI: Array
(
    [0] => dashboard
    [1] => removeMember
    [2] => 15
)

[2025-06-11 16:42:56] App::parseUrl - Final URL segments: Array
(
    [0] => dashboard
    [1] => removeMember
    [2] => 15
)

[2025-06-11 16:42:56] App::__construct - REQUEST_URI: /WEB_project_presentation_generator/public/dashboard/removeMember/15
[2025-06-11 16:42:56] App::__construct - REQUEST_METHOD: POST
[2025-06-11 16:42:56] App::__construct - SCRIPT_NAME: /WEB_project_presentation_generator/public/index.php
[2025-06-11 16:42:56] App::__construct - PHP_SELF: /WEB_project_presentation_generator/public/index.php
[2025-06-11 16:42:56] App::__construct - Selected controller: DashboardController
[2025-06-11 16:42:56] App::__construct - Selected method: removeMember
[2025-06-11 16:42:56] App::__construct - Parameters: Array
(
    [0] => 15
)

[2025-06-11 16:42:56] App::__construct - Calling controller method with parameters
[2025-06-11 16:42:56] App::parseUrl - Parsed URL from REQUEST_URI: Array
(
    [0] => dashboard
    [1] => shareWorkspace
    [2] => 15
)

[2025-06-11 16:42:56] App::parseUrl - Final URL segments: Array
(
    [0] => dashboard
    [1] => shareWorkspace
    [2] => 15
)

[2025-06-11 16:42:56] App::__construct - REQUEST_URI: /WEB_project_presentation_generator/public/dashboard/shareWorkspace/15?success=%D0%A7%D0%BB%D0%B5%D0%BD%D1%8A%D1%82+%D0%B5+%D0%BF%D1%80%D0%B5%D0%BC%D0%B0%D1%85%D0%BD%D0%B0%D1%82+%D1%83%D1%81%D0%BF%D0%B5%D1%88%D0%BD%D0%BE
[2025-06-11 16:42:56] App::__construct - REQUEST_METHOD: GET
[2025-06-11 16:42:56] App::__construct - SCRIPT_NAME: /WEB_project_presentation_generator/public/index.php
[2025-06-11 16:42:56] App::__construct - PHP_SELF: /WEB_project_presentation_generator/public/index.php
[2025-06-11 16:42:56] App::__construct - Selected controller: DashboardController
[2025-06-11 16:42:56] App::__construct - Selected method: shareWorkspace
[2025-06-11 16:42:56] App::__construct - Parameters: Array
(
    [0] => 15
)

[2025-06-11 16:42:56] App::__construct - Calling controller method with parameters
[2025-06-11 16:42:58] App::parseUrl - Parsed URL from REQUEST_URI: Array
(
    [0] => dashboard
    [1] => workspace
    [2] => 15
)

[2025-06-11 16:42:58] App::parseUrl - Final URL segments: Array
(
    [0] => dashboard
    [1] => workspace
    [2] => 15
)

[2025-06-11 16:42:58] App::__construct - REQUEST_URI: /WEB_project_presentation_generator/public/dashboard/workspace/15
[2025-06-11 16:42:58] App::__construct - REQUEST_METHOD: GET
[2025-06-11 16:42:58] App::__construct - SCRIPT_NAME: /WEB_project_presentation_generator/public/index.php
[2025-06-11 16:42:58] App::__construct - PHP_SELF: /WEB_project_presentation_generator/public/index.php
[2025-06-11 16:42:58] App::__construct - Selected controller: DashboardController
[2025-06-11 16:42:58] App::parseUrl - Parsed URL from REQUEST_URI: Array
(
    [0] => dashboard
    [1] => workspace
    [2] => 15
)

[2025-06-11 16:42:58] App::parseUrl - Final URL segments: Array
(
    [0] => dashboard
    [1] => workspace
    [2] => 15
)

[2025-06-11 16:42:58] App::__construct - REQUEST_URI: /WEB_project_presentation_generator/public/dashboard/workspace/15
[2025-06-11 16:42:58] App::__construct - REQUEST_METHOD: GET
[2025-06-11 16:42:58] App::__construct - SCRIPT_NAME: /WEB_project_presentation_generator/public/index.php
[2025-06-11 16:42:58] App::__construct - PHP_SELF: /WEB_project_presentation_generator/public/index.php
[2025-06-11 16:42:58] App::__construct - Selected controller: DashboardController
[2025-06-11 16:42:58] App::parseUrl - Parsed URL from REQUEST_URI: Array
(
    [0] => dashboard
)

[2025-06-11 16:42:58] App::parseUrl - Final URL segments: Array
(
    [0] => dashboard
)

[2025-06-11 16:42:58] App::__construct - REQUEST_URI: /WEB_project_presentation_generator/public/dashboard
[2025-06-11 16:42:58] App::__construct - REQUEST_METHOD: GET
[2025-06-11 16:42:58] App::__construct - SCRIPT_NAME: /WEB_project_presentation_generator/public/index.php
[2025-06-11 16:42:58] App::__construct - PHP_SELF: /WEB_project_presentation_generator/public/index.php
[2025-06-11 16:42:58] App::__construct - Selected controller: DashboardController
[2025-06-11 16:42:58] App::__construct - Parameters: Array
(
)

[2025-06-11 16:42:58] App::__construct - Calling controller method with parameters
[2025-06-11 16:43:00] App::parseUrl - Parsed URL from REQUEST_URI: Array
(
    [0] => dashboard
    [1] => viewWorkspace
    [2] => 14
)

[2025-06-11 16:43:00] App::parseUrl - Final URL segments: Array
(
    [0] => dashboard
    [1] => viewWorkspace
    [2] => 14
)

[2025-06-11 16:43:00] App::__construct - REQUEST_URI: /WEB_project_presentation_generator/public/dashboard/viewWorkspace/14
[2025-06-11 16:43:00] App::__construct - REQUEST_METHOD: GET
[2025-06-11 16:43:00] App::__construct - SCRIPT_NAME: /WEB_project_presentation_generator/public/index.php
[2025-06-11 16:43:00] App::__construct - PHP_SELF: /WEB_project_presentation_generator/public/index.php
[2025-06-11 16:43:00] App::__construct - Selected controller: DashboardController
[2025-06-11 16:43:00] App::__construct - Selected method: viewWorkspace
[2025-06-11 16:43:00] App::__construct - Parameters: Array
(
    [0] => 14
)

[2025-06-11 16:43:00] App::__construct - Calling controller method with parameters
[2025-06-11 16:43:02] App::parseUrl - Parsed URL from REQUEST_URI: Array
(
    [0] => dashboard
    [1] => shareWorkspace
    [2] => 14
)

[2025-06-11 16:43:02] App::parseUrl - Final URL segments: Array
(
    [0] => dashboard
    [1] => shareWorkspace
    [2] => 14
)

[2025-06-11 16:43:02] App::__construct - REQUEST_URI: /WEB_project_presentation_generator/public/dashboard/shareWorkspace/14
[2025-06-11 16:43:02] App::__construct - REQUEST_METHOD: GET
[2025-06-11 16:43:02] App::__construct - SCRIPT_NAME: /WEB_project_presentation_generator/public/index.php
[2025-06-11 16:43:02] App::__construct - PHP_SELF: /WEB_project_presentation_generator/public/index.php
[2025-06-11 16:43:02] App::__construct - Selected controller: DashboardController
[2025-06-11 16:43:02] App::__construct - Selected method: shareWorkspace
[2025-06-11 16:43:02] App::__construct - Parameters: Array
(
    [0] => 14
)

[2025-06-11 16:43:02] App::__construct - Calling controller method with parameters
[2025-06-11 16:43:03] App::parseUrl - Parsed URL from REQUEST_URI: Array
(
    [0] => dashboard
    [1] => removeMember
    [2] => 14
)

[2025-06-11 16:43:03] App::parseUrl - Final URL segments: Array
(
    [0] => dashboard
    [1] => removeMember
    [2] => 14
)

[2025-06-11 16:43:03] App::__construct - REQUEST_URI: /WEB_project_presentation_generator/public/dashboard/removeMember/14
[2025-06-11 16:43:03] App::__construct - REQUEST_METHOD: POST
[2025-06-11 16:43:03] App::__construct - SCRIPT_NAME: /WEB_project_presentation_generator/public/index.php
[2025-06-11 16:43:03] App::__construct - PHP_SELF: /WEB_project_presentation_generator/public/index.php
[2025-06-11 16:43:03] App::__construct - Selected controller: DashboardController
[2025-06-11 16:43:03] App::__construct - Selected method: removeMember
[2025-06-11 16:43:03] App::__construct - Parameters: Array
(
    [0] => 14
)

[2025-06-11 16:43:03] App::__construct - Calling controller method with parameters
[2025-06-11 16:43:03] App::parseUrl - Parsed URL from REQUEST_URI: Array
(
    [0] => dashboard
    [1] => shareWorkspace
    [2] => 14
)

[2025-06-11 16:43:03] App::parseUrl - Final URL segments: Array
(
    [0] => dashboard
    [1] => shareWorkspace
    [2] => 14
)

[2025-06-11 16:43:03] App::__construct - REQUEST_URI: /WEB_project_presentation_generator/public/dashboard/shareWorkspace/14?success=%D0%A7%D0%BB%D0%B5%D0%BD%D1%8A%D1%82+%D0%B5+%D0%BF%D1%80%D0%B5%D0%BC%D0%B0%D1%85%D0%BD%D0%B0%D1%82+%D1%83%D1%81%D0%BF%D0%B5%D1%88%D0%BD%D0%BE
[2025-06-11 16:43:03] App::__construct - REQUEST_METHOD: GET
[2025-06-11 16:43:03] App::__construct - SCRIPT_NAME: /WEB_project_presentation_generator/public/index.php
[2025-06-11 16:43:03] App::__construct - PHP_SELF: /WEB_project_presentation_generator/public/index.php
[2025-06-11 16:43:03] App::__construct - Selected controller: DashboardController
[2025-06-11 16:43:03] App::__construct - Selected method: shareWorkspace
[2025-06-11 16:43:03] App::__construct - Parameters: Array
(
    [0] => 14
)

[2025-06-11 16:43:03] App::__construct - Calling controller method with parameters
[2025-06-11 16:43:05] App::parseUrl - Parsed URL from REQUEST_URI: Array
(
    [0] => dashboard
    [1] => workspace
    [2] => 14
)

[2025-06-11 16:43:05] App::parseUrl - Final URL segments: Array
(
    [0] => dashboard
    [1] => workspace
    [2] => 14
)

[2025-06-11 16:43:05] App::__construct - REQUEST_URI: /WEB_project_presentation_generator/public/dashboard/workspace/14
[2025-06-11 16:43:05] App::__construct - REQUEST_METHOD: GET
[2025-06-11 16:43:05] App::__construct - SCRIPT_NAME: /WEB_project_presentation_generator/public/index.php
[2025-06-11 16:43:05] App::__construct - PHP_SELF: /WEB_project_presentation_generator/public/index.php
[2025-06-11 16:43:05] App::__construct - Selected controller: DashboardController
[2025-06-11 16:43:05] App::parseUrl - Parsed URL from REQUEST_URI: Array
(
    [0] => dashboard
    [1] => workspace
    [2] => 14
)

[2025-06-11 16:43:05] App::parseUrl - Final URL segments: Array
(
    [0] => dashboard
    [1] => workspace
    [2] => 14
)

[2025-06-11 16:43:05] App::__construct - REQUEST_URI: /WEB_project_presentation_generator/public/dashboard/workspace/14
[2025-06-11 16:43:05] App::__construct - REQUEST_METHOD: GET
[2025-06-11 16:43:05] App::__construct - SCRIPT_NAME: /WEB_project_presentation_generator/public/index.php
[2025-06-11 16:43:05] App::__construct - PHP_SELF: /WEB_project_presentation_generator/public/index.php
[2025-06-11 16:43:05] App::__construct - Selected controller: DashboardController
[2025-06-11 16:43:05] App::parseUrl - Parsed URL from REQUEST_URI: Array
(
    [0] => dashboard
)

[2025-06-11 16:43:05] App::parseUrl - Final URL segments: Array
(
    [0] => dashboard
)

[2025-06-11 16:43:05] App::__construct - REQUEST_URI: /WEB_project_presentation_generator/public/dashboard
[2025-06-11 16:43:05] App::__construct - REQUEST_METHOD: GET
[2025-06-11 16:43:05] App::__construct - SCRIPT_NAME: /WEB_project_presentation_generator/public/index.php
[2025-06-11 16:43:05] App::__construct - PHP_SELF: /WEB_project_presentation_generator/public/index.php
[2025-06-11 16:43:05] App::__construct - Selected controller: DashboardController
[2025-06-11 16:43:05] App::__construct - Parameters: Array
(
)

[2025-06-11 16:43:05] App::__construct - Calling controller method with parameters
[2025-06-11 16:43:13] App::parseUrl - Parsed URL from REQUEST_URI: Array
(
    [0] => dashboard
)

[2025-06-11 16:43:13] App::parseUrl - Final URL segments: Array
(
    [0] => dashboard
)

[2025-06-11 16:43:13] App::__construct - REQUEST_URI: /WEB_project_presentation_generator/public/dashboard
[2025-06-11 16:43:13] App::__construct - REQUEST_METHOD: GET
[2025-06-11 16:43:13] App::__construct - SCRIPT_NAME: /WEB_project_presentation_generator/public/index.php
[2025-06-11 16:43:13] App::__construct - PHP_SELF: /WEB_project_presentation_generator/public/index.php
[2025-06-11 16:43:13] App::__construct - Selected controller: DashboardController
[2025-06-11 16:43:13] App::__construct - Parameters: Array
(
)

[2025-06-11 16:43:13] App::__construct - Calling controller method with parameters
[2025-06-11 16:43:49] App::parseUrl - Parsed URL from REQUEST_URI: Array
(
    [0] => dashboard
)

[2025-06-11 16:43:49] App::parseUrl - Final URL segments: Array
(
    [0] => dashboard
)

[2025-06-11 16:43:49] App::__construct - REQUEST_URI: /WEB_project_presentation_generator/public/dashboard
[2025-06-11 16:43:49] App::__construct - REQUEST_METHOD: GET
[2025-06-11 16:43:49] App::__construct - SCRIPT_NAME: /WEB_project_presentation_generator/public/index.php
[2025-06-11 16:43:49] App::__construct - PHP_SELF: /WEB_project_presentation_generator/public/index.php
[2025-06-11 16:43:49] App::__construct - Selected controller: DashboardController
[2025-06-11 16:43:49] App::__construct - Parameters: Array
(
)

[2025-06-11 16:43:49] App::__construct - Calling controller method with parameters
[2025-06-11 16:43:53] App::parseUrl - Parsed URL from REQUEST_URI: Array
(
    [0] => dashboard
    [1] => viewWorkspace
    [2] => 27
)

[2025-06-11 16:43:53] App::parseUrl - Final URL segments: Array
(
    [0] => dashboard
    [1] => viewWorkspace
    [2] => 27
)

[2025-06-11 16:43:53] App::__construct - REQUEST_URI: /WEB_project_presentation_generator/public/dashboard/viewWorkspace/27
[2025-06-11 16:43:53] App::__construct - REQUEST_METHOD: GET
[2025-06-11 16:43:53] App::__construct - SCRIPT_NAME: /WEB_project_presentation_generator/public/index.php
[2025-06-11 16:43:53] App::__construct - PHP_SELF: /WEB_project_presentation_generator/public/index.php
[2025-06-11 16:43:53] App::__construct - Selected controller: DashboardController
[2025-06-11 16:43:53] App::__construct - Selected method: viewWorkspace
[2025-06-11 16:43:53] App::__construct - Parameters: Array
(
    [0] => 27
)

[2025-06-11 16:43:53] App::__construct - Calling controller method with parameters
[2025-06-11 16:43:54] App::parseUrl - Parsed URL from REQUEST_URI: Array
(
    [0] => dashboard
    [1] => shareWorkspace
    [2] => 27
)

[2025-06-11 16:43:54] App::parseUrl - Final URL segments: Array
(
    [0] => dashboard
    [1] => shareWorkspace
    [2] => 27
)

[2025-06-11 16:43:54] App::__construct - REQUEST_URI: /WEB_project_presentation_generator/public/dashboard/shareWorkspace/27
[2025-06-11 16:43:54] App::__construct - REQUEST_METHOD: GET
[2025-06-11 16:43:54] App::__construct - SCRIPT_NAME: /WEB_project_presentation_generator/public/index.php
[2025-06-11 16:43:54] App::__construct - PHP_SELF: /WEB_project_presentation_generator/public/index.php
[2025-06-11 16:43:54] App::__construct - Selected controller: DashboardController
[2025-06-11 16:43:54] App::__construct - Selected method: shareWorkspace
[2025-06-11 16:43:54] App::__construct - Parameters: Array
(
    [0] => 27
)

[2025-06-11 16:43:54] App::__construct - Calling controller method with parameters
[2025-06-11 16:43:55] App::parseUrl - Parsed URL from REQUEST_URI: Array
(
    [0] => dashboard
    [1] => removeMember
    [2] => 27
)

[2025-06-11 16:43:55] App::parseUrl - Final URL segments: Array
(
    [0] => dashboard
    [1] => removeMember
    [2] => 27
)

[2025-06-11 16:43:55] App::__construct - REQUEST_URI: /WEB_project_presentation_generator/public/dashboard/removeMember/27
[2025-06-11 16:43:55] App::__construct - REQUEST_METHOD: POST
[2025-06-11 16:43:55] App::__construct - SCRIPT_NAME: /WEB_project_presentation_generator/public/index.php
[2025-06-11 16:43:55] App::__construct - PHP_SELF: /WEB_project_presentation_generator/public/index.php
[2025-06-11 16:43:55] App::__construct - Selected controller: DashboardController
[2025-06-11 16:43:55] App::__construct - Selected method: removeMember
[2025-06-11 16:43:55] App::__construct - Parameters: Array
(
    [0] => 27
)

[2025-06-11 16:43:55] App::__construct - Calling controller method with parameters
[2025-06-11 16:43:55] App::parseUrl - Parsed URL from REQUEST_URI: Array
(
    [0] => dashboard
    [1] => shareWorkspace
    [2] => 27
)

[2025-06-11 16:43:55] App::parseUrl - Final URL segments: Array
(
    [0] => dashboard
    [1] => shareWorkspace
    [2] => 27
)

[2025-06-11 16:43:55] App::__construct - REQUEST_URI: /WEB_project_presentation_generator/public/dashboard/shareWorkspace/27?success=%D0%A7%D0%BB%D0%B5%D0%BD%D1%8A%D1%82+%D0%B5+%D0%BF%D1%80%D0%B5%D0%BC%D0%B0%D1%85%D0%BD%D0%B0%D1%82+%D1%83%D1%81%D0%BF%D0%B5%D1%88%D0%BD%D0%BE
[2025-06-11 16:43:55] App::__construct - REQUEST_METHOD: GET
[2025-06-11 16:43:55] App::__construct - SCRIPT_NAME: /WEB_project_presentation_generator/public/index.php
[2025-06-11 16:43:55] App::__construct - PHP_SELF: /WEB_project_presentation_generator/public/index.php
[2025-06-11 16:43:55] App::__construct - Selected controller: DashboardController
[2025-06-11 16:43:55] App::__construct - Selected method: shareWorkspace
[2025-06-11 16:43:55] App::__construct - Parameters: Array
(
    [0] => 27
)

[2025-06-11 16:43:55] App::__construct - Calling controller method with parameters
[2025-06-11 16:43:56] App::parseUrl - Parsed URL from REQUEST_URI: Array
(
    [0] => dashboard
    [1] => workspace
    [2] => 27
)

[2025-06-11 16:43:56] App::parseUrl - Final URL segments: Array
(
    [0] => dashboard
    [1] => workspace
    [2] => 27
)

[2025-06-11 16:43:56] App::__construct - REQUEST_URI: /WEB_project_presentation_generator/public/dashboard/workspace/27
[2025-06-11 16:43:56] App::__construct - REQUEST_METHOD: GET
[2025-06-11 16:43:56] App::__construct - SCRIPT_NAME: /WEB_project_presentation_generator/public/index.php
[2025-06-11 16:43:56] App::__construct - PHP_SELF: /WEB_project_presentation_generator/public/index.php
[2025-06-11 16:43:56] App::__construct - Selected controller: DashboardController
[2025-06-11 16:43:56] App::parseUrl - Parsed URL from REQUEST_URI: Array
(
    [0] => dashboard
)

[2025-06-11 16:43:56] App::parseUrl - Final URL segments: Array
(
    [0] => dashboard
)

[2025-06-11 16:43:56] App::__construct - REQUEST_URI: /WEB_project_presentation_generator/public/dashboard
[2025-06-11 16:43:56] App::__construct - REQUEST_METHOD: GET
[2025-06-11 16:43:56] App::__construct - SCRIPT_NAME: /WEB_project_presentation_generator/public/index.php
[2025-06-11 16:43:56] App::__construct - PHP_SELF: /WEB_project_presentation_generator/public/index.php
[2025-06-11 16:43:56] App::__construct - Selected controller: DashboardController
[2025-06-11 16:43:56] App::__construct - Parameters: Array
(
)

[2025-06-11 16:43:56] App::__construct - Calling controller method with parameters
[2025-06-11 16:46:24] App::parseUrl - Parsed URL from REQUEST_URI: Array
(
    [0] => dashboard
)

[2025-06-11 16:46:24] App::parseUrl - Final URL segments: Array
(
    [0] => dashboard
)

[2025-06-11 16:46:24] App::__construct - REQUEST_URI: /WEB_project_presentation_generator/public/dashboard
[2025-06-11 16:46:24] App::__construct - REQUEST_METHOD: GET
[2025-06-11 16:46:24] App::__construct - SCRIPT_NAME: /WEB_project_presentation_generator/public/index.php
[2025-06-11 16:46:24] App::__construct - PHP_SELF: /WEB_project_presentation_generator/public/index.php
[2025-06-11 16:46:24] App::__construct - Selected controller: DashboardController
[2025-06-11 16:46:24] App::__construct - Parameters: Array
(
)

[2025-06-11 16:46:24] App::__construct - Calling controller method with parameters
[2025-06-11 16:46:41] App::parseUrl - Parsed URL from REQUEST_URI: Array
(
    [0] => dashboard
    [1] => viewWorkspace
    [2] => 29
)

[2025-06-11 16:46:41] App::parseUrl - Final URL segments: Array
(
    [0] => dashboard
    [1] => viewWorkspace
    [2] => 29
)

[2025-06-11 16:46:41] App::__construct - REQUEST_URI: /WEB_project_presentation_generator/public/dashboard/viewWorkspace/29
[2025-06-11 16:46:41] App::__construct - REQUEST_METHOD: GET
[2025-06-11 16:46:41] App::__construct - SCRIPT_NAME: /WEB_project_presentation_generator/public/index.php
[2025-06-11 16:46:41] App::__construct - PHP_SELF: /WEB_project_presentation_generator/public/index.php
[2025-06-11 16:46:41] App::__construct - Selected controller: DashboardController
[2025-06-11 16:46:41] App::__construct - Selected method: viewWorkspace
[2025-06-11 16:46:41] App::__construct - Parameters: Array
(
    [0] => 29
)

[2025-06-11 16:46:41] App::__construct - Calling controller method with parameters
[2025-06-11 16:46:43] App::parseUrl - Parsed URL from REQUEST_URI: Array
(
    [0] => presentation
    [1] => viewPresentation
    [2] => 122
)

[2025-06-11 16:46:43] App::parseUrl - Final URL segments: Array
(
    [0] => presentation
    [1] => viewPresentation
    [2] => 122
)

[2025-06-11 16:46:43] App::__construct - REQUEST_URI: /WEB_project_presentation_generator/public/presentation/viewPresentation/122
[2025-06-11 16:46:43] App::__construct - REQUEST_METHOD: GET
[2025-06-11 16:46:43] App::__construct - SCRIPT_NAME: /WEB_project_presentation_generator/public/index.php
[2025-06-11 16:46:43] App::__construct - PHP_SELF: /WEB_project_presentation_generator/public/index.php
[2025-06-11 16:46:43] App::__construct - Selected controller: PresentationController
[2025-06-11 16:46:43] App::__construct - Selected method: viewPresentation
[2025-06-11 16:46:43] App::__construct - Parameters: Array
(
    [0] => 122
)

[2025-06-11 16:46:43] App::__construct - Calling controller method with parameters
[2025-06-11 16:47:14] App::parseUrl - Parsed URL from REQUEST_URI: Array
(
    [0] => presentation
    [1] => review
    [2] => 122
)

[2025-06-11 16:47:14] App::parseUrl - Final URL segments: Array
(
    [0] => presentation
    [1] => review
    [2] => 122
)

[2025-06-11 16:47:14] App::__construct - REQUEST_URI: /WEB_project_presentation_generator/public/presentation/review/122
[2025-06-11 16:47:14] App::__construct - REQUEST_METHOD: GET
[2025-06-11 16:47:14] App::__construct - SCRIPT_NAME: /WEB_project_presentation_generator/public/index.php
[2025-06-11 16:47:14] App::__construct - PHP_SELF: /WEB_project_presentation_generator/public/index.php
[2025-06-11 16:47:14] App::__construct - Selected controller: PresentationController
[2025-06-11 16:47:14] App::__construct - Selected method: review
[2025-06-11 16:47:14] App::__construct - Parameters: Array
(
    [0] => 122
)

[2025-06-11 16:47:14] App::__construct - Calling controller method with parameters
[2025-06-11 16:50:39] App::parseUrl - Parsed URL from REQUEST_URI: Array
(
    [0] => presentation
    [1] => viewPresentation
    [2] => 122
)

[2025-06-11 16:50:39] App::parseUrl - Final URL segments: Array
(
    [0] => presentation
    [1] => viewPresentation
    [2] => 122
)

[2025-06-11 16:50:39] App::__construct - REQUEST_URI: /WEB_project_presentation_generator/public/presentation/viewPresentation/122
[2025-06-11 16:50:39] App::__construct - REQUEST_METHOD: GET
[2025-06-11 16:50:39] App::__construct - SCRIPT_NAME: /WEB_project_presentation_generator/public/index.php
[2025-06-11 16:50:39] App::__construct - PHP_SELF: /WEB_project_presentation_generator/public/index.php
[2025-06-11 16:50:39] App::__construct - Selected controller: PresentationController
[2025-06-11 16:50:39] App::__construct - Selected method: viewPresentation
[2025-06-11 16:50:39] App::__construct - Parameters: Array
(
    [0] => 122
)

[2025-06-11 16:50:39] App::__construct - Calling controller method with parameters
[2025-06-11 16:51:10] App::parseUrl - Parsed URL from REQUEST_URI: Array
(
    [0] => slide
    [1] => create
    [2] => 122
)

[2025-06-11 16:51:10] App::parseUrl - Final URL segments: Array
(
    [0] => slide
    [1] => create
    [2] => 122
)

[2025-06-11 16:51:10] App::__construct - REQUEST_URI: /WEB_project_presentation_generator/public/slide/create/122
[2025-06-11 16:51:10] App::__construct - REQUEST_METHOD: GET
[2025-06-11 16:51:10] App::__construct - SCRIPT_NAME: /WEB_project_presentation_generator/public/index.php
[2025-06-11 16:51:10] App::__construct - PHP_SELF: /WEB_project_presentation_generator/public/index.php
[2025-06-11 16:51:10] App::__construct - Selected controller: SlideController
[2025-06-11 16:51:10] App::__construct - Selected method: create
[2025-06-11 16:51:10] App::__construct - Parameters: Array
(
    [0] => 122
)

[2025-06-11 16:51:10] App::__construct - Calling controller method with parameters
[2025-06-11 16:51:10] SlideController::create called with presentationId: 122
[2025-06-11 16:51:24] App::parseUrl - Parsed URL from REQUEST_URI: Array
(
    [0] => slides
    [1] => create
    [2] => 122
)

[2025-06-11 16:51:24] App::parseUrl - Final URL segments: Array
(
    [0] => slides
    [1] => create
    [2] => 122
)

[2025-06-11 16:51:24] App::__construct - REQUEST_URI: /WEB_project_presentation_generator/public/slides/create/122
[2025-06-11 16:51:24] App::__construct - REQUEST_METHOD: POST
[2025-06-11 16:51:24] App::__construct - SCRIPT_NAME: /WEB_project_presentation_generator/public/index.php
[2025-06-11 16:51:24] App::__construct - PHP_SELF: /WEB_project_presentation_generator/public/index.php
[2025-06-11 16:51:24] App::__construct - Selected controller: SlideController
[2025-06-11 16:51:24] App::__construct - Selected method: create
[2025-06-11 16:51:24] App::__construct - Parameters: Array
(
    [0] => 122
)

[2025-06-11 16:51:24] App::__construct - Calling controller method with parameters
[2025-06-11 16:51:24] SlideController::create called with presentationId: 122
[2025-06-11 16:51:24] Received POST request for slide creation
[2025-06-11 16:51:24] POST data: Array
(
    [presentation_id] => 122
    [no_redirect] => 1
    [title] => тест
    [layout] => three-columns
    [elements] => Array
        (
            [0] => Array
                (
                    [type] => text
                    [title] => 
                    [style] => {}
                    [content] => аааа
                )

            [1] => Array
                (
                    [type] => image
                    [title] => 
                    [style] => {}
                    [content] => https://i.pinimg.com/736x/2f/7d/3d/2f7d3df8754e679449ebf9f26a14b1b1.jpg
                )

            [2] => Array
                (
                    [type] => quote
                    [title] => ааа
                    [style] => {}
                    [content] => ааааа
                )

        )

)

[2025-06-11 16:51:24] Processing slide creation with data:
[2025-06-11 16:51:24] presentation_id: 122
[2025-06-11 16:51:24] title: тест
[2025-06-11 16:51:24] layout: three-columns
[2025-06-11 16:51:24] no_redirect: true
[2025-06-11 16:51:24] Processing element 0: Array
(
    [type] => text
    [title] => 
    [style] => {}
    [content] => аааа
)

[2025-06-11 16:51:24] Processing element 1: Array
(
    [type] => image
    [title] => 
    [style] => {}
    [content] => https://i.pinimg.com/736x/2f/7d/3d/2f7d3df8754e679449ebf9f26a14b1b1.jpg
)

[2025-06-11 16:51:24] Processing element 2: Array
(
    [type] => quote
    [title] => ааа
    [style] => {}
    [content] => ааааа
)

[2025-06-11 16:51:24] Prepared elements data: Array
(
    [0] => Array
        (
            [type] => text
            [title] => 
            [content] => аааа
            [text] => 
            [style] => Array
                (
                )

        )

    [1] => Array
        (
            [type] => image
            [title] => 
            [content] => https://i.pinimg.com/736x/2f/7d/3d/2f7d3df8754e679449ebf9f26a14b1b1.jpg
            [text] => 
            [style] => Array
                (
                )

        )

    [2] => Array
        (
            [type] => quote
            [title] => ааа
            [content] => ааааа
            [text] => 
            [style] => Array
                (
                )

        )

)

[2025-06-11 16:51:24] Final slide data: Array
(
    [presentation_id] => 122
    [title] => тест
    [layout] => three-columns
    [elements] => Array
        (
            [0] => Array
                (
                    [type] => text
                    [title] => 
                    [content] => аааа
                    [text] => 
                    [style] => Array
                        (
                        )

                )

            [1] => Array
                (
                    [type] => image
                    [title] => 
                    [content] => https://i.pinimg.com/736x/2f/7d/3d/2f7d3df8754e679449ebf9f26a14b1b1.jpg
                    [text] => 
                    [style] => Array
                        (
                        )

                )

            [2] => Array
                (
                    [type] => quote
                    [title] => ааа
                    [content] => ааааа
                    [text] => 
                    [style] => Array
                        (
                        )

                )

        )

)

[2025-06-11 16:51:24] Is AJAX request: true
[2025-06-11 16:51:24] Successfully created slide with ID: 835
[2025-06-11 16:51:24] Sending JSON response for AJAX request
[2025-06-11 16:51:25] App::parseUrl - Parsed URL from REQUEST_URI: Array
(
    [0] => presentation
    [1] => viewPresentation
    [2] => 122
)

[2025-06-11 16:51:25] App::parseUrl - Final URL segments: Array
(
    [0] => presentation
    [1] => viewPresentation
    [2] => 122
)

[2025-06-11 16:51:25] App::__construct - REQUEST_URI: /WEB_project_presentation_generator/public/presentation/viewPresentation/122
[2025-06-11 16:51:25] App::__construct - REQUEST_METHOD: GET
[2025-06-11 16:51:25] App::__construct - SCRIPT_NAME: /WEB_project_presentation_generator/public/index.php
[2025-06-11 16:51:25] App::__construct - PHP_SELF: /WEB_project_presentation_generator/public/index.php
[2025-06-11 16:51:25] App::__construct - Selected controller: PresentationController
[2025-06-11 16:51:25] App::__construct - Selected method: viewPresentation
[2025-06-11 16:51:25] App::__construct - Parameters: Array
(
    [0] => 122
)

[2025-06-11 16:51:25] App::__construct - Calling controller method with parameters
[2025-06-11 16:51:31] App::parseUrl - Parsed URL from REQUEST_URI: Array
(
    [0] => slide
    [1] => delete
    [2] => 831
)

[2025-06-11 16:51:31] App::parseUrl - Final URL segments: Array
(
    [0] => slide
    [1] => delete
    [2] => 831
)

[2025-06-11 16:51:31] App::__construct - REQUEST_URI: /WEB_project_presentation_generator/public/slide/delete/831
[2025-06-11 16:51:31] App::__construct - REQUEST_METHOD: GET
[2025-06-11 16:51:31] App::__construct - SCRIPT_NAME: /WEB_project_presentation_generator/public/index.php
[2025-06-11 16:51:31] App::__construct - PHP_SELF: /WEB_project_presentation_generator/public/index.php
[2025-06-11 16:51:31] App::__construct - Selected controller: SlideController
[2025-06-11 16:51:31] App::__construct - Selected method: delete
[2025-06-11 16:51:31] App::__construct - Parameters: Array
(
    [0] => 831
)

[2025-06-11 16:51:31] App::__construct - Calling controller method with parameters
[2025-06-11 16:51:32] App::parseUrl - Parsed URL from REQUEST_URI: Array
(
    [0] => slides
    [1] => delete
    [2] => 831
)

[2025-06-11 16:51:32] App::parseUrl - Final URL segments: Array
(
    [0] => slides
    [1] => delete
    [2] => 831
)

[2025-06-11 16:51:32] App::__construct - REQUEST_URI: /WEB_project_presentation_generator/public/slides/delete/831
[2025-06-11 16:51:32] App::__construct - REQUEST_METHOD: POST
[2025-06-11 16:51:32] App::__construct - SCRIPT_NAME: /WEB_project_presentation_generator/public/index.php
[2025-06-11 16:51:32] App::__construct - PHP_SELF: /WEB_project_presentation_generator/public/index.php
[2025-06-11 16:51:32] App::__construct - Selected controller: SlideController
[2025-06-11 16:51:32] App::__construct - Selected method: delete
[2025-06-11 16:51:32] App::__construct - Parameters: Array
(
    [0] => 831
)

[2025-06-11 16:51:32] App::__construct - Calling controller method with parameters
[2025-06-11 16:51:32] App::parseUrl - Parsed URL from REQUEST_URI: Array
(
    [0] => presentation
    [1] => viewPresentation
    [2] => 122
)

[2025-06-11 16:51:32] App::parseUrl - Final URL segments: Array
(
    [0] => presentation
    [1] => viewPresentation
    [2] => 122
)

[2025-06-11 16:51:32] App::__construct - REQUEST_URI: /WEB_project_presentation_generator/public/presentation/viewPresentation/122
[2025-06-11 16:51:32] App::__construct - REQUEST_METHOD: GET
[2025-06-11 16:51:32] App::__construct - SCRIPT_NAME: /WEB_project_presentation_generator/public/index.php
[2025-06-11 16:51:32] App::__construct - PHP_SELF: /WEB_project_presentation_generator/public/index.php
[2025-06-11 16:51:32] App::__construct - Selected controller: PresentationController
[2025-06-11 16:51:32] App::__construct - Selected method: viewPresentation
[2025-06-11 16:51:32] App::__construct - Parameters: Array
(
    [0] => 122
)

[2025-06-11 16:51:32] App::__construct - Calling controller method with parameters
[2025-06-11 16:51:39] App::parseUrl - Parsed URL from REQUEST_URI: Array
(
    [0] => slide
    [1] => create
    [2] => 122
)

[2025-06-11 16:51:39] App::parseUrl - Final URL segments: Array
(
    [0] => slide
    [1] => create
    [2] => 122
)

[2025-06-11 16:51:39] App::__construct - REQUEST_URI: /WEB_project_presentation_generator/public/slide/create/122
[2025-06-11 16:51:39] App::__construct - REQUEST_METHOD: GET
[2025-06-11 16:51:39] App::__construct - SCRIPT_NAME: /WEB_project_presentation_generator/public/index.php
[2025-06-11 16:51:39] App::__construct - PHP_SELF: /WEB_project_presentation_generator/public/index.php
[2025-06-11 16:51:39] App::__construct - Selected controller: SlideController
[2025-06-11 16:51:39] App::__construct - Selected method: create
[2025-06-11 16:51:39] App::__construct - Parameters: Array
(
    [0] => 122
)

[2025-06-11 16:51:39] App::__construct - Calling controller method with parameters
[2025-06-11 16:51:39] SlideController::create called with presentationId: 122
[2025-06-11 16:51:48] App::parseUrl - Parsed URL from REQUEST_URI: Array
(
    [0] => slide
    [1] => create
    [2] => %D0%B0
)

[2025-06-11 16:51:48] App::parseUrl - Final URL segments: Array
(
    [0] => slide
    [1] => create
    [2] => %D0%B0
)

[2025-06-11 16:51:48] App::__construct - REQUEST_URI: /WEB_project_presentation_generator/public/slide/create/%D0%B0
[2025-06-11 16:51:48] App::__construct - REQUEST_METHOD: GET
[2025-06-11 16:51:48] App::__construct - SCRIPT_NAME: /WEB_project_presentation_generator/public/index.php
[2025-06-11 16:51:48] App::__construct - PHP_SELF: /WEB_project_presentation_generator/public/index.php
[2025-06-11 16:51:48] App::__construct - Selected controller: SlideController
[2025-06-11 16:51:48] App::__construct - Selected method: create
[2025-06-11 16:51:48] App::__construct - Parameters: Array
(
    [0] => %D0%B0
)

[2025-06-11 16:51:48] App::__construct - Calling controller method with parameters
[2025-06-11 16:51:48] SlideController::create called with presentationId: %D0%B0
[2025-06-11 16:51:48] App::parseUrl - Parsed URL from REQUEST_URI: Array
(
    [0] => dashboard
)

[2025-06-11 16:51:48] App::parseUrl - Final URL segments: Array
(
    [0] => dashboard
)

[2025-06-11 16:51:48] App::__construct - REQUEST_URI: /WEB_project_presentation_generator/public/dashboard
[2025-06-11 16:51:48] App::__construct - REQUEST_METHOD: GET
[2025-06-11 16:51:48] App::__construct - SCRIPT_NAME: /WEB_project_presentation_generator/public/index.php
[2025-06-11 16:51:48] App::__construct - PHP_SELF: /WEB_project_presentation_generator/public/index.php
[2025-06-11 16:51:48] App::__construct - Selected controller: DashboardController
[2025-06-11 16:51:48] App::__construct - Parameters: Array
(
)

[2025-06-11 16:51:48] App::__construct - Calling controller method with parameters
[2025-06-11 16:51:48] App::parseUrl - Parsed URL from REQUEST_URI: Array
(
    [0] => slide
    [1] => create
    [2] => %D0%B0%D0%B0
)

[2025-06-11 16:51:48] App::parseUrl - Final URL segments: Array
(
    [0] => slide
    [1] => create
    [2] => %D0%B0%D0%B0
)

[2025-06-11 16:51:48] App::__construct - REQUEST_URI: /WEB_project_presentation_generator/public/slide/create/%D0%B0%D0%B0
[2025-06-11 16:51:48] App::__construct - REQUEST_METHOD: GET
[2025-06-11 16:51:48] App::__construct - SCRIPT_NAME: /WEB_project_presentation_generator/public/index.php
[2025-06-11 16:51:48] App::__construct - PHP_SELF: /WEB_project_presentation_generator/public/index.php
[2025-06-11 16:51:48] App::__construct - Selected controller: SlideController
[2025-06-11 16:51:48] App::__construct - Selected method: create
[2025-06-11 16:51:48] App::__construct - Parameters: Array
(
    [0] => %D0%B0%D0%B0
)

[2025-06-11 16:51:48] App::__construct - Calling controller method with parameters
[2025-06-11 16:51:48] SlideController::create called with presentationId: %D0%B0%D0%B0
[2025-06-11 16:51:48] App::parseUrl - Parsed URL from REQUEST_URI: Array
(
    [0] => dashboard
)

[2025-06-11 16:51:48] App::parseUrl - Final URL segments: Array
(
    [0] => dashboard
)

[2025-06-11 16:51:48] App::__construct - REQUEST_URI: /WEB_project_presentation_generator/public/dashboard
[2025-06-11 16:51:48] App::__construct - REQUEST_METHOD: GET
[2025-06-11 16:51:48] App::__construct - SCRIPT_NAME: /WEB_project_presentation_generator/public/index.php
[2025-06-11 16:51:48] App::__construct - PHP_SELF: /WEB_project_presentation_generator/public/index.php
[2025-06-11 16:51:48] App::__construct - Selected controller: DashboardController
[2025-06-11 16:51:48] App::__construct - Parameters: Array
(
)

[2025-06-11 16:51:48] App::__construct - Calling controller method with parameters
[2025-06-11 16:51:48] App::parseUrl - Parsed URL from REQUEST_URI: Array
(
    [0] => slide
    [1] => create
    [2] => %D0%B0%D0%B0%D0%B0
)

[2025-06-11 16:51:48] App::parseUrl - Final URL segments: Array
(
    [0] => slide
    [1] => create
    [2] => %D0%B0%D0%B0%D0%B0
)

[2025-06-11 16:51:48] App::__construct - REQUEST_URI: /WEB_project_presentation_generator/public/slide/create/%D0%B0%D0%B0%D0%B0
[2025-06-11 16:51:48] App::__construct - REQUEST_METHOD: GET
[2025-06-11 16:51:48] App::__construct - SCRIPT_NAME: /WEB_project_presentation_generator/public/index.php
[2025-06-11 16:51:48] App::__construct - PHP_SELF: /WEB_project_presentation_generator/public/index.php
[2025-06-11 16:51:48] App::__construct - Selected controller: SlideController
[2025-06-11 16:51:49] App::__construct - Selected method: create
[2025-06-11 16:51:49] App::__construct - Parameters: Array
(
    [0] => %D0%B0%D0%B0%D0%B0
)

[2025-06-11 16:51:49] App::__construct - Calling controller method with parameters
[2025-06-11 16:51:49] SlideController::create called with presentationId: %D0%B0%D0%B0%D0%B0
[2025-06-11 16:51:49] App::parseUrl - Parsed URL from REQUEST_URI: Array
(
    [0] => dashboard
)

[2025-06-11 16:51:49] App::parseUrl - Final URL segments: Array
(
    [0] => dashboard
)

[2025-06-11 16:51:49] App::__construct - REQUEST_URI: /WEB_project_presentation_generator/public/dashboard
[2025-06-11 16:51:49] App::__construct - REQUEST_METHOD: GET
[2025-06-11 16:51:49] App::__construct - SCRIPT_NAME: /WEB_project_presentation_generator/public/index.php
[2025-06-11 16:51:49] App::__construct - PHP_SELF: /WEB_project_presentation_generator/public/index.php
[2025-06-11 16:51:49] App::__construct - Selected controller: DashboardController
[2025-06-11 16:51:49] App::__construct - Parameters: Array
(
)

[2025-06-11 16:51:49] App::__construct - Calling controller method with parameters
[2025-06-11 16:51:49] App::parseUrl - Parsed URL from REQUEST_URI: Array
(
    [0] => slide
    [1] => create
    [2] => %D0%B0%D0%B0%D0%B0%D0%B0
)

[2025-06-11 16:51:49] App::parseUrl - Final URL segments: Array
(
    [0] => slide
    [1] => create
    [2] => %D0%B0%D0%B0%D0%B0%D0%B0
)

[2025-06-11 16:51:49] App::__construct - REQUEST_URI: /WEB_project_presentation_generator/public/slide/create/%D0%B0%D0%B0%D0%B0%D0%B0
[2025-06-11 16:51:49] App::__construct - REQUEST_METHOD: GET
[2025-06-11 16:51:49] App::__construct - SCRIPT_NAME: /WEB_project_presentation_generator/public/index.php
[2025-06-11 16:51:49] App::__construct - PHP_SELF: /WEB_project_presentation_generator/public/index.php
[2025-06-11 16:51:49] App::__construct - Selected controller: SlideController
[2025-06-11 16:51:49] App::__construct - Selected method: create
[2025-06-11 16:51:49] App::__construct - Parameters: Array
(
    [0] => %D0%B0%D0%B0%D0%B0%D0%B0
)

[2025-06-11 16:51:49] App::__construct - Calling controller method with parameters
[2025-06-11 16:51:49] SlideController::create called with presentationId: %D0%B0%D0%B0%D0%B0%D0%B0
[2025-06-11 16:51:49] App::parseUrl - Parsed URL from REQUEST_URI: Array
(
    [0] => dashboard
)

[2025-06-11 16:51:49] App::parseUrl - Final URL segments: Array
(
    [0] => dashboard
)

[2025-06-11 16:51:49] App::__construct - REQUEST_URI: /WEB_project_presentation_generator/public/dashboard
[2025-06-11 16:51:49] App::__construct - REQUEST_METHOD: GET
[2025-06-11 16:51:49] App::__construct - SCRIPT_NAME: /WEB_project_presentation_generator/public/index.php
[2025-06-11 16:51:49] App::__construct - PHP_SELF: /WEB_project_presentation_generator/public/index.php
[2025-06-11 16:51:49] App::__construct - Selected controller: DashboardController
[2025-06-11 16:51:49] App::__construct - Parameters: Array
(
)

[2025-06-11 16:51:49] App::__construct - Calling controller method with parameters
[2025-06-11 16:51:49] App::parseUrl - Parsed URL from REQUEST_URI: Array
(
    [0] => slide
    [1] => create
    [2] => %D0%B0%D0%B0%D0%B0%D0%B0%D0%B0
)

[2025-06-11 16:51:49] App::parseUrl - Final URL segments: Array
(
    [0] => slide
    [1] => create
    [2] => %D0%B0%D0%B0%D0%B0%D0%B0%D0%B0
)

[2025-06-11 16:51:49] App::__construct - REQUEST_URI: /WEB_project_presentation_generator/public/slide/create/%D0%B0%D0%B0%D0%B0%D0%B0%D0%B0
[2025-06-11 16:51:49] App::__construct - REQUEST_METHOD: GET
[2025-06-11 16:51:49] App::__construct - SCRIPT_NAME: /WEB_project_presentation_generator/public/index.php
[2025-06-11 16:51:49] App::__construct - PHP_SELF: /WEB_project_presentation_generator/public/index.php
[2025-06-11 16:51:49] App::__construct - Selected controller: SlideController
[2025-06-11 16:51:49] App::__construct - Selected method: create
[2025-06-11 16:51:49] App::__construct - Parameters: Array
(
    [0] => %D0%B0%D0%B0%D0%B0%D0%B0%D0%B0
)

[2025-06-11 16:51:49] App::__construct - Calling controller method with parameters
[2025-06-11 16:51:49] SlideController::create called with presentationId: %D0%B0%D0%B0%D0%B0%D0%B0%D0%B0
[2025-06-11 16:51:49] App::parseUrl - Parsed URL from REQUEST_URI: Array
(
    [0] => dashboard
)

[2025-06-11 16:51:49] App::parseUrl - Final URL segments: Array
(
    [0] => dashboard
)

[2025-06-11 16:51:49] App::__construct - REQUEST_URI: /WEB_project_presentation_generator/public/dashboard
[2025-06-11 16:51:49] App::__construct - REQUEST_METHOD: GET
[2025-06-11 16:51:49] App::__construct - SCRIPT_NAME: /WEB_project_presentation_generator/public/index.php
[2025-06-11 16:51:49] App::__construct - PHP_SELF: /WEB_project_presentation_generator/public/index.php
[2025-06-11 16:51:49] App::__construct - Selected controller: DashboardController
[2025-06-11 16:51:49] App::__construct - Parameters: Array
(
)

[2025-06-11 16:51:49] App::__construct - Calling controller method with parameters
[2025-06-11 16:51:49] App::parseUrl - Parsed URL from REQUEST_URI: Array
(
    [0] => slide
    [1] => create
    [2] => %D0%B0%D0%B0%D0%B0%D0%B0%D0%B0%D0%B0
)

[2025-06-11 16:51:49] App::parseUrl - Final URL segments: Array
(
    [0] => slide
    [1] => create
    [2] => %D0%B0%D0%B0%D0%B0%D0%B0%D0%B0%D0%B0
)

[2025-06-11 16:51:49] App::__construct - REQUEST_URI: /WEB_project_presentation_generator/public/slide/create/%D0%B0%D0%B0%D0%B0%D0%B0%D0%B0%D0%B0
[2025-06-11 16:51:49] App::__construct - REQUEST_METHOD: GET
[2025-06-11 16:51:49] App::__construct - SCRIPT_NAME: /WEB_project_presentation_generator/public/index.php
[2025-06-11 16:51:49] App::__construct - PHP_SELF: /WEB_project_presentation_generator/public/index.php
[2025-06-11 16:51:49] App::__construct - Selected controller: SlideController
[2025-06-11 16:51:49] App::__construct - Selected method: create
[2025-06-11 16:51:49] App::__construct - Parameters: Array
(
    [0] => %D0%B0%D0%B0%D0%B0%D0%B0%D0%B0%D0%B0
)

[2025-06-11 16:51:49] App::__construct - Calling controller method with parameters
[2025-06-11 16:51:49] SlideController::create called with presentationId: %D0%B0%D0%B0%D0%B0%D0%B0%D0%B0%D0%B0
[2025-06-11 16:51:49] App::parseUrl - Parsed URL from REQUEST_URI: Array
(
    [0] => dashboard
)

[2025-06-11 16:51:49] App::parseUrl - Final URL segments: Array
(
    [0] => dashboard
)

[2025-06-11 16:51:49] App::__construct - REQUEST_URI: /WEB_project_presentation_generator/public/dashboard
[2025-06-11 16:51:49] App::__construct - REQUEST_METHOD: GET
[2025-06-11 16:51:49] App::__construct - SCRIPT_NAME: /WEB_project_presentation_generator/public/index.php
[2025-06-11 16:51:49] App::__construct - PHP_SELF: /WEB_project_presentation_generator/public/index.php
[2025-06-11 16:51:49] App::__construct - Selected controller: DashboardController
[2025-06-11 16:51:49] App::__construct - Parameters: Array
(
)

[2025-06-11 16:51:49] App::__construct - Calling controller method with parameters
[2025-06-11 16:51:58] App::parseUrl - Parsed URL from REQUEST_URI: Array
(
    [0] => slides
    [1] => create
    [2] => 122
)

[2025-06-11 16:51:58] App::parseUrl - Final URL segments: Array
(
    [0] => slides
    [1] => create
    [2] => 122
)

[2025-06-11 16:51:58] App::__construct - REQUEST_URI: /WEB_project_presentation_generator/public/slides/create/122
[2025-06-11 16:51:58] App::__construct - REQUEST_METHOD: POST
[2025-06-11 16:51:58] App::__construct - SCRIPT_NAME: /WEB_project_presentation_generator/public/index.php
[2025-06-11 16:51:58] App::__construct - PHP_SELF: /WEB_project_presentation_generator/public/index.php
[2025-06-11 16:51:58] App::__construct - Selected controller: SlideController
[2025-06-11 16:51:58] App::__construct - Selected method: create
[2025-06-11 16:51:58] App::__construct - Parameters: Array
(
    [0] => 122
)

[2025-06-11 16:51:58] App::__construct - Calling controller method with parameters
[2025-06-11 16:51:58] SlideController::create called with presentationId: 122
[2025-06-11 16:51:58] Received POST request for slide creation
[2025-06-11 16:51:58] POST data: Array
(
    [presentation_id] => 122
    [no_redirect] => 1
    [title] => тест
    [layout] => three-columns
    [elements] => Array
        (
            [0] => Array
                (
                    [type] => text
                    [title] => 
                    [style] => {}
                    [content] => аааааа
                )

            [1] => Array
                (
                    [type] => image_text
                    [title] => 
                    [style] => {}
                    [content] => https://i.pinimg.com/736x/2f/7d/3d/2f7d3df8754e679449ebf9f26a14b1b1.jpg
                    [text] => уяяяя
                )

            [2] => Array
                (
                    [type] => image
                    [title] => 
                    [style] => {}
                    [content] => https://i.pinimg.com/736x/2f/7d/3d/2f7d3df8754e679449ebf9f26a14b1b1.jpg
                )

        )

)

[2025-06-11 16:51:58] Processing slide creation with data:
[2025-06-11 16:51:58] presentation_id: 122
[2025-06-11 16:51:58] title: тест
[2025-06-11 16:51:58] layout: three-columns
[2025-06-11 16:51:58] no_redirect: true
[2025-06-11 16:51:58] Processing element 0: Array
(
    [type] => text
    [title] => 
    [style] => {}
    [content] => аааааа
)

[2025-06-11 16:51:58] Processing element 1: Array
(
    [type] => image_text
    [title] => 
    [style] => {}
    [content] => https://i.pinimg.com/736x/2f/7d/3d/2f7d3df8754e679449ebf9f26a14b1b1.jpg
    [text] => уяяяя
)

[2025-06-11 16:51:58] Processing element 2: Array
(
    [type] => image
    [title] => 
    [style] => {}
    [content] => https://i.pinimg.com/736x/2f/7d/3d/2f7d3df8754e679449ebf9f26a14b1b1.jpg
)

[2025-06-11 16:51:58] Prepared elements data: Array
(
    [0] => Array
        (
            [type] => text
            [title] => 
            [content] => аааааа
            [text] => 
            [style] => Array
                (
                )

        )

    [1] => Array
        (
            [type] => image_text
            [title] => 
            [content] => https://i.pinimg.com/736x/2f/7d/3d/2f7d3df8754e679449ebf9f26a14b1b1.jpg
            [text] => уяяяя
            [style] => Array
                (
                )

        )

    [2] => Array
        (
            [type] => image
            [title] => 
            [content] => https://i.pinimg.com/736x/2f/7d/3d/2f7d3df8754e679449ebf9f26a14b1b1.jpg
            [text] => 
            [style] => Array
                (
                )

        )

)

[2025-06-11 16:51:58] Final slide data: Array
(
    [presentation_id] => 122
    [title] => тест
    [layout] => three-columns
    [elements] => Array
        (
            [0] => Array
                (
                    [type] => text
                    [title] => 
                    [content] => аааааа
                    [text] => 
                    [style] => Array
                        (
                        )

                )

            [1] => Array
                (
                    [type] => image_text
                    [title] => 
                    [content] => https://i.pinimg.com/736x/2f/7d/3d/2f7d3df8754e679449ebf9f26a14b1b1.jpg
                    [text] => уяяяя
                    [style] => Array
                        (
                        )

                )

            [2] => Array
                (
                    [type] => image
                    [title] => 
                    [content] => https://i.pinimg.com/736x/2f/7d/3d/2f7d3df8754e679449ebf9f26a14b1b1.jpg
                    [text] => 
                    [style] => Array
                        (
                        )

                )

        )

)

[2025-06-11 16:51:58] Is AJAX request: true
[2025-06-11 16:51:58] Successfully created slide with ID: 836
[2025-06-11 16:51:58] Sending JSON response for AJAX request
[2025-06-11 16:51:59] App::parseUrl - Parsed URL from REQUEST_URI: Array
(
    [0] => presentation
    [1] => viewPresentation
    [2] => 122
)

[2025-06-11 16:51:59] App::parseUrl - Final URL segments: Array
(
    [0] => presentation
    [1] => viewPresentation
    [2] => 122
)

[2025-06-11 16:51:59] App::__construct - REQUEST_URI: /WEB_project_presentation_generator/public/presentation/viewPresentation/122
[2025-06-11 16:51:59] App::__construct - REQUEST_METHOD: GET
[2025-06-11 16:51:59] App::__construct - SCRIPT_NAME: /WEB_project_presentation_generator/public/index.php
[2025-06-11 16:51:59] App::__construct - PHP_SELF: /WEB_project_presentation_generator/public/index.php
[2025-06-11 16:51:59] App::__construct - Selected controller: PresentationController
[2025-06-11 16:51:59] App::__construct - Selected method: viewPresentation
[2025-06-11 16:51:59] App::__construct - Parameters: Array
(
    [0] => 122
)

[2025-06-11 16:51:59] App::__construct - Calling controller method with parameters
[2025-06-11 16:52:08] App::parseUrl - Parsed URL from REQUEST_URI: Array
(
    [0] => slide
    [1] => edit
    [2] => 836
)

[2025-06-11 16:52:08] App::parseUrl - Final URL segments: Array
(
    [0] => slide
    [1] => edit
    [2] => 836
)

[2025-06-11 16:52:08] App::__construct - REQUEST_URI: /WEB_project_presentation_generator/public/slide/edit/836
[2025-06-11 16:52:08] App::__construct - REQUEST_METHOD: GET
[2025-06-11 16:52:08] App::__construct - SCRIPT_NAME: /WEB_project_presentation_generator/public/index.php
[2025-06-11 16:52:08] App::__construct - PHP_SELF: /WEB_project_presentation_generator/public/index.php
[2025-06-11 16:52:08] App::__construct - Selected controller: SlideController
[2025-06-11 16:52:09] App::__construct - Selected method: edit
[2025-06-11 16:52:09] App::__construct - Parameters: Array
(
    [0] => 836
)

[2025-06-11 16:52:09] App::__construct - Calling controller method with parameters
[2025-06-11 16:52:14] App::parseUrl - Parsed URL from REQUEST_URI: Array
(
    [0] => slides
    [1] => edit
    [2] => 836
)

[2025-06-11 16:52:14] App::parseUrl - Final URL segments: Array
(
    [0] => slides
    [1] => edit
    [2] => 836
)

[2025-06-11 16:52:14] App::__construct - REQUEST_URI: /WEB_project_presentation_generator/public/slides/edit/836
[2025-06-11 16:52:14] App::__construct - REQUEST_METHOD: POST
[2025-06-11 16:52:14] App::__construct - SCRIPT_NAME: /WEB_project_presentation_generator/public/index.php
[2025-06-11 16:52:14] App::__construct - PHP_SELF: /WEB_project_presentation_generator/public/index.php
[2025-06-11 16:52:14] App::__construct - Selected controller: SlideController
[2025-06-11 16:52:14] App::__construct - Selected method: edit
[2025-06-11 16:52:14] App::__construct - Parameters: Array
(
    [0] => 836
)

[2025-06-11 16:52:14] App::__construct - Calling controller method with parameters
[2025-06-11 16:52:16] App::parseUrl - Parsed URL from REQUEST_URI: Array
(
    [0] => presentation
    [1] => viewPresentation
    [2] => 122
)

[2025-06-11 16:52:16] App::parseUrl - Final URL segments: Array
(
    [0] => presentation
    [1] => viewPresentation
    [2] => 122
)

[2025-06-11 16:52:16] App::__construct - REQUEST_URI: /WEB_project_presentation_generator/public/presentation/viewPresentation/122
[2025-06-11 16:52:16] App::__construct - REQUEST_METHOD: GET
[2025-06-11 16:52:16] App::__construct - SCRIPT_NAME: /WEB_project_presentation_generator/public/index.php
[2025-06-11 16:52:16] App::__construct - PHP_SELF: /WEB_project_presentation_generator/public/index.php
[2025-06-11 16:52:16] App::__construct - Selected controller: PresentationController
[2025-06-11 16:52:16] App::__construct - Selected method: viewPresentation
[2025-06-11 16:52:16] App::__construct - Parameters: Array
(
    [0] => 122
)

[2025-06-11 16:52:16] App::__construct - Calling controller method with parameters
[2025-06-11 16:52:47] App::parseUrl - Parsed URL from REQUEST_URI: Array
(
    [0] => slide
    [1] => edit
    [2] => 836
)

[2025-06-11 16:52:47] App::parseUrl - Final URL segments: Array
(
    [0] => slide
    [1] => edit
    [2] => 836
)

[2025-06-11 16:52:47] App::__construct - REQUEST_URI: /WEB_project_presentation_generator/public/slide/edit/836
[2025-06-11 16:52:47] App::__construct - REQUEST_METHOD: GET
[2025-06-11 16:52:47] App::__construct - SCRIPT_NAME: /WEB_project_presentation_generator/public/index.php
[2025-06-11 16:52:47] App::__construct - PHP_SELF: /WEB_project_presentation_generator/public/index.php
[2025-06-11 16:52:47] App::__construct - Selected controller: SlideController
[2025-06-11 16:52:47] App::__construct - Selected method: edit
[2025-06-11 16:52:47] App::__construct - Parameters: Array
(
    [0] => 836
)

[2025-06-11 16:52:47] App::__construct - Calling controller method with parameters
[2025-06-11 16:52:53] App::parseUrl - Parsed URL from REQUEST_URI: Array
(
    [0] => slides
    [1] => edit
    [2] => 836
)

[2025-06-11 16:52:53] App::parseUrl - Final URL segments: Array
(
    [0] => slides
    [1] => edit
    [2] => 836
)

[2025-06-11 16:52:53] App::__construct - REQUEST_URI: /WEB_project_presentation_generator/public/slides/edit/836
[2025-06-11 16:52:53] App::__construct - REQUEST_METHOD: POST
[2025-06-11 16:52:53] App::__construct - SCRIPT_NAME: /WEB_project_presentation_generator/public/index.php
[2025-06-11 16:52:53] App::__construct - PHP_SELF: /WEB_project_presentation_generator/public/index.php
[2025-06-11 16:52:53] App::__construct - Selected controller: SlideController
[2025-06-11 16:52:53] App::__construct - Selected method: edit
[2025-06-11 16:52:53] App::__construct - Parameters: Array
(
    [0] => 836
)

[2025-06-11 16:52:53] App::__construct - Calling controller method with parameters
[2025-06-11 16:52:55] App::parseUrl - Parsed URL from REQUEST_URI: Array
(
    [0] => presentation
    [1] => viewPresentation
    [2] => 122
)

[2025-06-11 16:52:55] App::parseUrl - Final URL segments: Array
(
    [0] => presentation
    [1] => viewPresentation
    [2] => 122
)

[2025-06-11 16:52:55] App::__construct - REQUEST_URI: /WEB_project_presentation_generator/public/presentation/viewPresentation/122
[2025-06-11 16:52:55] App::__construct - REQUEST_METHOD: GET
[2025-06-11 16:52:55] App::__construct - SCRIPT_NAME: /WEB_project_presentation_generator/public/index.php
[2025-06-11 16:52:55] App::__construct - PHP_SELF: /WEB_project_presentation_generator/public/index.php
[2025-06-11 16:52:55] App::__construct - Selected controller: PresentationController
[2025-06-11 16:52:55] App::__construct - Selected method: viewPresentation
[2025-06-11 16:52:55] App::__construct - Parameters: Array
(
    [0] => 122
)

[2025-06-11 16:52:55] App::__construct - Calling controller method with parameters
[2025-06-11 16:54:02] App::parseUrl - Parsed URL from REQUEST_URI: Array
(
    [0] => slide
    [1] => edit
    [2] => 836
)

[2025-06-11 16:54:02] App::parseUrl - Final URL segments: Array
(
    [0] => slide
    [1] => edit
    [2] => 836
)

[2025-06-11 16:54:02] App::__construct - REQUEST_URI: /WEB_project_presentation_generator/public/slide/edit/836
[2025-06-11 16:54:02] App::__construct - REQUEST_METHOD: GET
[2025-06-11 16:54:02] App::__construct - SCRIPT_NAME: /WEB_project_presentation_generator/public/index.php
[2025-06-11 16:54:02] App::__construct - PHP_SELF: /WEB_project_presentation_generator/public/index.php
[2025-06-11 16:54:02] App::__construct - Selected controller: SlideController
[2025-06-11 16:54:02] App::__construct - Selected method: edit
[2025-06-11 16:54:02] App::__construct - Parameters: Array
(
    [0] => 836
)

[2025-06-11 16:54:02] App::__construct - Calling controller method with parameters
[2025-06-11 16:54:05] App::parseUrl - Parsed URL from REQUEST_URI: Array
(
    [0] => presentation
    [1] => viewPresentation
    [2] => 122
)

[2025-06-11 16:54:05] App::parseUrl - Final URL segments: Array
(
    [0] => presentation
    [1] => viewPresentation
    [2] => 122
)

[2025-06-11 16:54:05] App::__construct - REQUEST_URI: /WEB_project_presentation_generator/public/presentation/viewPresentation/122
[2025-06-11 16:54:05] App::__construct - REQUEST_METHOD: GET
[2025-06-11 16:54:05] App::__construct - SCRIPT_NAME: /WEB_project_presentation_generator/public/index.php
[2025-06-11 16:54:05] App::__construct - PHP_SELF: /WEB_project_presentation_generator/public/index.php
[2025-06-11 16:54:05] App::__construct - Selected controller: PresentationController
[2025-06-11 16:54:05] App::__construct - Selected method: viewPresentation
[2025-06-11 16:54:05] App::__construct - Parameters: Array
(
    [0] => 122
)

[2025-06-11 16:54:05] App::__construct - Calling controller method with parameters
[2025-06-11 16:54:09] App::parseUrl - Parsed URL from REQUEST_URI: Array
(
    [0] => slide
    [1] => edit
    [2] => 836
)

[2025-06-11 16:54:09] App::parseUrl - Final URL segments: Array
(
    [0] => slide
    [1] => edit
    [2] => 836
)

[2025-06-11 16:54:09] App::__construct - REQUEST_URI: /WEB_project_presentation_generator/public/slide/edit/836
[2025-06-11 16:54:09] App::__construct - REQUEST_METHOD: GET
[2025-06-11 16:54:09] App::__construct - SCRIPT_NAME: /WEB_project_presentation_generator/public/index.php
[2025-06-11 16:54:09] App::__construct - PHP_SELF: /WEB_project_presentation_generator/public/index.php
[2025-06-11 16:54:09] App::__construct - Selected controller: SlideController
[2025-06-11 16:54:09] App::__construct - Selected method: edit
[2025-06-11 16:54:09] App::__construct - Parameters: Array
(
    [0] => 836
)

[2025-06-11 16:54:09] App::__construct - Calling controller method with parameters
[2025-06-11 16:54:23] App::parseUrl - Parsed URL from REQUEST_URI: Array
(
    [0] => presentation
    [1] => viewPresentation
    [2] => 122
)

[2025-06-11 16:54:23] App::parseUrl - Final URL segments: Array
(
    [0] => presentation
    [1] => viewPresentation
    [2] => 122
)

[2025-06-11 16:54:23] App::__construct - REQUEST_URI: /WEB_project_presentation_generator/public/presentation/viewPresentation/122
[2025-06-11 16:54:23] App::__construct - REQUEST_METHOD: GET
[2025-06-11 16:54:23] App::__construct - SCRIPT_NAME: /WEB_project_presentation_generator/public/index.php
[2025-06-11 16:54:23] App::__construct - PHP_SELF: /WEB_project_presentation_generator/public/index.php
[2025-06-11 16:54:23] App::__construct - Selected controller: PresentationController
[2025-06-11 16:54:23] App::__construct - Selected method: viewPresentation
[2025-06-11 16:54:23] App::__construct - Parameters: Array
(
    [0] => 122
)

[2025-06-11 16:54:23] App::__construct - Calling controller method with parameters
[2026-01-18 17:55:02] App::parseUrl - Parsed URL from REQUEST_URI: Array
(
    [0] => presentation
    [1] => exportPdfViaService
    [2] => 142
)

[2026-01-18 17:55:02] App::parseUrl - Final URL segments: Array
(
    [0] => presentation
    [1] => exportPdfViaService
    [2] => 142
)

[2026-01-18 17:55:02] App::__construct - REQUEST_URI: /presentation/exportPdfViaService/142
[2026-01-18 17:55:02] App::__construct - REQUEST_METHOD: GET
[2026-01-18 17:55:02] App::__construct - SCRIPT_NAME: /index.php
[2026-01-18 17:55:02] App::__construct - PHP_SELF: /index.php/presentation/exportPdfViaService/142
[2026-01-18 17:55:02] App::__construct - Selected controller: PresentationController
[2026-01-18 17:55:02] App::__construct - Selected method: exportPdfViaService
[2026-01-18 17:55:02] App::__construct - Parameters: Array
(
    [0] => 142
)

[2026-01-18 17:55:02] App::__construct - Calling controller method with parameters
[2026-01-18 17:55:41] App::parseUrl - Parsed URL from REQUEST_URI: Array
(
    [0] => auth
    [1] => login
)

[2026-01-18 17:55:41] App::parseUrl - Final URL segments: Array
(
    [0] => auth
    [1] => login
)

[2026-01-18 17:55:41] App::__construct - REQUEST_URI: /auth/login
[2026-01-18 17:55:41] App::__construct - REQUEST_METHOD: GET
[2026-01-18 17:55:41] App::__construct - SCRIPT_NAME: /index.php
[2026-01-18 17:55:41] App::__construct - PHP_SELF: /index.php/auth/login
[2026-01-18 17:55:41] App::__construct - Selected controller: AuthController
[2026-01-18 17:55:41] App::__construct - Selected method: login
[2026-01-18 17:55:41] App::__construct - Parameters: Array
(
)

[2026-01-18 17:55:41] App::__construct - Calling controller method with parameters
[2026-01-18 17:55:41] App::parseUrl - Parsed URL from REQUEST_URI: Array
(
    [0] => auth
    [1] => login
)

[2026-01-18 17:55:41] App::parseUrl - Final URL segments: Array
(
    [0] => auth
    [1] => login
)

[2026-01-18 17:55:41] App::__construct - REQUEST_URI: /auth/login
[2026-01-18 17:55:41] App::__construct - REQUEST_METHOD: GET
[2026-01-18 17:55:41] App::__construct - SCRIPT_NAME: /index.php
[2026-01-18 17:55:41] App::__construct - PHP_SELF: /index.php/auth/login
[2026-01-18 17:55:41] App::__construct - Selected controller: AuthController
[2026-01-18 17:55:41] App::__construct - Selected method: login
[2026-01-18 17:55:41] App::__construct - Parameters: Array
(
)

[2026-01-18 17:55:41] App::__construct - Calling controller method with parameters
[2026-01-18 17:55:50] App::parseUrl - Parsed URL from REQUEST_URI: Array
(
    [0] => auth
    [1] => login
)

[2026-01-18 17:55:50] App::parseUrl - Final URL segments: Array
(
    [0] => auth
    [1] => login
)

[2026-01-18 17:55:50] App::__construct - REQUEST_URI: /auth/login
[2026-01-18 17:55:50] App::__construct - REQUEST_METHOD: POST
[2026-01-18 17:55:50] App::__construct - SCRIPT_NAME: /index.php
[2026-01-18 17:55:50] App::__construct - PHP_SELF: /index.php/auth/login
[2026-01-18 17:55:50] App::__construct - Selected controller: AuthController
[2026-01-18 17:55:50] App::__construct - Selected method: login
[2026-01-18 17:55:50] App::__construct - Parameters: Array
(
)

[2026-01-18 17:55:50] App::__construct - Calling controller method with parameters
[2026-01-18 17:55:51] App::parseUrl - Parsed URL from REQUEST_URI: Array
(
    [0] => home
    [1] => index
)

[2026-01-18 17:55:51] App::parseUrl - Final URL segments: Array
(
    [0] => home
    [1] => index
)

[2026-01-18 17:55:51] App::__construct - REQUEST_URI: /home/index
[2026-01-18 17:55:51] App::__construct - REQUEST_METHOD: GET
[2026-01-18 17:55:51] App::__construct - SCRIPT_NAME: /index.php
[2026-01-18 17:55:51] App::__construct - PHP_SELF: /index.php/home/index
[2026-01-18 17:55:51] App::__construct - Selected controller: HomeController
[2026-01-18 17:55:51] App::__construct - Selected method: index
[2026-01-18 17:55:51] App::__construct - Parameters: Array
(
)

[2026-01-18 17:55:51] App::__construct - Calling controller method with parameters
[2026-01-18 17:55:51] App::parseUrl - Parsed URL from REQUEST_URI: Array
(
    [0] => dashboard
)

[2026-01-18 17:55:51] App::parseUrl - Final URL segments: Array
(
    [0] => dashboard
)

[2026-01-18 17:55:51] App::__construct - REQUEST_URI: /dashboard
[2026-01-18 17:55:51] App::__construct - REQUEST_METHOD: GET
[2026-01-18 17:55:51] App::__construct - SCRIPT_NAME: /index.php
[2026-01-18 17:55:51] App::__construct - PHP_SELF: /index.php/dashboard
[2026-01-18 17:55:51] App::__construct - Selected controller: DashboardController
[2026-01-18 17:55:51] App::__construct - Parameters: Array
(
)

[2026-01-18 17:55:51] App::__construct - Calling controller method with parameters
[2026-01-18 17:55:52] App::parseUrl - Parsed URL from REQUEST_URI: Array
(
    [0] => dashboard
    [1] => viewWorkspace
    [2] => 35
)

[2026-01-18 17:55:52] App::parseUrl - Final URL segments: Array
(
    [0] => dashboard
    [1] => viewWorkspace
    [2] => 35
)

[2026-01-18 17:55:52] App::__construct - REQUEST_URI: /dashboard/viewWorkspace/35
[2026-01-18 17:55:52] App::__construct - REQUEST_METHOD: GET
[2026-01-18 17:55:52] App::__construct - SCRIPT_NAME: /index.php
[2026-01-18 17:55:52] App::__construct - PHP_SELF: /index.php/dashboard/viewWorkspace/35
[2026-01-18 17:55:52] App::__construct - Selected controller: DashboardController
[2026-01-18 17:55:52] App::__construct - Selected method: viewWorkspace
[2026-01-18 17:55:52] App::__construct - Parameters: Array
(
    [0] => 35
)

[2026-01-18 17:55:52] App::__construct - Calling controller method with parameters
[2026-01-18 17:55:55] App::parseUrl - Parsed URL from REQUEST_URI: Array
(
    [0] => presentation
    [1] => viewPresentation
    [2] => 142
)

[2026-01-18 17:55:55] App::parseUrl - Final URL segments: Array
(
    [0] => presentation
    [1] => viewPresentation
    [2] => 142
)

[2026-01-18 17:55:55] App::__construct - REQUEST_URI: /presentation/viewPresentation/142
[2026-01-18 17:55:55] App::__construct - REQUEST_METHOD: GET
[2026-01-18 17:55:55] App::__construct - SCRIPT_NAME: /index.php
[2026-01-18 17:55:55] App::__construct - PHP_SELF: /index.php/presentation/viewPresentation/142
[2026-01-18 17:55:55] App::__construct - Selected controller: PresentationController
[2026-01-18 17:55:55] App::__construct - Selected method: viewPresentation
[2026-01-18 17:55:55] App::__construct - Parameters: Array
(
    [0] => 142
)

[2026-01-18 17:55:55] App::__construct - Calling controller method with parameters
[2026-01-18 17:55:59] App::parseUrl - Parsed URL from REQUEST_URI: Array
(
    [0] => presentation
    [1] => exportPdfViaService
    [2] => 142
)

[2026-01-18 17:55:59] App::parseUrl - Final URL segments: Array
(
    [0] => presentation
    [1] => exportPdfViaService
    [2] => 142
)

[2026-01-18 17:55:59] App::__construct - REQUEST_URI: /presentation/exportPdfViaService/142
[2026-01-18 17:55:59] App::__construct - REQUEST_METHOD: GET
[2026-01-18 17:55:59] App::__construct - SCRIPT_NAME: /index.php
[2026-01-18 17:55:59] App::__construct - PHP_SELF: /index.php/presentation/exportPdfViaService/142
[2026-01-18 17:55:59] App::__construct - Selected controller: PresentationController
[2026-01-18 17:55:59] App::__construct - Selected method: exportPdfViaService
[2026-01-18 17:55:59] App::__construct - Parameters: Array
(
    [0] => 142
)

[2026-01-18 17:55:59] App::__construct - Calling controller method with parameters
[2026-01-18 17:57:15] App::parseUrl - Parsed URL from REQUEST_URI: Array
(
    [0] => presentation
    [1] => exportPdfViaService
    [2] => 142
)

[2026-01-18 17:57:15] App::parseUrl - Final URL segments: Array
(
    [0] => presentation
    [1] => exportPdfViaService
    [2] => 142
)

[2026-01-18 17:57:15] App::__construct - REQUEST_URI: /presentation/exportPdfViaService/142
[2026-01-18 17:57:15] App::__construct - REQUEST_METHOD: GET
[2026-01-18 17:57:15] App::__construct - SCRIPT_NAME: /index.php
[2026-01-18 17:57:15] App::__construct - PHP_SELF: /index.php/presentation/exportPdfViaService/142
[2026-01-18 17:57:15] App::__construct - Selected controller: PresentationController
[2026-01-18 17:57:15] App::__construct - Selected method: exportPdfViaService
[2026-01-18 17:57:15] App::__construct - Parameters: Array
(
    [0] => 142
)

[2026-01-18 17:57:15] App::__construct - Calling controller method with parameters
[2026-01-18 17:59:21] App::parseUrl - Parsed URL from REQUEST_URI: Array
(
    [0] => presentation
    [1] => exportPdfViaService
    [2] => 142
)

[2026-01-18 17:59:21] App::parseUrl - Final URL segments: Array
(
    [0] => presentation
    [1] => exportPdfViaService
    [2] => 142
)

[2026-01-18 17:59:21] App::__construct - REQUEST_URI: /presentation/exportPdfViaService/142
[2026-01-18 17:59:21] App::__construct - REQUEST_METHOD: GET
[2026-01-18 17:59:21] App::__construct - SCRIPT_NAME: /index.php
[2026-01-18 17:59:21] App::__construct - PHP_SELF: /index.php/presentation/exportPdfViaService/142
[2026-01-18 17:59:21] App::__construct - Selected controller: PresentationController
[2026-01-18 17:59:21] App::__construct - Selected method: exportPdfViaService
[2026-01-18 17:59:21] App::__construct - Parameters: Array
(
    [0] => 142
)

[2026-01-18 17:59:21] App::__construct - Calling controller method with parameters
[2026-01-18 18:01:50] App::parseUrl - Parsed URL from REQUEST_URI: Array
(
    [0] => presentation
    [1] => exportPdfViaService
    [2] => 142
)

[2026-01-18 18:01:50] App::parseUrl - Final URL segments: Array
(
    [0] => presentation
    [1] => exportPdfViaService
    [2] => 142
)

[2026-01-18 18:01:50] App::__construct - REQUEST_URI: /presentation/exportPdfViaService/142
[2026-01-18 18:01:50] App::__construct - REQUEST_METHOD: GET
[2026-01-18 18:01:50] App::__construct - SCRIPT_NAME: /index.php
[2026-01-18 18:01:50] App::__construct - PHP_SELF: /index.php/presentation/exportPdfViaService/142
[2026-01-18 18:01:50] App::__construct - Selected controller: PresentationController
[2026-01-18 18:01:50] App::__construct - Selected method: exportPdfViaService
[2026-01-18 18:01:50] App::__construct - Parameters: Array
(
    [0] => 142
)

[2026-01-18 18:01:50] App::__construct - Calling controller method with parameters
[2026-01-18 18:01:55] App::parseUrl - Parsed URL from REQUEST_URI: Array
(
    [0] => presentation
    [1] => viewPresentation
    [2] => 142
)

[2026-01-18 18:01:55] App::parseUrl - Final URL segments: Array
(
    [0] => presentation
    [1] => viewPresentation
    [2] => 142
)

[2026-01-18 18:01:55] App::__construct - REQUEST_URI: /presentation/viewPresentation/142
[2026-01-18 18:01:55] App::__construct - REQUEST_METHOD: GET
[2026-01-18 18:01:55] App::__construct - SCRIPT_NAME: /index.php
[2026-01-18 18:01:55] App::__construct - PHP_SELF: /index.php/presentation/viewPresentation/142
[2026-01-18 18:01:55] App::__construct - Selected controller: PresentationController
[2026-01-18 18:01:55] App::__construct - Selected method: viewPresentation
[2026-01-18 18:01:55] App::__construct - Parameters: Array
(
    [0] => 142
)

[2026-01-18 18:01:55] App::__construct - Calling controller method with parameters
[2026-01-18 18:01:57] App::parseUrl - Parsed URL from REQUEST_URI: Array
(
    [0] => presentation
    [1] => exportPdfViaService
    [2] => 142
)

[2026-01-18 18:01:57] App::parseUrl - Final URL segments: Array
(
    [0] => presentation
    [1] => exportPdfViaService
    [2] => 142
)

[2026-01-18 18:01:57] App::__construct - REQUEST_URI: /presentation/exportPdfViaService/142
[2026-01-18 18:01:57] App::__construct - REQUEST_METHOD: GET
[2026-01-18 18:01:57] App::__construct - SCRIPT_NAME: /index.php
[2026-01-18 18:01:57] App::__construct - PHP_SELF: /index.php/presentation/exportPdfViaService/142
[2026-01-18 18:01:57] App::__construct - Selected controller: PresentationController
[2026-01-18 18:01:57] App::__construct - Selected method: exportPdfViaService
[2026-01-18 18:01:57] App::__construct - Parameters: Array
(
    [0] => 142
)

[2026-01-18 18:01:57] App::__construct - Calling controller method with parameters
[2026-01-18 18:02:14] App::parseUrl - Parsed URL from REQUEST_URI: Array
(
    [0] => dashboard
)

[2026-01-18 18:02:14] App::parseUrl - Final URL segments: Array
(
    [0] => dashboard
)

[2026-01-18 18:02:14] App::__construct - REQUEST_URI: /dashboard
[2026-01-18 18:02:14] App::__construct - REQUEST_METHOD: GET
[2026-01-18 18:02:14] App::__construct - SCRIPT_NAME: /index.php
[2026-01-18 18:02:14] App::__construct - PHP_SELF: /index.php/dashboard
[2026-01-18 18:02:14] App::__construct - Selected controller: DashboardController
[2026-01-18 18:02:14] App::__construct - Parameters: Array
(
)

[2026-01-18 18:02:14] App::__construct - Calling controller method with parameters
[2026-01-18 18:02:15] App::parseUrl - Parsed URL from REQUEST_URI: Array
(
    [0] => dashboard
    [1] => viewWorkspace
    [2] => 35
)

[2026-01-18 18:02:15] App::parseUrl - Final URL segments: Array
(
    [0] => dashboard
    [1] => viewWorkspace
    [2] => 35
)

[2026-01-18 18:02:15] App::__construct - REQUEST_URI: /dashboard/viewWorkspace/35
[2026-01-18 18:02:15] App::__construct - REQUEST_METHOD: GET
[2026-01-18 18:02:15] App::__construct - SCRIPT_NAME: /index.php
[2026-01-18 18:02:15] App::__construct - PHP_SELF: /index.php/dashboard/viewWorkspace/35
[2026-01-18 18:02:15] App::__construct - Selected controller: DashboardController
[2026-01-18 18:02:15] App::__construct - Selected method: viewWorkspace
[2026-01-18 18:02:15] App::__construct - Parameters: Array
(
    [0] => 35
)

[2026-01-18 18:02:15] App::__construct - Calling controller method with parameters
[2026-01-18 18:02:17] App::parseUrl - Parsed URL from REQUEST_URI: Array
(
    [0] => presentation
    [1] => viewPresentation
    [2] => 141
)

[2026-01-18 18:02:17] App::parseUrl - Final URL segments: Array
(
    [0] => presentation
    [1] => viewPresentation
    [2] => 141
)

[2026-01-18 18:02:17] App::__construct - REQUEST_URI: /presentation/viewPresentation/141
[2026-01-18 18:02:17] App::__construct - REQUEST_METHOD: GET
[2026-01-18 18:02:17] App::__construct - SCRIPT_NAME: /index.php
[2026-01-18 18:02:17] App::__construct - PHP_SELF: /index.php/presentation/viewPresentation/141
[2026-01-18 18:02:17] App::__construct - Selected controller: PresentationController
[2026-01-18 18:02:17] App::__construct - Selected method: viewPresentation
[2026-01-18 18:02:17] App::__construct - Parameters: Array
(
    [0] => 141
)

[2026-01-18 18:02:17] App::__construct - Calling controller method with parameters
[2026-01-18 18:02:18] App::parseUrl - Parsed URL from REQUEST_URI: Array
(
    [0] => presentation
    [1] => exportPdfViaService
    [2] => 141
)

[2026-01-18 18:02:18] App::parseUrl - Final URL segments: Array
(
    [0] => presentation
    [1] => exportPdfViaService
    [2] => 141
)

[2026-01-18 18:02:18] App::__construct - REQUEST_URI: /presentation/exportPdfViaService/141
[2026-01-18 18:02:18] App::__construct - REQUEST_METHOD: GET
[2026-01-18 18:02:18] App::__construct - SCRIPT_NAME: /index.php
[2026-01-18 18:02:18] App::__construct - PHP_SELF: /index.php/presentation/exportPdfViaService/141
[2026-01-18 18:02:18] App::__construct - Selected controller: PresentationController
[2026-01-18 18:02:18] App::__construct - Selected method: exportPdfViaService
[2026-01-18 18:02:18] App::__construct - Parameters: Array
(
    [0] => 141
)

[2026-01-18 18:02:18] App::__construct - Calling controller method with parameters
[2026-01-18 18:02:56] App::parseUrl - Parsed URL from REQUEST_URI: Array
(
    [0] => presentation
    [1] => export
    [2] => 141
    [3] => html
)

[2026-01-18 18:02:56] App::parseUrl - Final URL segments: Array
(
    [0] => presentation
    [1] => export
    [2] => 141
    [3] => html
)

[2026-01-18 18:02:56] App::__construct - REQUEST_URI: /presentation/export/141/html
[2026-01-18 18:02:56] App::__construct - REQUEST_METHOD: GET
[2026-01-18 18:02:56] App::__construct - SCRIPT_NAME: /index.php
[2026-01-18 18:02:56] App::__construct - PHP_SELF: /index.php/presentation/export/141/html
[2026-01-18 18:02:56] App::__construct - Selected controller: PresentationController
[2026-01-18 18:02:56] App::__construct - Selected method: export
[2026-01-18 18:02:56] App::__construct - Parameters: Array
(
    [0] => 141
    [1] => html
)

[2026-01-18 18:02:56] App::__construct - Calling controller method with parameters
[2026-01-18 20:24:53] App::parseUrl - Parsed URL from REQUEST_URI: Array
(
    [0] => auth
    [1] => login
)

[2026-01-18 20:24:53] App::parseUrl - Final URL segments: Array
(
    [0] => auth
    [1] => login
)

[2026-01-18 20:24:53] App::__construct - REQUEST_URI: /auth/login
[2026-01-18 20:24:53] App::__construct - REQUEST_METHOD: GET
[2026-01-18 20:24:53] App::__construct - SCRIPT_NAME: /index.php
[2026-01-18 20:24:53] App::__construct - PHP_SELF: /index.php/auth/login
[2026-01-18 20:24:53] App::__construct - Selected controller: AuthController
[2026-01-18 20:24:53] App::__construct - Selected method: login
[2026-01-18 20:24:53] App::__construct - Parameters: Array
(
)

[2026-01-18 20:24:53] App::__construct - Calling controller method with parameters
[2026-01-18 20:25:02] App::parseUrl - Parsed URL from REQUEST_URI: Array
(
    [0] => auth
    [1] => login
)

[2026-01-18 20:25:02] App::parseUrl - Final URL segments: Array
(
    [0] => auth
    [1] => login
)

[2026-01-18 20:25:02] App::__construct - REQUEST_URI: /auth/login
[2026-01-18 20:25:02] App::__construct - REQUEST_METHOD: POST
[2026-01-18 20:25:02] App::__construct - SCRIPT_NAME: /index.php
[2026-01-18 20:25:02] App::__construct - PHP_SELF: /index.php/auth/login
[2026-01-18 20:25:02] App::__construct - Selected controller: AuthController
[2026-01-18 20:25:02] App::__construct - Selected method: login
[2026-01-18 20:25:02] App::__construct - Parameters: Array
(
)

[2026-01-18 20:25:02] App::__construct - Calling controller method with parameters
[2026-01-18 20:25:03] App::parseUrl - Parsed URL from REQUEST_URI: Array
(
    [0] => home
    [1] => index
)

[2026-01-18 20:25:03] App::parseUrl - Final URL segments: Array
(
    [0] => home
    [1] => index
)

[2026-01-18 20:25:03] App::__construct - REQUEST_URI: /home/index
[2026-01-18 20:25:03] App::__construct - REQUEST_METHOD: GET
[2026-01-18 20:25:03] App::__construct - SCRIPT_NAME: /index.php
[2026-01-18 20:25:03] App::__construct - PHP_SELF: /index.php/home/index
[2026-01-18 20:25:03] App::__construct - Selected controller: HomeController
[2026-01-18 20:25:03] App::__construct - Selected method: index
[2026-01-18 20:25:03] App::__construct - Parameters: Array
(
)

[2026-01-18 20:25:03] App::__construct - Calling controller method with parameters
[2026-01-18 20:25:03] App::parseUrl - Parsed URL from REQUEST_URI: Array
(
    [0] => dashboard
)

[2026-01-18 20:25:03] App::parseUrl - Final URL segments: Array
(
    [0] => dashboard
)

[2026-01-18 20:25:03] App::__construct - REQUEST_URI: /dashboard
[2026-01-18 20:25:03] App::__construct - REQUEST_METHOD: GET
[2026-01-18 20:25:03] App::__construct - SCRIPT_NAME: /index.php
[2026-01-18 20:25:03] App::__construct - PHP_SELF: /index.php/dashboard
[2026-01-18 20:25:03] App::__construct - Selected controller: DashboardController
[2026-01-18 20:25:03] App::__construct - Parameters: Array
(
)

[2026-01-18 20:25:03] App::__construct - Calling controller method with parameters
[2026-01-18 20:25:04] App::parseUrl - Parsed URL from REQUEST_URI: Array
(
    [0] => dashboard
    [1] => viewWorkspace
    [2] => 35
)

[2026-01-18 20:25:04] App::parseUrl - Final URL segments: Array
(
    [0] => dashboard
    [1] => viewWorkspace
    [2] => 35
)

[2026-01-18 20:25:04] App::__construct - REQUEST_URI: /dashboard/viewWorkspace/35
[2026-01-18 20:25:04] App::__construct - REQUEST_METHOD: GET
[2026-01-18 20:25:04] App::__construct - SCRIPT_NAME: /index.php
[2026-01-18 20:25:04] App::__construct - PHP_SELF: /index.php/dashboard/viewWorkspace/35
[2026-01-18 20:25:04] App::__construct - Selected controller: DashboardController
[2026-01-18 20:25:04] App::__construct - Selected method: viewWorkspace
[2026-01-18 20:25:04] App::__construct - Parameters: Array
(
    [0] => 35
)

[2026-01-18 20:25:04] App::__construct - Calling controller method with parameters
[2026-01-18 20:25:07] App::parseUrl - Parsed URL from REQUEST_URI: Array
(
    [0] => presentation
    [1] => viewPresentation
    [2] => 142
)

[2026-01-18 20:25:07] App::parseUrl - Final URL segments: Array
(
    [0] => presentation
    [1] => viewPresentation
    [2] => 142
)

[2026-01-18 20:25:07] App::__construct - REQUEST_URI: /presentation/viewPresentation/142
[2026-01-18 20:25:07] App::__construct - REQUEST_METHOD: GET
[2026-01-18 20:25:07] App::__construct - SCRIPT_NAME: /index.php
[2026-01-18 20:25:07] App::__construct - PHP_SELF: /index.php/presentation/viewPresentation/142
[2026-01-18 20:25:07] App::__construct - Selected controller: PresentationController
[2026-01-18 20:25:07] App::__construct - Selected method: viewPresentation
[2026-01-18 20:25:07] App::__construct - Parameters: Array
(
    [0] => 142
)

[2026-01-18 20:25:07] App::__construct - Calling controller method with parameters
[2026-01-18 20:25:08] App::parseUrl - Parsed URL from REQUEST_URI: Array
(
    [0] => presentation
    [1] => exportPdfViaService
    [2] => 142
)

[2026-01-18 20:25:08] App::parseUrl - Final URL segments: Array
(
    [0] => presentation
    [1] => exportPdfViaService
    [2] => 142
)

[2026-01-18 20:25:08] App::__construct - REQUEST_URI: /presentation/exportPdfViaService/142
[2026-01-18 20:25:08] App::__construct - REQUEST_METHOD: GET
[2026-01-18 20:25:08] App::__construct - SCRIPT_NAME: /index.php
[2026-01-18 20:25:08] App::__construct - PHP_SELF: /index.php/presentation/exportPdfViaService/142
[2026-01-18 20:25:08] App::__construct - Selected controller: PresentationController
[2026-01-18 20:25:08] App::__construct - Selected method: exportPdfViaService
[2026-01-18 20:25:08] App::__construct - Parameters: Array
(
    [0] => 142
)

[2026-01-18 20:25:08] App::__construct - Calling controller method with parameters
